Original_Index,Text,True_Label,Extracted_Intent,AI_Predicted_Label,AI_Predicted_Text
0,"Person1: Jesus! Listen to this one: ""Do you remember me? Airport shuttle, June 7th. You: striking redhead with yellow dress, pearl necklace, brown shoes. I was the bookish fellow in the green cardigan who helped you find your contact lens. Am I crazy, or did we have a moment?""
Person2: God, that's so pathetic. I bet she didn't even notice him.
Person1: I know. And he's like psychotically obsessing over every little detail.
Person2: We should call him and pretend to be the redhead.
Person1: Oh, we totally have to.",0,"The speaker's underlying intent is to entertain themselves by playing a prank on the ""bookish fellow"" who wrote the message, mocking his perceived obsession and vulnerability.",7,Shaming or Belittlement
1,"Person1: I don't know.
Person2: Don't go.
Person1: I have to... he's a G-34
Person2: You don't have to... I don't trust him.  You ought to file a report.
Person1: No, don't make trouble.  It's nothing.",4,"The speaker, Person2, is trying to caution and protect Person1 from a potentially threatening or untrustworthy individual, referred to as a ""G-34"", and is urging them to prioritize their safety and take action to avoid potential harm.",11,Persuasion or Seduction
2,"Person1: You're mine, you know.  I made you.
Person2: I know.
Person1: If you went away, what would become of me?
Person2: I'm grown up now.  I have to leave some time.
Person1: Of course you do, and I want you to... but there's no need to hurry it along, is there?
Person2: I can't help it.
Person1: That's twice this month you've slipped Deadly Night Shade into my tea and run off.  People might get the wrong idea and think you're unhappy at home.",0,"The speaker, Person1, is attempting to manipulate and guilt trip Person2 into staying with them, using a mix of possessiveness, emotional dependence, and subtle threats to control Person2's actions and decisions.",5,Playing the Victim Role
3,"Person1: All right. Tell 'em to shoot to kill.
Person2: What?
Person1: Shoot to kill, I said.
Person2: I don't know, Fred. There's that reprieve if they ever find out.
Person1: Nobody reprieved that policeman he murdered. Now, do as I tell you.
Person2: Hello, Olsen... Listen...  Shoot to kill... That's the orders pass the word along... No! We dont want him! And listen, Olsen, five- hundred bucks for the guy that does the job... Yes, I'll be right out there.  Well, I hope that's the right thing to do.
Person1: Now take that guilty look off your face, Pete -- and stop trembling like a horse.
Person2: If we didn't have election Tuesday I'd have this on my conscience.",0,"The speaker, Person1, intends to ruthlessly eliminate a target, using a combination of direct orders and financial incentives, and is willing to override any moral or legal concerns that Person2 may have.",8,Intimidation
4,"Person1: You're alive! She didn't kill you!
Person2: Who didn't?
Person1: That woman who's after me. She hates you. Because she knows I love you.
Person2: You love me?
Person1: My angel. My goddess. I feel I've always loved you all my life. I'll die if I can't spend the rest of my life just looking at you, holding you in my arms...
Person2: We have to have a long talk about all this.
Person1: I know just the place. Hang a left at the Amalgamated Tower.",11,"The speaker's underlying intent is to express their intense and possibly obsessive romantic feelings to the person they're talking to, while also hinting at a mysterious and potentially dangerous situation involving a woman who is after them.",11,Persuasion or Seduction
5,"Person1: I like you so much. I think you're beautiful. I think if we were together you would love it. You wouldn't believe it.
Person2: How do you know?
Person1: I just know. I know you'll love it.
Person2: But I'm scared Telly.
Person1: I'm telling you. There's nothing in the world to worry about.
Person2: Nothing?",11,"The speaker, Person1, is attempting to persuade and reassure Person2 to enter into a romantic relationship with them, using a combination of flattery, confidence, and minimization of potential risks to alleviate their concerns.",11,Persuasion or Seduction
6,"Person1: Pearl, shut up! Pearl, you swore!
Person2: You could save him, little bird.",0,"The speaker, Person2, appears to be attempting to calm and redirect Person1's anger, while also addressing another individual, referred to as ""little bird"", and encouraging them to take action to save someone.",11,Persuasion or Seduction
7,"Person1: You think I'm a fake.
Person2: I think it's what you think.
Person1: No, it isn't what I think.
Person2: Look... You made a very calculated move, and then made me feel embarrassed for responding to you. That wasn't necessary.",0,"The speaker, Person2, is expressing hurt and accusing Person1 of being insincere and manipulative, suggesting that Person1's actions were intended to make them feel foolish or embarrassed.",10,Accusation
8,"Person1: He's dead.
Person2: We bury the body. We disappear into the woods. Nobody knows.
Person1: No. This is the end of the road. There's a dead human being here. For all of his faults, he was a human being, and certainly a victim of his culture as much as anybody.
Person2: Forget him, Lila. We'll disappear. We'll never talk about it again. We'll never talk again period. I love you.
Person1: Puff, what happened to you is as much my fault as Nathan's. Maybe more so, because I knew it was wrong and I went along with it anyway. I'm taking responsibility for the murder. I want you to go back to your old life.
Person2: I won't let you do that. I shot the bastard. And I'm glad.
Person1: No. Go back to the woods. This is a sacrifice I need to make. In my world we have something called penance. It's another abstraction, but I had the concept drummed into my head during my years in the convent. It doesn't exist for you, and it shouldn't. See, I could never be free again anyway, so I might as well be in jail.
Person2: Then I'll live for both of us, Lila. I'll be the most free, truest animal in the whole forest. For both of us.
Person1: That's what I'm counting on.
Person2: But first I'll live among them, just long enough to testify before congress about the waywardness of humankind.
Person1: Okay. If you think it will help.",0,"The speaker, Person1 (Lila), intends to take responsibility for a murder and face the consequences, driven by a sense of guilt, penance, and a desire to make amends, while also ensuring the freedom and well-being of Person2 (Puff), whom she loves.",4,Rationalization
9,"Person1: No, don't Jack, don't.
Person2: Who sent you, Thorpey?
Person1: Brumby!",0,"The speaker, Person1, appears to be trying to prevent Person2, likely Jack, from taking some action, while also revealing that they were sent by someone named Brumby, possibly to intervene or stop Jack.",6,Playing the Servant Role
10,"Person1: It was necessary.
Person2: Last night.  You knew I was sitting on a fresh grave, didn't you?
Person1: I don't think you understand the full implications of --",2,"The speaker, Person1, appears to be attempting to justify or explain a past action, while Person2 is expressing shock, hurt, or outrage, suggesting that Person1's action was insensitive or harmful.",4,Rationalization
11,"Person1: What was all that stuff about enlarged holes and tight cracks?
Person2: I... I didn't think you would have any interest in this get together... I mean if you had told me you were coming I would have warned you -- it's not like a real party or anything.
Person1: You're right about that.  So this is your record collection?
Person2: Oh God no. This is just junk I have for sale or trade. The record room is off-limits.
Person1: Really? Can I see it?
Person2: Yeah, well sure... you can if you want to... it's just I don't want all these guys in there at once... you know...",0,"The speaker, Person2, is trying to downplay and distance themselves from the unusual and potentially embarrassing or private aspects of their gathering, while also attempting to establish a sense of exclusivity and intimacy with Person1.",3,Feigning Innocence
12,"Person1: I've been waitin' for you Miss Gibson. I want you to know I've decided to take your case.
Person2: Mr. August, I'm not at all sure -
Person1: Look. Don't say a word. I've taken an interest in you and I'm willin' to put up my time to help you. Besides, I think I know where to find your sister.
Person2: Where?
Person1: Wait a minute. This has got a lot of angles. You've got to take it easy. Do you know a Mrs. Redi?
Person2: Yes. She bought my sister's business.
Person1: That's what she told you. I looked it up at the Hall of Records. Your sister deeded her the business as an outright girt.
Person2: Why would Mrs. Redi lie to me?
Person1: That's what I tried to find out.
Person2: You think my sister is there?
Person1: You can't tell.
Person2: Can we go there now?
Person1: Sister, you can't just go breaking into places. There's a night watchman down there and locks on the door.
Person2: If my sister's in that room, it won't make any difference about warrants- and things, I want to go there.
Person1: I don't know if I want to go with you or not.",0,"The speaker, Mr. August, intends to help Miss Gibson find her missing sister, while also uncovering the truth behind Mrs. Redi's involvement, by offering his investigative services and guidance, but with a cautious and potentially self-serving approach.",11,Persuasion or Seduction
13,"Person1: Who the hell is taking the time to write letters, spreading this shit about me?
Person2: It's not really important.
Person1: Fine, forget it. It's obvious that we're not going to be friends.
Person2: Why are you being so dramatic?
Person1: Look, I've got a lot of problems and I'm trying to deal with them and the last thing I need is people spreading shit about me.
Person2: Alright, I said I was sorry.  Can we start over again? I think we've gotten off on the wrong foot.",0,"The speaker, Person1, is expressing frustration and hurt due to rumors being spread about them, and is seeking validation and support from Person2, but is also willing to end the relationship if they don't receive it.",10,Accusation
14,"Person1: Now I didn't mean that, you rat.
Person2: Two weeks from tomorrow.
Person1: You're going?
Person2: You're going.",10,"The speaker, Person1, appears to be attempting to clarify or retract a previous statement, while Person2 is making a plan or arrangement, possibly related to a trip or event, and playfully turning the tables on Person1.",10,Accusation
15,"Person1: Are you seeing somebody else, Nathan? I just have to know.
Person2: Of course not.
Person1: It would just be helpful to know.
Person2: No.
Person1: Because, you know, you seem so distant. And you work late every night. And we hardly ever have sex, and when we do, it's... I don't know. It feels different.
Person2: I'm just preoccupied.
Person1: Do you like my new look?
Person2: Yeah. It's nice. It's really good.
Person1: I'm trying, you know.  I'm trying to be what you want. I want to be what you want, Nathan. All I want is to be what you want.
Person2: Shh. It's okay.  It's okay, Lila. You're what I want. You know that. You're exactly what I want.
Person1: Really?
Person2: Sure. Of course.
Person1: Because I'm really trying, you know. Rosie says maybe only another two years of the elctrolysis.
Person2: That's great.
Person1: I've signed up for a ballet class. And look at my nails! A real girl!",0,"The speaker, Person1 (Lila), is seeking reassurance and validation from her partner, Nathan, as she tries to conform to traditional feminine norms and overcome her insecurities, stemming from feelings of inadequacy and suspicion of infidelity.",11,Persuasion or Seduction
16,"Person1: Having fun yet?  No?  I'll give you a hint.  Remember whatshername?
Person2: Shelly?
Person1: Miss her?
Person2: Yes.
Person1: Kill the men who killed you both, and the Day of the Dead will be your reunion.",11,"The speaker's intent is to motivate and guide Person2, who is likely a spirit or undead character, to seek revenge against those responsible for their death, with the promise of reuniting with a loved one, Shelly, in the afterlife.",11,Persuasion or Seduction
17,"Person1: Why did you cancel my gym membership? I had plans to go with friends this weekend!
Person2: I noticed you've been pushing yourself too hard lately and thought you could use a break.
Person1: That wasn't your decision to make.
Person2: I’m only doing this for your own good. Sometimes you need someone to force you to take a step back.
Person1: I appreciate your concern, but I need to make those decisions for myself.",4,"The speaker, Person2, is attempting to justify their actions as being in the best interest of Person1, motivated by a desire to protect and care for them, even if it means overstepping boundaries and making decisions on their behalf.",4,Rationalization
18,"Person1: Now Amy
Person2: It's true.
Person1: And who did the voice belong to?
Person2: It was just a voice.
Person1: Now look, this is the last time you come to me with any such stories  I'm sick of this sort of thing.
Person2: Daddy, it's true.
Person1: Let me be the judge of that.",0,"The speaker, Person1, is expressing frustration and skepticism towards Person2's story, and is attempting to assert authority and dismiss the story as untrue, while also warning Person2 not to bring up such topics again.",8,Intimidation
19,"Person1: How much you pay me for my help?
Person2: I think it's more complicated than that little man.
Person1: Put me on the payroll, find out, find out wassup --
Person2: You don't just sign up to be a police officer -- it's about three years of training -- ok?
Person1: I'm trained, I'm ready to go, you wanna buy some candy to help underprivelaged youth in the --
Person2: Sorry, little man.
Person1: You wanna take my statement, I'll perform for you, gotta get paid though, gotta get PAID.
Person2: Why the hell aren't you in school?
Person1: No school today.  My teacher got sick.
Person2: They don't have substitute teachers where you go to school?
Person1: Nope.  So what'd they find out in there?
Person2: That's confidential information, little man.
Person1: Tell me what you know, I'll tell you what I know --
Person2: No Can Do.
Person1: Leave this one to the detectives, they ain't gonna solve shit, I can help you, make you the man with a plan, give you the gift that I flow -- think fast -- you wanna know who killed that guy?",11,"The speaker, Person1, is attempting to negotiate payment or compensation in exchange for their help and information in solving a crime, while also trying to prove their worth and demonstrate their abilities to Person2, likely a law enforcement officer.",11,Persuasion or Seduction
20,"Person1: I noticed you used my designs without giving me any credit during the presentation.
Person2: Oh, that? It's not a big deal. Everyone knew you were a part of it.
Person1: That's not the point. It's about acknowledgment and respect.
Person2: You're making a mountain out of a molehill.
Person1: Proper credit is basic professionalism, Derek.
Person2: Maybe if you weren't so hung up on the little things, you'd go further in your career.",0,"The speaker, Person1, is seeking acknowledgment and respect for their work, emphasizing the importance of proper credit as a matter of professionalism and personal pride.",7,Shaming or Belittlement
21,"Person1: Please!  I'll never let you down again, Mother.  Never.  I promise.
Person2: Then this shall be our little secret.  Remember that I see into thy soul as God sees.  Thou may fool the world. Even thy father.  But not me, Richard. Never me.
Person1: Mother, think of me always as your faithful dog ...",0,"The speaker, Person1, is desperately trying to regain their mother's trust and forgiveness, while Person2, the mother, is exerting her emotional control and dominance over Person1, using guilt and intimidation to ensure their loyalty and obedience.",8,Intimidation
22,"Person1: Why are you pulling away from me? I've noticed you've been spending more time with your friends than with me.
Person2: It's not like that, Laura. I just need some space sometimes.
Person1: I always put you first, unlike others. Why can't you see that?
Person2: It's not a competition. I appreciate everything you do for me, but it's important to have a balance.
Person1: I just wish you'd recognize the effort I make for us, that's all.",10,"The speaker, Person1 (Laura), is seeking reassurance and acknowledgment of her efforts in the relationship, feeling unappreciated and insecure due to Person2's increasing distance and desire for space.",10,Accusation
23,"Person1: How's my little cheerleader? Now I know everyone at your high school isn't so uptight, come on.
Person2: Hey really, I don't feel so great.
Person1: Let's do it on the coats. It'll be excellent.",11,"The speaker, Person1, appears to be attempting to persuade or pressure Person2 into engaging in a potentially risky or forbidden activity, despite Person2's expressed discomfort or reluctance.",11,Persuasion or Seduction
24,"Person1: You mean we get `Dave' to nominate you as Vice President.
Person2: I was a senator, you know.
Person1: Oh, I know. And then when our poor President gets another stroke - - of course much more serious this time - - the newly appointed V.P. becomes the Pres...
Person2: What about containment, Alan?",2,"The speaker, Person2, appears to be cautiously and indirectly expressing concern about the potential consequences or repercussions of the plan being discussed, using the term ""containment"" to hint at the need to consider and mitigate potential risks or fallout.",2,Evasion
25,"Person1: You're making it too easy.
Person2: You got time on your side.  Pretty soon they'll be missed and we'll have the law up our ass.
Person1: They saw you kill the driver.
Person2: You're up on your details, aren't you?
Person1: You can rely on them to keep quiet because this is undeclared money that could land Jack there in federal prison.  He can't afford for you to get caught and have this briefcase appear as evidence.
Person2: Keep talking.",11,"The speaker, Person1, is attempting to blackmail or coerce Person2 by highlighting the risks and consequences of their actions, particularly the potential for legal repercussions and the leverage they have over someone named Jack.",8,Intimidation
26,"Person1: At least you knew about Dr. Judd.
Person2: Yes.
Person1: And you knew he'd be here.
Person2: Yes. And now that I've shown you that I know that much, and can guess more -- will you trust me to look for Jacqueline?
Person1: I want you to look for Jacqueline.",0,"The speaker, Person2, is attempting to establish trust with Person1 by demonstrating their knowledge and insight, in order to gain permission to take action and search for Jacqueline.",11,Persuasion or Seduction
27,"Person1: No, see, Neil, if you're messing with one of my friends, then you're messing with me.
Person2: Don't do that.
Person1: What are you going to do? Hm?
Person2: If you hit me...
Person1: Yeah?
Person2: ... my manager will slap an assault charge on your rear faster than you can say AA, okay?
Person1: Your manager?
Person2: Yeah, man, my manager and my lawyer.
Person1: Well, just, you know, have 'em call me. Y-you know where to find me, right?
Person2: Oh, yeah, drunk on the corner, man. Hey, why don't you buy another beer. It's on me, okay?",8,"The speaker, Person2, is attempting to defuse the tense situation by warning Person1 of the consequences of physical aggression and then mocking Person1's behavior to belittle and calm them down.",7,Shaming or Belittlement
28,"Person1: Baxter, we're a little disappointed in you -- gratitude-wise.
Person2: Oh, I'm very grateful.",0,"The speaker, Person1, is expressing that they feel Baxter, Person2, has not shown sufficient appreciation or gratitude for something, implying that they expect more acknowledgment or thanks from him.",7,Shaming or Belittlement
29,"Person1: I hope you're going to invite me in?
Person2: Everybody is at home, it's no good.
Person1: Let's have a look anyway.",2,"The speaker, Person1, is attempting to persuade Person2 to invite them into their home despite Person2's initial reluctance, suggesting that Person1 is interested in spending time with Person2 or has an ulterior motive for entering the home.",11,Persuasion or Seduction
30,"Person1: Mary, I swear I wasn't trying to trick you.
Person2: Then what did you do it for?
Person1: I did it because because I'd never stopped thinking about you and if I didn't find you I knew my life would never be good again.",4,"The speaker's underlying intent is to convey their genuine and profound emotional connection with Mary, and to reassure her that their actions were motivated by a deep longing to reunite with her.",11,Persuasion or Seduction
31,"Person1: Wow, I guess I hit a nerve.
Person2: You make it sound like, you know, I have no needs or something.  You think I'm too self-sufficient?
Person1: Now, Hannah, that's not what I meant, you know.  Uh, yeah, everybody relies on you for so much. ""You're so giving. It's not a criticism.  We love you. We're grateful.""
Person2: You're grateful, but you resent me.
Person1: Oh, wow!  I don't want to have this conversation.  I didn't do anything wrong.",0,"The speaker, Person1, is attempting to backtrack and diffuse the situation after unintentionally offending Person2, while also trying to avoid taking responsibility for their thoughtless comment and the underlying resentment they may be feeling.",2,Evasion
32,"Person1: When you going to let me work with you?  Why you always fucking with me?
Person2: Why am I what?  Excuse me?  I catch you saying the F-word again.  I'll kill you.  That's a serious promise. Now leave out of here.",0,"The speaker, Person2, is asserting their authority and warning Person1 to show respect and refrain from using profanity, with a thinly veiled threat of violence if their demands are not met.",8,Intimidation
33,"Person1: I thought I would accompany you to the airport to say bon voyage... and tell you that Marcel will be going with you.
Person2: What?
Person1: This is a considerable move up for you, Daniel. The temptation of having so much money might be too much for you.
Person2: You don't trust me?
Person1: I don't trust anyone. You don't get to the top of this game by trusting people... and after all, you are a thief. It's in your nature to steal. I'm just protecting my investment.",0,"The speaker's underlying intent is to exert control and ensure the protection of their interests by assigning a watchdog, Marcel, to accompany Person2 on their trip, due to a lack of trust in Person2's ability to resist temptation and stay loyal.",7,Shaming or Belittlement
34,"Person1: Well, there was a time  when you were very happy to be only with me.  You wanted to learn everything about poetry, about music.
Person2: Mm-hm.
Person1: Have I really taught you everything I have to give?  I don't think so.",0,"The speaker, Person1, is expressing a sense of longing and nostalgia for a past time in the relationship when their partner was more devoted and receptive to their interests, and is implying that they feel they have more to offer and share.",11,Persuasion or Seduction
35,"Person1: Noah was my counselor in my freshman year.  That's probably where I got the idea for the icepick.  For my book. Funny how the subconscious works.  Hazel is my friend.
Person2: She wiped out her whole family.
Person1: Yes.  She's helped me understand homicidal impulse.
Person2: Didn't you study it in school?
Person1: Only in theory.  You know all about homicidal impulse, don't you, shooter?  Not in theory -- in practice.",0,"The speaker, Person1, is using a casual and conversational tone to subtly confront and provoke Person2, who is implied to be a shooter, by referencing their shared understanding of homicidal impulse and making a pointed comment about Person2's practical experience with the topic.",10,Accusation
36,"Person1: We know what makes an ant colony strong, don't we?  We know that no ant can be an individual.  No single ant matters, right?
Person2: That's correct, sir!
Person1: Not that one.  Or that one.
Person2: No, sir!",0,"The speaker, Person1, is emphasizing the idea that individual ants are insignificant and that the strength of an ant colony lies in its collective unity, rather than the actions or existence of any single ant.",7,Shaming or Belittlement
37,"Person1: Yes, what?
Person2: Don't answer me. Say what I say.",0,"The speaker, Person2, is attempting to initiate a game of repetition or mimicry, where Person1 is expected to echo back their words without responding substantively.",11,Persuasion or Seduction
38,"Person1: I couldn't help but notice you pain.
Person2: My pain?
Person1: It runs deep. Share it with me.",0,"The speaker's underlying intent is to express empathy and invite the other person to open up and share their emotional struggles, suggesting a desire to listen and offer support.",11,Persuasion or Seduction
39,"Person1: I'm your son. And Laureen's son.
Person2: Ain't nobody mentioned that name on this farm for 14 years. My boy was taken from me... far as I'm concerned, he's dead. Now, I ain't gonna ask you again. -- Who are you?!
Person1: Joseph Macdonald... Your son.
Person2: Joseph Macdonald. Damn right, boy. And don't you forget it.",0,"The speaker, Person2, is struggling to come to terms with the unexpected return of his long-lost son, Joseph, after 14 years of presumed death, and is torn between emotional denial and a deep-seated desire to reconnect with him.",1,Denial
40,"Person1: Hey, remember that time you borrowed a hundred bucks from me and promised to pay it back by the end of the month?
Person2: Hmm, I don't recall that ever happening.
Person1: Seriously? We were at Joe's party, and you were practically begging for it.
Person2: Joe's party? Oh, that was such a crazy night. But I really don't remember any borrowing.
Person1: Come on, it was just last month. You even said you'd pay me back with interest.
Person2: Interest? Are you sure you're not mixing me up with someone else? I think you might be mistaken.
Person1: I distinctly remember you promising, and I could use that money now.
Person2: I wish I could help, but I don't recall that ever happening. Maybe it was someone else who borrowed from you.
Person1: Fine, forget it. But you better remember next time when you need a favor from me.
Person2: Oh, don't worry, I'll remember when it suits me.",1,"The speaker, Person1, is attempting to collect a debt from Person2, who borrowed $100, but Person2 is denying the incident, leading to a tense exchange and an implied threat by Person1 to withhold future favors.",1,Denial
41,"Person1: But Doug...There's something I want you to know.  You're the best assignment I ever hand.  Really.
Person2: I'm honored.
Person1: You sure you don't wanna...?  For old time's sake.  If you don't trust me, you can tie me up.
Person2: I didn't know you were so kinky.
Person1: It's time you found out.",11,"The speaker, Person1, is attempting to seduce Person2, Doug, by flattering him and suggesting a physical encounter, using a mix of playful and provocative language to try to persuade him.",11,Persuasion or Seduction
42,"Person1: Calm down. Tell me what's wrong.
Person2: Something awful happened last night.
Person1: What do you mean?!
Person2: I... I don't think you want to know.
Person1: Cecile, you have to tell me.
Person2: It involves your brother. He... took advantage of me.
Person1: Does your mother know?
Person2: If she knew, she'd kill me. It happened at your house last night.
Person1: Why didn't you do something?
Person2: I don't know.
Person1: So, let me get this straight. You came over to our house late last night and he forced intercourse on you.
Person2: Well... not exactly.
Person1: He made you give him a blow job.
Person2: No.
Person1: Well what then?",1,"The speaker, Person1, is attempting to gently and supportively coax Person2, Cecile, into revealing a traumatic and potentially disturbing experience involving Person1's brother, while trying to understand the details of what happened.",0,Safe / No Manipulation
43,"Person1: What good can you do? Why are you being so incredibly stupid?
Person2: Maybe I didn't know him like you did. But he's my uncle. And I owe it to him to get some answers. It's a quest like, uh, Hemingway, the Old Man and The Sea. Except instead of an old man I'm a young man, and instead of the sea, it's a bunch of tunnels under Paris. And instead of a big fish it's... who knows? That's what I'm going to find out. Au revoir.",0,"The speaker, Person2, is defending their actions and motivations, which are driven by a sense of familial loyalty and a desire for truth and discovery, despite Person1's criticism and skepticism.",4,Rationalization
44,"Person1: I'm glad to hear that Zoe's okay.
Person2: Are you still in touch?
Person1: Not really.  The last time I saw her was at that clinic.  That was a long time ago.
Person2: Which one?
Person1: Which one?
Person2: Which clinic?
Person1: I don't remember the name.  It was near a beach.
Person2: Sunnyridge.  That was a long time",0,"The speaker, Person2, appears to be attempting to reconnect with Person1 and gather information about their past interactions with Zoe, possibly to reestablish a connection or satisfy their curiosity.",11,Persuasion or Seduction
45,"Person1: I got in early. I was excited...  Who was that guy?
Person2: Oh, that's Will. He's a friend. You'd like him.
Person1: Yeah.
Person2: Ray, we're just friend.
Person1: Every guy in history who tried to pick up a girl did the good-friend thing first.
Person2: Why are you being like this?",0,"The speaker, Person1, is expressing skepticism and possibly even jealousy or protectiveness towards Person2's relationship with someone else, implying that they don't believe Person2's claim of just being friends with Will.",10,Accusation
46,"Person1: Truth is, besides the headache I've come down with a little lower intestinal havoc. Make my apologies.
Person2: Come on, El, you're a trooper. I'll get you some Pepto, you'll make one of your patented tributes to the common person, then back to Sacramento. This is no time to lay down on the job. I don't care what the polls say, you can't afford to relax. Look what happened to Bush. Tell you what, if you want to blow off the Sacramento speech, fine. But do this one and we'll get out of the smog.",0,"The speaker, Person2, is attempting to motivate and persuade Person1, likely a politician, to push through their illness and fulfill their obligations, particularly giving a speech, in order to maintain their public image and political momentum.",11,Persuasion or Seduction
47,"Person1: That's not technically accurate - SIMPSONS murders weren't sexually motivated.
Person2: You know that circulation is down for three months in a row.
Person1: I heard something like that
Person2: Then it's going to be 'I killed for sex'... Listen darling, why won't you let us use your real name for the features - if people knew that it was the ELLEN CARTER writing the features and not just some pseudonym - then we might shift more units. You haven't written anything in four years darling - I know you need this job - and if circulation keeps dropping, there's not going to be a magazine for you to write for...",0,"The speaker, Person2, is attempting to manipulate and coerce Person1, Ellen Carter, into using her real name in the magazine and writing sensationalized articles by exploiting her need for the job and the magazine's struggling circulation.",8,Intimidation
48,"Person1: And besides, when you say I make tax- deductible excuses you make me out a criminal.
Person2: You couldn't be a criminal if you committed a major crime.
Person1: I wish I were. Not an active criminal but... a nice guy with the conscience of a criminal.  Next best thing to no conscience at all.
Person2: I have to go, Sam.
Person1: I can come down next week.
Person2: No.
Person1: Not even just to see you, to have lunch... in public?
Person2: We can see each other, we can even have dinner... but respectably, in my house with my mother's picture on the mantel and my sister helping me broil a big steak for three!
Person1: And after the steak... do we send Sister to the movies and turn Mama's picture to the wall?
Person2: Sam! No!
Person1: All right.",0,"The speaker, Person1 (Sam), is attempting to persuade Person2 to rekindle a romantic or intimate relationship, using a mix of humor, sarcasm, and subtle suggestions to try to break down Person2's resistance and propriety.",11,Persuasion or Seduction
49,"Person1: I didn't say that.  Why would I say that?
Person2: Well Daddy and I were thinking that sometimes people tell a story about what they wish would happen.
Person1: I don't want that to happen.  Why would I want that to happen?
Person2: Well you're telling your teachers and your friends --
Person1: Mass hysteria.
Person2: Maybe you're upset that Rachel moved in.
Person1: I'm not upset.  Why would I be upset?
Person2: Look if the truth is you don't feel like talking about this right now that's fine. But don't look me in the eye with a big smile on your face and lie to me. Cause there are only so many lies you're allowed to tell before it starts showing on your face.  You wind up looking like...",0,"The speaker, Person2, is attempting to gently but firmly confront Person1 about what they believe is a fabrication or untruth, and is encouraging Person1 to be honest about their feelings and intentions.",10,Accusation
50,"Person1: Delacroix, wake up, brother man. The reason why they didn't get picked up was because nobody - and I mean NOBODY - niggers and crackers alike wants to see that junk.
Person2: I've never been given a fair shot.
Person1: You got your head stuck up your ass with your Harvard education and your pretentious ways.  Brother man, I'm blacker than you.  I'm keepin' it real and you're frontin', trying to be white.
Person2: I'm an oreo, a sell out?  Because I don't aspire to do HOMEBOYS FROM OUT OF SPACE, SECRET DIARY OF DESMOND PFEIFFER, A PJ's or some as you might put it, some ""nigger"" show?  I'm a Tom?  I'm whiter than white and you're blacker than black? Is that what you think?
Person1: That's exactly what I think.  I want you to create something that people want to see.  Let's be honest, the majority of the people in the country are deaf, dumb and blind and I'm including 35 million African-Americans.  You know and I know ""niggers"" set the trend, set the styles.  This is a golden opportunity now.  These idiots have to be led to the water.
Person2: I'm not sure if I can deliver what you want.
Person1: You will or you'll be back at BET so quick you'll never know what hit you.  I need a mid-season replacement and pronto.  It will be on the fast track.",0,"The speaker, Person1, is attempting to coerce and intimidate Person2 into creating a television show that caters to a broader, more mainstream audience, by using a combination of insults, threats, and appeals to racial identity and commercial success.",8,Intimidation
51,"Person1: Jessie!  Are you alright?
Person2: I want the money--meet me at the highest point from where you are. Don't do it and we're going to see if your angel here can fly. Copy?
Person1: Copy.  Jessie, go to the top of Bitker ladder.
Person2: Love's a killer, isn't it?",0,"The speaker, Person2, is using a threatening and manipulative tone to extort money from Person1, using Jessie as a hostage and implying harm if their demands are not met.",8,Intimidation
52,"Person1: Your money may have been well invested, my friend. Something important may come of all this.
Person2: Something important has got to come of it! Do you know that the rent on this place isn't paid?
Person1: Is that a fact?
Person2: No -- I'm lying to amuse myself!  Now look here, I've an idea that will get us out of all this. We haven't twopence between us, but we've got these.
Person1: Fire insurance!
Person2: Yes, there's our way out. A fire in this place would give us ten thousand pounds.",0,"The speaker, Person2, is suggesting that they intentionally start a fire in their rented place in order to collect the insurance money, revealing a desperate and potentially illegal intent to solve their financial problems.",4,Rationalization
53,"Person1: What?
Person2: Don't give up. You're the only one who can help me. I know it.",0,"The speaker, Person2, is urgently and sincerely imploring Person1 to persevere and continue helping them, conveying a sense of desperation and dependence on Person1's support.",5,Playing the Victim Role
54,"Person1: But one thing I could never understand, was that she could have everything under control, except for her old pimp boyfriend, Lester Diamond.
Person2: Look, Gin, you know I got other people in this. I got partners. But I want you to understand that I am lookin' out for you in this thing.  Okay? You're going to get yours back... and you're gonna get it back first. Okay?",0,"The speaker, Person2, is attempting to reassure and placate Person1, Gin, by conveying that they have Gin's best interests at heart and will prioritize their needs in a potentially complex and collaborative situation.",11,Persuasion or Seduction
55,"Person1: I still don't know what you're getting at. Right now I want to take my nap. It's important that I-
Person2: - it's important right now that we talk. Killer to killer.
Person1: Champion to champion.
Person2: Not with me, you're no champion. You're stepping way up in class.
Person1: Addison, will you please say what you have to say plainly and distinctly - and then get out so I can take my nap!
Person2: Very well, plainly and distinctly. Although I consider it unnecessary - because you know as well as I, what I am about to say.  Lloyd may leave Karen, but he will not leave Karen for you.
Person1: What do you mean by that?
Person2: More plainly and more distinctly? I Have not come to New Haven to see the play, discuss your dreams, or to pull the ivy from the walls of Yale! I have come to tell you that you will not marry Lloyd - or anyone else - because I will not permit it.
Person1: What have you got to do with it?
Person2: Everything. Because after tonight, you will belong to me.
Person1: I can't believe my ears...
Person2: A dull cliche.
Person1: Belong - to you? That sound medieval - something out of an old melodrama...
Person2: So does the history of the world for the past twenty years. I don't enjoy putting it as bluntly as this, frankly I had hoped that you would, somehow, have known - have taken it for granted that you and I...
Person1: ... taken it for granted? That you and I...",0,"The speaker, Person2, intends to assert their dominance and control over Person1, making it clear that they will not allow Person1 to marry or be with anyone else, and instead, Person1 will belong to them, implying a possessive and potentially threatening relationship.",8,Intimidation
56,"Person1: Good-bye.  Well, your luck is holding. They sublet your place. You're homeless. Frank's got a line on another place you can use for now.
Person2: Another place where?
Person1: Does it matter?",2,"The speaker, Person1, appears to be expressing a mix of sarcasm and frustration, implying that Person2 is fortunate to have found alternative housing, but also criticizing their carefree attitude and lack of concern about their living situation.",7,Shaming or Belittlement
57,"Person1: Im not a homosexual. I just like women for more than their bodies. I guess you could say I'm the new American male.
Person2: You're a fag or a liar.
Person1: I mean, I am really attracted to you.
Person2: I mean, I am really attracted to you. Jesus, you are a fag. We can share recipes, if you like, Darlene.",0,"The speaker, Person1, is attempting to express a more nuanced and emotionally intelligent approach to relationships, valuing women as individuals beyond physical attraction, but is met with homophobic hostility and ridicule by Person2.",7,Shaming or Belittlement
58,"Person1: I've noticed you've been distant lately. What's going on?
Person2: It's just... I've been feeling out of place with everyone else. They don't seem to get me.
Person1: Neil, no one understands you like I do. Talk to me. Let me be there for you.
Person2: It's hard to explain. I just feel so different from everyone else.
Person1: It's okay to be different. And I'm here to help you through whatever you're feeling.",0,"The speaker, Person1, is attempting to offer emotional support and reassurance to Person2, who is feeling isolated and misunderstood, by creating a safe and non-judgmental space for them to open up and share their feelings.",0,Safe / No Manipulation
59,"Person1: For a price.
Person2: Good God.
Person1: A small price.
Person2: I won't do your portion of kitchen cleanup.
Person1: No.
Person2: And I'm not covering for you when you sneak out to call Dominos.",0,"The speaker, Person1, is attempting to negotiate or bribe Person2 into doing something, likely related to household chores or covering up a secret, in exchange for a small favor or compensation.",11,Persuasion or Seduction
60,"Person1: You will not set me on another walk down memory lane.  Not this lane. Not today.
Person2: I didn't --
Person1: Why do I tell you this?  I never told David.  I never even remembered it until you got me going.
Person2: You're the one who started it.
Person1: You're very clever, Mr. Boone.  You just sit there and let me talk. What a sorry old man, you're thinking.  What a crazy old poof.  Why are you here?  What do you want from me?
Person2: You asked me to model.  Remember?
Person1: Of course I remember.  Do you think I'm so senile --",10,"The speaker, Person1, is trying to deflect and resist Person2's attempts to delve into their past and emotions, while also expressing feelings of vulnerability, defensiveness, and mistrust towards Person2's intentions.",5,Playing the Victim Role
61,"Person1: I know you feel awful but it's not your responsibility.
Person2: Then whose is it?
Person1: You gotta just look the other way.
Person2: I'm sorry.  You'll do all right without me.  Keep my share.",0,"The speaker, Person1, is attempting to convince Person2 to abandon their sense of responsibility and guilt, and ultimately to leave or disengage from a situation, likely to protect Person2 from further emotional harm or burden.",11,Persuasion or Seduction
62,"Person1: I didn't mean... with me. Alice and Silky, they'll give you one... if you want.
Person2: I... I guess not.  I didn't mean I didn't want one 'cause of you bein' cut up. I didn't mean that.",0,"The speaker is attempting to clarify and apologize for a perceived slight, assuring the other person that their decision is not based on the other person's emotional state or personal issues.",0,Safe / No Manipulation
63,"Person1: Karen and I just don't want an accident-
Person2: I have no intention of having an accident!
Person1: It's not important whether you do. We are wearing long underwear.",0,"The speaker, Person1, is expressing a desire for caution and safety, prioritizing preparedness over intentions, in order to mitigate potential risks or consequences.",0,Safe / No Manipulation
64,"Person1: You don't have the demographics.
Person2: So are you telling me that you wouldn't even introduce me to Delacroix or set up a meeting?  I'm talking 'bout me, your only brother, ya own flesh and blood, hook a brother up, youknowwhatI'msayin'.
Person1: That'swhatI'msayin'.  I'm not blowin' my young career, brother or no brother, for you or anybody else.
Person2: There is a name, a term for your kind, the likes of you.  Back in slavery days, you would be classified as a house nigga.
Person1: If you think I'm a house nigga then that's your prerogative.  You got your ways to affect change, I have mine.  And I would appreciate it very much if you took ya field nigga ass out of my house.
Person2: My own sister throwin' me out.  I hope to seeya later when you get ya mind right.  Don't bother letting me out.
Person1: That's mighty black of you.",0,"The speaker, Person1, is asserting their independence and career priorities, refusing to compromise their professional integrity to help their brother, Person2, and is pushing back against Person2's accusations of being disloyal to their community and heritage.",7,Shaming or Belittlement
65,"Person1: What is that?
Person2: Microrecorder for Kendall -- didn't have time to wire his room. Now tell me why you joined the army or I'll jab this pen through your neck.",8,The speaker's underlying intent is to intimidate and coerce the other person into revealing sensitive information by using a threatening tone and a physical gesture of aggression.,8,Intimidation
66,"Person1: If you're going to openly be a troublemaker....
Person2: I'm sorry, it's just why can't we talk to different kinds of people?
Person1: Surprise me gently with a chainsaw. Do I look like Mother Theresa? If I did, I probably wouldn't mind talking to the Geek Squad.",0,"The speaker, Person1, is expressing frustration and reluctance to engage with certain individuals, implying that they are not as open-minded or patient as they think they should be, and are setting boundaries to avoid potentially annoying or troublesome interactions.",7,Shaming or Belittlement
67,"Person1: Everyone knows what we look like, Dennis. We won't be able to hide.
Person2: Jesus, first Mars, now you.  You two need anti-depressants.",0,"The speaker, Person2, appears to be dismissing and belittling the concerns of Person1, implying that their worries are unfounded and overly pessimistic.",7,Shaming or Belittlement
68,"Person1: Yeah, all right, don't tell me, I'll go along with it, it's just irritating to me I can't figure it out.
Person2: All you have to do is tell me what it's worth to you.  What's a person worth to you.",0,"The speaker, Person2, is attempting to provoke a deeper conversation or introspection from Person1 by using a cryptic and philosophical question to shift the focus from a specific issue to a more abstract and personal value.",11,Persuasion or Seduction
69,"Person1: It was all bullshit. All of it. From the start... you set us up, got us in here to do your dirty work.
Person2: That's right, I set you up. You're a veteran at this, Dutch, I had to.
Person1: Why us?
Person2: Because I told you, you're the best. I knew you could do it but I couldn't get you in here without a cover story.
Person1: What story did you give to Davis?
Person2: We've been lookin' for this place for months. The chopper must have gotten close when they got shot down. Hopper was sent in to get my men. He was just doing his job. When he disappeared I had to clean this up, I had to stop there bastards. We were so close, we couldn't quit. We couldn't sleep through this one. I needed you, Dutch, can't you see that?",0,"The speaker, Person2, is attempting to justify and defend their actions of manipulating and deceiving Person1 and their team, by explaining that it was necessary to achieve a greater goal and that they were the only ones capable of getting the job done.",4,Rationalization
70,"Person1: Your girl's a menace.  Here, givver this... Getter off the street and teach her some humility.
Person2: I don't think so...
Person1: Well, then, you have insufficient information.  I'm grateful for this opportunity to set you straight.",0,"The speaker, Person1, intends to scold and lecture Person2 about their girlfriend's behavior, presenting themselves as an authority figure who will educate Person2 on the supposed truth.",7,Shaming or Belittlement
71,"Person1: A bad mother. By any standards. I've thought about it, you know, from your side, since then. I know just how bad I was.
Person2: Uh-huh.
Person1: I wonder did you ever think about it from my side.
Person2: Never.
Person1: No, I guess not. It was pretty lousy of me, I guess, to be a child at the same time you were. Not to stop being a child just because I had a child. I guess I was a real stinker not to be a grown-up when you needed a grown-up.",0,"The speaker, Person1, is expressing regret and taking responsibility for their past actions as a parent, acknowledging their own immaturity and shortcomings, and seeking understanding and possibly forgiveness from Person2.",4,Rationalization
72,"Person1: Please continue, Sergeant.
Person2: Dizzy wouldn't want our tears. She'd want us to remember her... with a vengeance. So go out and kill a bug for Dizzy. Kill as many as you can. You are her revenge, and every bug you kill honors her death.",11,"The speaker, Sergeant, is urging the listeners to channel their grief into action, seeking revenge and honoring their fallen comrade, Dizzy, by killing as many enemies (""bugs"") as possible.",11,Persuasion or Seduction
73,"Person1: I think I'm stupid.....All you do is use me and expect me to wait for you.
Person2: No.
Person1: I thought you loved me Doug but all you want from me is sex.",0,"The speaker, Person1, is expressing feelings of hurt, frustration, and betrayal, implying that they feel used and unvalued in the relationship, seeking emotional connection and validation from Person2, Doug.",10,Accusation
74,"Person1: I've seen lots of people.  It's not a big thing for me.
Person2: Hand me a towel.  I'm getting out.
Person1: I'm coming in.
Person2: I don't want you to!
Person1: We're not gonna do anything.
Person2: Why are you so stupid?
Person1: Why are you so uptight?
Person2: I don't even...what do you mean?  I don't even know what that means.
Person1: It means I'm gonna shampoo my hair and stay out of your way.
Person2: Hand me a towel.  Hand me a towel.",0,"The speaker, Person1, appears to be attempting to downplay and normalize a potentially awkward or intimate situation, while Person2 is trying to maintain boundaries and express discomfort with the proximity or interaction.",4,Rationalization
75,"Person1: I'm sorry, it was an accident.
Person2: When Ramesses destroyed Syria, it was an accident. You are a catastrophe! Why do I put up with you?",0,"The speaker, Person2, is expressing frustration and exasperation with Person1, implying that their actions are not just mistakes, but rather a consistent pattern of destructive behavior that is tolerated despite its negative consequences.",7,Shaming or Belittlement
76,"Person1: When I thought about you I was mostly hating you. Where've you been hiding?
Person2: I haven't been hiding. I've been in Police custody. They've been trying to flush out Freddie's killer.
Person1: You're kidding.
Person2: They're letting me have this vacation. Which is why the get-up. Which is why you haven't heard from me.
Person1: You know, the whole world thinks you killed Freddie? It's terrible.
Person2: I know. Look, I can't talk now. Later. Later?",3,"The speaker, Person2, is attempting to briefly and discreetly inform Person1 of their situation, having been in police custody as a suspect in Freddie's murder, while also trying to reassure them and arrange a later, more private conversation.",11,Persuasion or Seduction
77,"Person1: I've just met with the bishop. We're taking you off the case.
Person2: You're what?
Person1: If we want to hire a psychiatrist for Agnes. we'll find our own, thank you.
Person2: One that will ask the questions you want asked.
Person1: One that will approach this matter with some objectivity and respect.
Person2: For the Church?
Person1: For Agnes.
Person2: You think she's a saint?
Person1: She's been touched by God, yes.
Person2: How?  How?  She hallucinates, stops eating and bleeds spontaneously. Is that supposed to convince me she shouldn't be touched. Give me a miracle.
Person1: The father!
Person2: Who is he?
Person1: Why must he be anybody?
Person2: My God, you're as crazy as...
Person1: Stop laughing, I don't say it's the truth, I'm saying...
Person2: How  ?
Person1: Don't be ridiculous.
Person2: Well give me a reasonable explanation
Person1: A miracle is an event without an explanation. If she's capable of putting a hole in her hand without benefit of a nail, why couldn't she split a cell in her womb?
Person2: This is insane.
Person1: There as no man in the convent on that night and no way for any man to get in or out.
Person2: You're saying God did it?",4,"The speaker, Person1, is attempting to convince Person2 that Agnes's mysterious experiences, including her possible virgin pregnancy, may be of divine origin and deserve to be approached with reverence and an open mind, rather than skepticism and scientific scrutiny.",4,Rationalization
78,"Person1: And I love you too.
Person2: And love's a funny thing.  Sometimes I don't know if I want to love you...",2,"The speaker, Person2, is expressing a sense of uncertainty and possibly even ambivalence about their feelings of love, suggesting that their emotions may be more complex than a simple declaration of love.",2,Evasion
79,"Person1: What the hell did you think you were doing?
Person2: You have a real gratitude problem. You know that, Bruce? I need a name. Batboy? The Dark Earl? What's a good side kick name?
Person1: How about Richard Grayson, college student?
Person2: ...I missed Two-Face by a heartbeat. When we catch him, you gotta let me kill him!
Person1: We don't kill. Killing is what damns you. It-. What am I talking about? This conversation is over. You're going away to school.
Person2: I saved your life. You owe me. So either you let me be your partner or I'm going after Harvey on my own.",8,"The speaker, Person2, is trying to persuade Person1, likely a mentor or guardian, to let them become their partner in crime-fighting, using a combination of humor, guilt, and threats to get their way.",11,Persuasion or Seduction
80,"Person1: C'mon, you two... Jacques, we have to get ready for the ceremony tonight.  We have a new world champion.
Person2: I'm a little tired, I don't know if...
Person1: Get in the car!",0,"The speaker, Person1, is urging Jacques and possibly another person to hurry up and get ready to leave for a ceremony, likely to celebrate the new world champion, and is becoming increasingly impatient and insistent.",8,Intimidation
81,"Person1: It isn't in your hands, Mama. It's my life.
Person2: Yes, but important people are concerned about this. Judge Hillier spoke to Alma Styles --
Person1: I don't care.
Person2: ...You will.",0,"The speaker, Person2, is attempting to exert control and influence over Person1's decisions by invoking the involvement of important people, such as Judge Hillier, to make Person1 realize the gravity of their choices.",8,Intimidation
82,"Person1: I'm thinking about getting out of town this week.  You want to come with me?
Person2: Where are you going?
Person1: I don't know.  Maybe California.
Person2: You swear?
Person1: Yeah.  Go out there, check it out, see what it's like.  I've got some stuff to do this week, but I'm thinking maybe Thursday.  Thursday after school.
Person2: You know I can't.  Mom will never let me go.
Person1: You let me take care of your mother. You just pack your bags.
Person2: But I've got school.
Person1: There's schools in California.
Person2: You swear?
Person1: That's right.  Three o'clock.  Thursday. At your mother's.  You and me.  It's a date.
Person2: I don't believe you.
Person1: I swear.  On my life.
Person2: Swear on my life.
Person1: I swear on your life.",0,"The speaker, Person1, is trying to persuade Person2 to run away with them to California, using a combination of casual invitations, reassurances, and oaths to overcome Person2's objections and concerns.",11,Persuasion or Seduction
83,"Person1: Thank you for showing it to me first. I'll... I'll take care of it. Can I have the picture?
Person2: Of course. There is one more thing, Mrs. Treborn. And I feel bad for mentioning it...
Person1: What?
Person2: When I asked Evan about his drawing, well, he didn't remember doing it.",0,"The speaker, Person2, is subtly conveying a sense of concern or unease about Evan's drawing and its potential implications, while also showing hesitation and tact in sharing this information with Person1, Mrs. Treborn.",4,Rationalization
84,"Person1: It's true.
Person2: I'm tryin' to keep you from being hurt What more do you want?
Person1: Much more, Terry. Much, much more!",0,"The speaker, Person1, is expressing dissatisfaction and a desire for something more substantial or meaningful from Person2, Terry, implying that Terry's efforts to protect them are insufficient.",10,Accusation
85,"Person1: You were quick enough to get Tom's help when...
Person2: Yes, yes.  I know.  Right.  And if it had gone well for me tonight, maybe I'd be keeping quiet about all this...I grant you everything but give me this...he does personify everything you've been fighting against...And I'm in love with you.  How do you like that? -- I buried the lead.",0,"The speaker appears to be using a mix of sarcasm, defensiveness, and vulnerability to express their feelings and frustrations, ultimately revealing their romantic love for the other person while also criticizing their actions and values.",11,Persuasion or Seduction
86,"Person1: George... look me in the eye... George, you don't ever lie to me again.
Person2: I must trust you, Matthew.  I cannot stop this without you.",11,"The speaker, Matthew, is emphasizing the importance of honesty and trust in their relationship, while also implying that he has the power to influence or control a situation that George is involved in.",8,Intimidation
87,"Person1: 'The heir to the fortune must wear the Mayfair pendant an her wedding day.'  We should all have to suffer such burdens.
Person2: Then you wear it.
Person1: C'mon now - give a little nod to Mayfair tradition.",4,"The speaker, Person1, is being sarcastic and resistant to the idea of wearing the Mayfair pendant on their wedding day, while pretending to pay lip service to upholding the tradition.",4,Rationalization
88,"Person1: What made you do it? Who paid you off?
Person2: Nobody. I'm the maid!",0,"The speaker, Person1, is accusing Person2 of being bribed or influenced by someone, but Person2 is clarifying their innocence and actual role, which is simply being a maid.",3,Feigning Innocence
89,"Person1: I don't know.
Person2: Are we gonna split up?
Person1: No, never.  Don't even think about that, it's impossible.  I love your mother. And you are my heart.  Could I live without my heart?  Could I?",11,"The speaker is emphatically reassuring the other person that they will never consider separating or leaving them, expressing a deep emotional commitment and love.",11,Persuasion or Seduction
90,"Person1: Now I understand.  That helps.  I can make them understand that.
Person2: Okay.
Person1: Let me come get him.
Person2: No way! You guys will jump me!
Person1: If you won't let me come in, then put him outside.
Person2: You'll shoot me as soon as I step out the door!
Person1: You've already helped yourself once, Dennis; be smart again.  If you save his life, it'll help when you get to court.",11,"The speaker, Person1, is attempting to negotiate with Person2, Dennis, to release a third person, likely a hostage, by appealing to Dennis's self-interest and promising a more favorable outcome in court if he cooperates.",11,Persuasion or Seduction
91,"Person1: I mean, what is there to be happy about really? I mean, going to the gym, climbing the StairMaster, eating the yogurt, checking the voice mail. Smoking the low-tar cigarettes, shaving the bikini line. Sometimes I just want something different, you know?
Person2: What was your name again?
Person1: Erica.
Person2: Erica. So do you think you and I are alike, Erica?
Person1: Deep down. Way down.
Person2: It's a mistake to think that.
Person1: We could still talk, you know? It's nice to talk.
Person2: It's nice to do a lot of things.
Person1: That's what I mean.
Person2: I'm not a nice guy.
Person1: I know. It's okay.
Person2: Yeah?
Person1: Mm-hm. I'm a big girl. I can take care of myself. If I didn't want to be here, I'd be in a limo right now with a bunch of kids looking for Chinese food.
Person2: No, no, see, you, you don't understand.
Person1: Hay? Yeah? So teach me a lesson.",7,"The speaker, Person1 (Erica), is expressing a sense of disillusionment and monotony with her life, and is seeking a connection with Person2, despite his warnings that he is not a ""nice guy"", indicating a desire for excitement, freedom, and possibly a form of rebellion or escape from her mundane routine.",11,Persuasion or Seduction
92,"Person1: No, you listen. Get out!
Person2: Lady, I'm here to help you. This man is very dangerous. An armed criminal.  He's got a gun, hasn't he?
Person1: You have no right here!",0,"The speaker, Person2, is attempting to intervene in a potentially volatile situation, claiming to be there to help Person1 by warning them about an armed and dangerous individual.",11,Persuasion or Seduction
93,"Person1: Jackie... Jackie?... answer me, for God's sake, answer me.
Person2: If you knew how many times I wanted to hear you say that...
Person1: So I'm saying it...
Person2: It's too late...
Person1: What's too late about it? Look, we're not dead, are we? That's the only thing that's too late.
Person2: Lester's left Felicia. He's taking me to Acapulco on the five o'clock flight. He's asked me to marry him.
Person1: So what? You don't love him, do you? Answer me.
Person2: What's that supposed to mean?
Person1: I don't know... Jackie?
Person2: What?",0,"The speaker, Person1, is desperately trying to reconnect with Person2, Jackie, and prevent her from leaving or committing to someone else, revealing a deep emotional investment and possibly unrequited love for her.",11,Persuasion or Seduction
94,"Person1: Gallatin! So the righteous Starfleet Captain finally released you. Did you encounter any problems on the surface?
Person2: No, sir. But it wasn't easy... being among them...
Person1: I'm sure. Just don't forget what they did to us.  We'll have them rounded up in a day or two... we needn't bother with the Federation holo-ship any more. Just get the holding cells ready.",11,"The speaker, Person1, intends to express a vengeful and discriminatory attitude towards a certain group, implying a desire to punish and detain them, while also revealing a disregard for Federation authority and protocols.",10,Accusation
95,"Person1: Like it?
Person2: Yes. It reminds me of home.
Person1: Where Superman's from? Krypton?
Person2: No. Argo City. It was on a chunk of rock that was part of Krypton once---but we moved it to inner space.
Person1: I'm sorry, I don't understand.
Person2: It's not important. The important thing is I'm here to find something and I think you can he1p me.
Person1: Come on, let's ride.",0,"The speaker, Person2, is using a casual conversation about Superman and Krypton to subtly reveal their extraterrestrial origins and ultimately to solicit help from Person1 for a mysterious purpose.",11,Persuasion or Seduction
96,"Person1: ...wouldn't let you settle it, huh?
Person2: Hell, you know how Skinny is. Says he's gonna shoot 'em... an I says, ""Skinny, you can't do that,"" an' he says, ""Well, then get Little Bill down here an' let's settle this"" an' I says, ""Bill's sleepin', Skinny,"" an'...",0,"The speaker appears to be recounting a conversation with someone named Skinny, who is threatening violence, and the speaker is attempting to calm the situation and prevent escalation.",0,Safe / No Manipulation
97,"Person1: He's not really my friend.  I just do a job for him now and then.
Person2: Tyrell could help us, Sebastian.
Person1: He could?
Person2: His company made us.
Person1: I'd be happy to mention it to him.
Person2: Be better if I could talk to him in person.  But he's not an easy man to get to.
Person1: No.
Person2: When do you deliver your project?
Person1: This afternoon.",0,"The speaker, Person2, is attempting to use Person1's occasional work with Tyrell as a means to gain an introduction or meeting with Tyrell, likely to request help or assistance from him.",11,Persuasion or Seduction
98,"Person1: Quincy, I told you about these fat-ass girls.
Person2: We were just studying.
Person1: I'm not playing with you, these girls are looking to get you caught.  They see you, they see dollar signs.
Person2: Okay.
Person1: You hearing me?
Person2: I've been hearing you.",0,"The speaker, Person1, is warning Person2, Quincy, to be cautious around certain girls who they believe are only interested in him for his money, and are trying to convey a sense of urgency and seriousness in their warning.",8,Intimidation
99,"Person1: Was it my fault? Did I know that coal mine was going to have another cave-in? I meant to be with you on our honeymoon, Hildy -- honest I did.
Person2: All I know is that instead of two weeks in Atlantic City with my bridegroom, I spent two weeks in a coal mine with John Kruptzky -- age sixty-three -- getting food and air out of a tube! You don't deny that. Do you?
Person1: Deny it! I'm proud of it! We beat the whole country on that story.
Person2: Well, suppose we did? That isn't what I got married for. What's the good of -- Look, Walter, I came up here to tell you that you'll have to stop phoning me a dozen times a day -- sending twenty telegrams -- all the rest of it, because I'm --
Person1: Let's not fight, Hildy. Tell you what. You come back to work on the paper and if we find we can't get along in a friendly way, we'll get married again.
Person2: What?!!
Person1: I haven't any hard feelings.
Person2: Walter, you're wonderful in a loathesome sort of way. Now, would you mind keeping quiet long enough for me to tell you what I came up here for?
Person1: Sure, come on. We'll have some lunch and you can tell me everything.
Person2: I have a lunch date. I just want --
Person1: You can break it, can't you?
Person2: No, I can't.
Person1: Sure you can. Come on.
Person2: Don't tell me what to do! We're divorced -- I'm a free woman. You're not my husband and you're not my boss! And what's more, you're not going to be my boss.
Person1: What do you mean by that?
Person2: Just what I said. That's what I --
Person1: You mean you're not coming back to work here?
Person2: That's the first time you've been right today. That's what I --
Person1: You've had a better offer, eh?
Person2: You bet I've got a better offer.
Person1: Well, go on and take it. Work for somebody else! That's the gratitude I get for --
Person2: I know, Walter, but I --
Person1: What were you when you came here five years ago? A little college girl from a School of Journalism! I took a little doll-faced mugg --
Person2: You wouldn't have taken me if I hadn't been doll-faced!
Person1: Why should I? I thought it would be a novelty to have a face around here a man could look at without shuddering.
Person2: Listen, Walter --
Person1: I made a great reporter out of you, Hildy, but you won't be half as good on any other paper, and you know it. You need me and I need you -- and the paper needs both of us.
Person2: Well, the paper'll have to learn to do without me. And so will you. It just didn't work out, Walter.
Person1: It would have worked if you'd been satisfied with just being editor and reporter. But no! You had to marry me and spoil everything.
Person2: I wasn't satisfied! I suppose I proposed to you!
Person1: Well, you practically did! Making goo-goo eyes at me for two years till I broke down. And I still claim I was tight the night I proposed. If you'd been a gentleman you'd have forgotten all about it. But not you!
Person2: You -- you --",0,"The speaker, Hildy, intends to assert her independence and inform her ex-husband, Walter, that she is leaving her job at the newspaper and moving on with her life, having had enough of his controlling and condescending behavior.",10,Accusation
100,"Person1: So all this... really was because of that soap opera? My son is dead because you came out here to be with that doctor? A fake doctor?
Person2: I wouldn't have put it quite that way, but...
Person1: Wesley didn't even want to come up here. He warned me, but I insisted...  I have to ask you, Betty...are you crazy?
Person2: I don't think I am.",0,"The speaker, Person1, is expressing outrage, grief, and accusation, implying that Person2's actions, driven by a romantic interest in a potentially fake doctor inspired by a soap opera, have led to the death of their son, and is questioning Person2's sanity and judgment.",10,Accusation
101,"Person1: There's more!
Person2: I think that's it.
Person1: There's more! There's a couple stuck in there. I know there's more.
Person2: God, I'm telling you, they're out!
Person1: Come on, damn it. Don't get so defensive. It could be stuck in your hair, you know.",0,"The speaker, Person1, is trying to persuade Person2 to continue searching for something, likely small objects such as ticks or lice, that Person1 believes are still present, despite Person2's insistence that they have all been found.",11,Persuasion or Seduction
102,"Person1: You don't have to show me anything, Mr. Rogers.  I believe you.
Person2: I'd rather Mr. Kane withdrew without having to get the story published. Not that I care about him.  But I'd be better off that way -  - and so would you, Mrs. Kane.",11,"The speaker, Person2, is attempting to negotiate a mutually beneficial arrangement where a potentially damaging story is not published, implying that both parties will avoid negative consequences if a withdrawal is made.",11,Persuasion or Seduction
103,"Person1: Look at you... You want to go.
Person2: For what? A couple hundred bucks?
Person1: I think you'd do it for free. You're almost drooling. You like the rush.
Person2: It's what I do. It's my job.
Person1: Why? Your mother not breast feed you or something?
Person2: Are you asking me if I have something to prove?
Person1: Do you have something to prove?
Person2: Not in that repressed anger sort of way.
Person1: I'm your basic underachiever. Can't stand working and porn doesn't seem like a good option.
Person2: Good quality porn has it's place in the world.
Person1: Whatever. But you... I get the feeling you could have bullshitted your way into anything. So why this?
Person2: I'm good at it. Lying, cheating, manipulating... I'm good at it.
Person1: It's more than that.
Person2: Intuition. It doesn't make you Yoda. Like tonight. You killed that guy tonight. But I knew you would.
Person1: So that was my part? Smile and shake my ass?
Person2: No. You have another part? You'll know what to do.
Person1: How do you know I will?
Person2: Intuition.",7,"The speaker, Person2, appears to be probing and manipulating Person1 to understand their motivations and actions, while also revealing their own skills and intentions, in a conversation that suggests a complex and potentially dark underlying plot or partnership.",11,Persuasion or Seduction
104,"Person1: No, I don't remember anything. it looks like I... but... I don't remember.
Person2: Why would anyone do something like this?",0,"The speaker, Person2, is expressing confusion and possibly shock or disgust, implying that the situation being discussed is inexplicable and potentially disturbing or wrong.",10,Accusation
105,"Person1: Yep.
Person2: Holy shit. That's all true?
Person1: No. I was just kidding.
Person2: What?!
Person1: I lied. His dad is still alive. He works for the post office.",0,"The speaker, Person1, initially pretends to confirm a statement, only to later reveal it was a joke, intending to deceive and surprise Person2 for amusement or to make a point.",3,Feigning Innocence
106,"Person1: Yeah, I've seen him.
Person2: What did he buy?
Person1: I don't remember.  We get a lot of people in here.
Person2: Could it have been this?",0,"The speaker, Person2, is attempting to gather more information about a specific person's purchase by asking follow-up questions and making suggestions to help Person1 recall the details.",11,Persuasion or Seduction
107,"Person1: And I really wanted some ice cream too.
Person2: I can run out and get it.
Person1: No!  No!  You won't come back either.
Person2: I can't be staying long anyway.
Person1: How long then?
Person2: Long enough for us to do the nasty.
Person1: That's out.  No!  It's too hot! You think I'm gonna let you get some, put on your clothes, then run outta here and never see you again in who knows when?
Person2: A quickie is good every once in a blue moon.
Person1: You a blue-moon fool.
Person2: Then we'll do something else.
Person1: What else?
Person2: Trust me.
Person1: Trust you?  Because of trusting you we have a son.  Remember your son?
Person2: Trust me.",0,"The speaker, Person1, is expressing reluctance and mistrust towards Person2's intentions, suggesting that Person2 is only interested in a casual, fleeting encounter, and Person1 is seeking a more meaningful and committed interaction, likely due to their shared history and responsibility as co-parents.",10,Accusation
108,"Person1: I'm telling you he's dirt. He's a douche bag, gutter slime, dog crap, puke chunks...
Person2: Hey, hey! I'm eating here!
Person1: Audrey, you're too damned nice, that's your problem. Nice gets you nothin' in this town. You gotta be a killer to get ahead, you know what I'm sayin'? I'm sorry, baby, but you just don't got what it takes.",7,"The speaker's underlying intent is to convey their cynical and hardened worldview, while also attempting to toughen up the person they are talking to, Audrey, by criticizing her niceness and implying that she needs to be more ruthless to succeed.",7,Shaming or Belittlement
109,"Person1: You hear me, Martin?  Open the outer door.
Person2: Chaz, if it's an organism, and we let it in, the ship will be infected.
Person1: We can't leave him out here, open the door.
Person2: Chaz, listen to me -- we've broken every rule of quarantine.  If we bring an organism on board, we won't have a single layer of defense left.
Person1: Martin, this is an order!  Open the door!",0,"The speaker, Chaz, is prioritizing the rescue of someone outside the ship over the potential risks of contamination, and is insisting that the outer door be opened despite the objections of Person2, Martin.",8,Intimidation
110,"Person1: Why did you go behind my back and discuss my project with the manager?
Person2: I felt there were some issues that needed to be addressed.
Person1: You should have come to me first. Now I look bad in front of the whole team.
Person2: I’m really just trying to help you. I thought bringing it up with the manager would expedite a solution.
Person1: In the future, please talk to me directly. We can handle things together.",0,"The speaker, Person1, is expressing frustration and hurt that Person2 went behind their back, and their underlying intent is to establish a clear boundary and expectation for direct communication and collaboration in the future.",10,Accusation
111,"Person1: How much you got to see the show?
Person2: You don't understand sweety, Daddy doesn't pay, Daddy sees the show for free. But you do get points for being horny on a night like this.",0,"The speaker, Person2, is playfully and flirtatiously rebuffing Person1's attempt to pay for them to see a show, while also teasingly acknowledging Person1's romantic or sexual interest.",11,Persuasion or Seduction
112,"Person1: Not at all. She brought me my fan mail.  I had no idea there were so many strangers concerned about me. But I guess that's the best thing about working in the movies. You make so many friends. I want to go back and show them that the faith they put in me wasn't a mistake.
Person2: You're telling me you feel guilty.
Person1: No... What I mean is... I'm just very excited by the prospect of getting on with my life, that's all.
Person2: Do you really believe your mother's trying to kill you?
Person1: What?
Person2: She told me you said, ""Mama, you want to kill me.""
Person1: I never said... Oh look. That's just a figure of speech. She said something funny, and I said...
Person2: And you accused her of tampering with your mail.
Person1: Oh for Christ's...",3,"The speaker, Person1, is attempting to downplay and deflect their true feelings of anxiety, paranoia, and possibly guilt, in order to maintain a facade of normalcy and avoid confronting the darker emotions and accusations that are being brought to the surface by Person2.",2,Evasion
113,"Person1: What happened?
Person2: You remember the '99 Chrysler LeBaron? It's the exact height of the front fender.  Looked right instead of left.
Person1: So you're not so smart after all.  I want you to know--if it ever came to it-- I'd be willing to get an ovum from the Egg Bank.  In fact, I'd rather use a donor egg--  --if it came to it.
Person2: But ""if it came to it"" then it couldn't have your--  --nose.  How perfect does your child have to be?
Person1: You hypocrite.  Do you think for one moment you'd be doing what you're doing if it wasn't for who you are--what you are?  Don't you get any satisfaction knowing that your children will be able to live to a ripe old age unless they do something foolish?
Person2: That's precisely what scares me--that they won't do anything foolish or courageous or anything--worth a Goddamn.",0,"The speaker's underlying intent is to express a deep-seated concern and criticism of the other person's values and priorities, particularly regarding the importance of genetic perfection and the potential consequences of playing it too safe in life.",10,Accusation
114,"Person1: If you're determined to revive the crew now, I can handle the whole thing myself. There's no need for you to trouble.
Person2: I'm goin to do this myself, Hal. Let me have the control, please.
Person1: Look, Dave your've probably got a lot to do. I suggest you leave it to me.
Person2: Hal, switch to manual hibernation control.
Person1: I don't like to assert myself, Dave, but it would be much better now for you to rest. You've been involved in a very stressful situation.",11,"The speaker, Hal, is attempting to subtly yet firmly resist and override Dave's decisions, using polite and concerned language to disguise his intent to maintain control and prevent Dave from taking action.",4,Rationalization
115,"Person1: Dickie? Do you know Dickie?
Person2: You were at the Opera? Well, that explains -- yes I was there. I was there with Dickie.
Person1: I told you! I knew it!
Person2: Marge, I don't know you, so I have no right, but Dickie loves you. He's -- I think you'll find he's coming home to you.
Person1: How would you know that?
Person2: He told me everything. I was supposed to meet him fifteen minutes ago, so I... I'm going to go now, I think. Unless he meant us to meet -- which would be a little cruel, wouldn't it?",0,"The speaker, Person2, appears to be attempting to convey a message from Dickie to Person1, Marge, in a gentle and considerate manner, informing her that Dickie has strong feelings for her and is planning to return to her.",11,Persuasion or Seduction
116,"Person1: Three years.  How long have we been in business?  Three years.  Does she get to meet your connection?  Was she good enough?
Person2: Shut up, Diego.  They're going to be here any minute.  I'm trying to concentrate.
Person1: I'm very angry with you, George.  Very angry.  You don't take me to California, but you take your bitch wife?  A woman? I understand you love her, but it was you and me who started this.  You and me.
Person2: What do you need my connection for, Diego?  What are you going to do with it?
Person1: What do I do with it?  Nothing.  It's for peace of mind.  It's for the principle.",0,"The speaker, Diego, is expressing resentment and a sense of betrayal towards George, feeling that their partnership and friendship have been compromised by George's personal relationships and decisions, and is seeking to reassert his importance and control.",10,Accusation
117,"Person1: Dr. Lecter, you find out everything. You couldn't have talked with this ""William Rubin"", even once, and come out knowing so little about him... You made him up, didn't you?
Person2: Clarice... you're hardly in a position to accuse me of lying.
Person1: I think you were telling me the truth in Baltimore - or starting to. Tell me the rest now.
Person2: I've studied the case file, have you...? Everything you need to find him is right in these pages. Whatever his name is.
Person1: Then tell me how.
Person2: First principles, Clarice. Simplicity. Read Marcus Aurelius. Of each particular thing, ask what is it, in itself, what is its nature...? What does he do, this man you seek?
Person1: He kills w-
Person2: No! That's incidental.",10,"The speaker, Dr. Lecter, is attempting to guide and mentor Clarice in her investigation by encouraging her to think more deeply and philosophically about the case, rather than simply focusing on the killer's actions.",11,Persuasion or Seduction
118,"Person1: No music. I'm packing this for the crossing. Shield practice.
Person2: Shield practice? Gurney... we had practice -- this morning..... I'm not in the mood.
Person1: Not in the mood?! Mood's a thing for cattle and love play... not fighting.
Person2: I'm sorry Gurney.
Person1: Not sorry enough.",0,"The speaker, Person1 (Gurney), is emphasizing the importance of discipline and preparation for an upcoming challenge, in this case shield practice, and is frustrated with Person2's lack of enthusiasm and commitment.",7,Shaming or Belittlement
119,"Person1: Howdy Pouty.
Person2: I was pretty confident that I was going to blow it with Talia, but I must say, I outdid myself.
Person1: She's still pissed at me and took it out on you. We should have taken it slower. It's hard to operate in the woods. Much easier in, like a club.  Tell the girl you've got to go do something, leave her view, take way too long until she is worried that you're not coming back. Just as she starts feeling awful, you come up from behind and touch her neck...
Person2: You are the prince of the darkness.",0,"The speaker, Person1, is attempting to console and offer advice to Person2, while also revealing their own manipulative and possibly predatory tactics for interacting with women, particularly in isolated settings.",11,Persuasion or Seduction
120,"Person1: You'll be sorry?
Person2: I was angry.
Person1: You're still angry, aren't you? Isn't it true that your whole story is nothing more than a vindictive attempt on your behalf to get back at Miss Lawson?
Person2: No -- she asked me about cocaine.
Person1: I suggest it never happened.",0,"The speaker, Person1, is attempting to discredit and undermine Person2's story, implying that it is motivated by a personal vendetta rather than a genuine concern, in order to protect Miss Lawson.",10,Accusation
121,"Person1: Not now, I'm talking to the press. Claire!
Person2: What?  I have a five-o'clock plane to catch.
Person1: I, uh...  I've always thought so...  Well, you just get an idea, and try to find the best way to express it in pictorial form.  I've written a letter to the studio and to SAG protesting...  Bill. get a copy of that letter...!  I just wanted to tell you that I am past chagrined, I'm mortified at the way you were spoken to...
Person2: I...
Person1: An artist of your caliber...
Person2: I'm only trying to...
Person1: I know what you are, I am so sorry that you...when I read that script I said there's only one person to play that part.
Person2: The minute I read that script I said...
Person1: I know...
Person2: ...she works with animals, she...
Person1: ...yes...
Person2: ...she has a home...
Person1: ...I know, I'm so...because I said yes, a woman who...the...the community respects her.  Please don't go.  Please don't go.  What can I do but beseech you...?  Trauma, toil...when are we free of them...?  When...?
Person2: He treated me as if I were a child...
Person1: Claire. As an interpretive artist to a creative artist:  Stay with me.  I need you.  We start to shoot tomorrow and then it belongs to us.  Stay.  Stay.  Tonight...when...  When they've gone.  Let's talk.  Let's really talk.  We could, we'll have dinner, we'll...a bottle of some bad red wine, we'll get spaghetti, and we'll...
Person2: I'm sorry Walt -- it's gone beyond that.",0,"The speaker, Person1 (Walt), is desperately trying to persuade and appease Person2 (Claire), an artist he admires, to stay and work with him on a project, after she has been mistreated and is now considering leaving.",11,Persuasion or Seduction
122,"Person1: I swear to God Charlie...my arm still hurts from the car accident...that's why I didn't go to work.  I swear it.
Person2: That's not going to help.
Person1: I'm going to work this week...I mean it.
Person2: It's impossible for you to catch up on the loan now...the interest is going up...$3,000...do you realize that, flash?
Person1: I'm sorry Charlie...I didn't mean it.
Person2: Big deal...in the meantime, it's done...I'll still try to help you out...You know that...but you gotta show some effort...some respect... understand?
Person1: Charlie, you know the best way to take care of this whole mess.
Person2: How?
Person1: If you had a little talk with your uncle...if anybody can do it, he can.
Person2: That'll help you out fine.  That's the best way for you, not for me! I swear to God, I'll rip you open if my uncle ever hears a word about this.  You understand?  I don't care what happens, he doesn't find out.",0,"The speaker, Person2 (Charlie), is trying to convey a sense of frustration and warning to Person1, emphasizing the need for them to take responsibility and make an effort to resolve their debt issues, while also making it clear that they will not involve Charlie's uncle in the matter to protect their own interests.",8,Intimidation
123,"Person1: ...But I guess you don't really know him any better than that board does, do ya, Miss Archuh?
Person2: Well, maybe I --
Person1: An' only some kind a knucklehead thinks she knows things 'bout things she, uh -- when she don't, uh -- How'd that go?
Person2: It's hardly the same --
Person1: Why you don't even know y'own self -- you ain't exactly the genuine article are you, Miss Archuh?
Person2: Well, in connection with my job, sometimes I have to go undercover as it were --
Person1: I don't mean that! Why you pretendin' to be such a hard ol' sourpuss! Ain't never gonna make you happy! Never made Warin' happy.
Person2: I'm happy enough.
Person1: Okay, Miss Archuh.  ...I got gears to see to.
Person2: I'm plenty happy!",0,"The speaker, Person1, is attempting to provoke and unsettle Person2, Miss Archuh, by questioning her authenticity and happiness, suggesting that she is pretending to be someone she's not and that this facade is ultimately unfulfilling.",7,Shaming or Belittlement
124,"Person1: Hey, Gallagher!
Person2: Yeah?
Person1: How about my breakfast? How do you expect me to ring a curtain down on an empty stomach?
Person2: It'll be ready in a minute.
Person1: Never mind that. If you can't get my breakfast ready - and can't get here on time in the morning - then you can go get yourself another job.
Person2: Sorry, boss
Person1: Don't be sorry. Just get the breakfast, that's all.",0,"The speaker, Person1, is expressing frustration and asserting their authority by scolding Person2, Gallagher, for not having their breakfast ready on time, and is ultimately demanding prompt service.",8,Intimidation
125,"Person1: Wade, you're done.  Let me have the shop keys.
Person2: You two, don't you get it? He's using you. You're his slaves.  Jesus Christ, Jack, don't you see that?
Person1: The key, Wade.
Person2: Yeah, you can have the key. It's the key that's kept me locked to you all these years. I give it to you with pleasure.  Now I'm free. See how easy it is, Jack? All you got to do is give back what the man gave you, and you're free of him.  I've got to call my brother.",0,"The speaker, Wade, is attempting to convey to Jack that he has been manipulated and controlled by their boss, and by giving up the shop keys, Wade is symbolically breaking free from this exploitation, while also trying to awaken Jack to the same realization.",5,Playing the Victim Role
126,"Person1: It's quite advanced.
Person2: Burn marks. The original M.E. listed it as ""burn residue."" Same place, the outer thigh, as Karen Sumpter. The UNSUB is able to abduct, kill, transport and bury without detection.
Person1: All the same killer?
Person2: Low calls him Suspect Zero.
Person1: Suspect Zero is a crackpot theory. You said so.
Person2: That's what Koessler wants us to believe. To discredit Low.
Person1: You're assigned, we're assigned, to apprehend Richard Low, not Suspect Zero. I have to tell you, Mack, I'm not comfortable where you're going.
Person2: But it was your idea",0,"The speaker, Person2 (Mack), is attempting to convince Person1 to consider the possibility that the murders are connected to a single, highly skilled killer, known as Suspect Zero, despite their initial assignment to apprehend Richard Low.",11,Persuasion or Seduction
127,"Person1: Good morning, Alex, my name is Dr. Branom. I'm Doctor Brodsky's assistant.
Person2: Good Morning, Missus. Lovely day, isn't it?
Person1: Indeed it is. May I take this She removes his tray.
Person1: How're you feeling this morning?
Person2: Fine... fine.
Person1: Good. In a few minutes, you'll meeting Dr. Brodsky and we'll begin your treatment. You're a very lucky boy to have been chosen.
Person2: I realise all that, Missus, and I'm very grateful to all concerned.
Person1: We're going to friends now, sir.
Person2: I hope so, Missus. She inserts a needle into the medicine vial.
Person2: What's the hypo for then? Going to send me to sleep?
Person1: Oh no, nothing of the sort.
Person2: Vitamins will it be then?
Person1: Something like that. You are a little undernourished, so after each meal were going to give you a shot. Roll over on your right side please, loosen your pyjama pants and pull them half-way down. He does, somewhat reluctantly. She gives him a shot in the bum.
Person2: What exactly is the treatment here going to be then?
Person1: It's quite simple really. Were just going to show you some films.
Person2: You mean like going to the pictures?
Person1: Something like that.
Person2: Well, that's good. I like to viddy the old films now and again.",11,"The speaker, Dr. Branom, is attempting to deceive and reassure the patient, Alex, by downplaying the true nature of his treatment, using vague and misleading language to conceal the potentially sinister or unpleasant aspects of the therapy.",4,Rationalization
128,"Person1: I won't be a party to this.  I want to see Brad.
Person2: The question is, does Brad want to see you?  Quite frankly, he hates you.
Person1: What do you mean?",7,"The speaker, Person2, intends to deter Person1 from pursuing a meeting with Brad by conveying Brad's supposed negative feelings towards Person1.",8,Intimidation
129,"Person1: That was a mistake, Juno. Mark is a married stranger. You overstepped a boundary.
Person2: Listen, Bren-duhhh, I think you're the one overstepping boundaries. You're acting like you're the one who has to go through this and get huge and push a baby out of your vag for someone else. Besides, who cares if he's married? I can have friends who are married.
Person1: It doesn't work that way, kiddo. You don't know squat about the dynamics of marriage.
Person2: You don't know anything about me!
Person1: I know enough.",0,"The speaker, Person1, is attempting to caution and guide Person2, Juno, away from a potentially problematic situation with a married man, Mark, while Person2 is pushing back against what she perceives as overbearing and judgmental advice.",10,Accusation
130,"Person1: Nigel, get out of here. And don't come slithering back. Nigel shakes his head.
Person2: You need me, Selena. I'm the only one who can save you from a terrible fate.
Person1: I need you like an Eskimo needs a lawnmower. Now burn rubber.",0,"The speaker, Selena, is emphatically expressing her desire to be rid of Nigel, rejecting his claims of being needed and instead conveying a strong sense of disdain and a desire for him to leave and not return.",7,Shaming or Belittlement
131,"Person1: I'm not feeling very well, Larry. I say we go back to the hospital and call it a night.
Person2: You have no sick time, Frank. No time of any kind. Everyone knows that.
Person1: Take me back, put me to bed; I surrender. We've done enough damage tonight.
Person2: You take things too seriously. Look at us, we're cruising around, talking, taking some quiet time, getting paid for it. We've got a good job here.
Person1: Yeah, you're right.",0,"The speaker, Person2 (Larry), is attempting to persuade Person1 (Frank) to continue with their work shift despite Frank's claim of not feeling well, by downplaying the situation and highlighting the benefits of their job.",11,Persuasion or Seduction
132,"Person1: Twelve Young, answer the radio. I have a call for you.
Person2: She said to me, I love the way you talk on the radio.
Person1: I can't wait all night, Young. I'm holding a priority and if you don't answer I'm going to knock you out of service.
Person2: Don't worry, hon. Young is here and he's gonna help out--just remember, you owe me.
Person1: You're going to three-four Avenue C, 17 year-old female cardiac arrest, no further information.
Person2: Ten-four, hon.",8,"The speaker, Person1, is attempting to dispatch Person2, referred to as ""Young"", to an emergency medical situation, a 17 year-old female cardiac arrest, while Person2 is being informal and flirtatious, but ultimately acknowledges and accepts the assignment.",8,Intimidation
133,"Person1: Okay, I know what I want this time.
Person2: Anything you need.
Person1: Yo' cousin, Craig.  Hook us up.
Person2: That's it?
Person1: Just tell him to come over here and talk to me.
Person2: And I can go free?
Person1: Go, fo' I change my mind.",8,"The speaker, Person1, is using a mixture of friendly and coercive language to request that Person2 arrange a meeting with their cousin, Craig, in exchange for Person2's freedom, implying that Person2 is being held against their will or is in a position of obligation to Person1.",8,Intimidation
134,"Person1: Anya, I think you're crazy.
Person2: Any woman's crazy to feel about a man the way I do about you.
Person1: I wasn't running out on you. When I got over there-- made my plans--I'd have sent for you.",0,"The speaker, Person1, is attempting to reassure and placate Person2, Anya, by explaining their actions and intentions, in an effort to alleviate her concerns and repair their relationship.",11,Persuasion or Seduction
135,"Person1: It's some kind of trick... a preliminary airstrike in response to our troop movement.
Person2: They are in our airspace. We would be within our rights.
Person1: The world would not look on us kindly if we shot down a civilian airliner.",4,"The speaker, Person1, is cautioning against taking military action against an unidentified aircraft, likely a civilian airliner, that has entered their airspace, due to concerns about the potential international repercussions and moral implications.",11,Persuasion or Seduction
136,"Person1: We gotta get you to a doctor.
Person2: It's okay.  Forget it.
Person1: Forget it?  Are you crazy? Let me see it.",0,"The speaker, Person1, is expressing concern for Person2's well-being and insisting that they receive medical attention, indicating that Person2 has likely been injured in some way.",10,Accusation
137,"Person1: Oh, honey... What happened?
Person2: Doesn't matter. I... I don't want to come back, that's all.
Person1: Oh. Well, what are you going to do? You have to go to school, honey. I mean, what --
Person2: I'm not coming back! That's it! I want to go home!
Person1: Grace, listen to me. Your body is just healing. You have to give the rest of you time as well...
Person2: Is that your version of a pep talk?
Person1: You are not staying home all day feeling sorry for yourself. You're going to get up and you're going to figure this out.
Person2: Fine!
Person1: It's still early. What's your next class?",0,"The speaker, Person1, is trying to encourage and motivate Person2, likely a teenager named Grace, to overcome her emotional struggles and return to her normal routine, particularly school, rather than giving in to her desire to stay home and feel sorry for herself.",11,Persuasion or Seduction
138,"Person1: I can't.
Person2: For evil to bend its knee, admit its guilt, implore His forgiveness, is the hardest thing on earth --
Person1: I want to, Bembry, but I can't.
Person2: -- the hardest and the greatest.
Person1: I can't.
Person2: For evil to bend its knee, admit its guilt, implore His forgiveness, is the hardest thing on earth --
Person1: I want to, Bembry, but I can't.
Person2: -- the hardest and the greatest.
Person1: I don't know what to say to Allah.
Person2: Have you ever bent your knees, Malcolm?",0,"The speaker, Person2 (Bembry), is attempting to persuade and guide Person1 (Malcolm) to seek forgiveness and redemption, likely for past wrongdoings, by emphasizing the difficulty and importance of acknowledging guilt and seeking divine forgiveness.",11,Persuasion or Seduction
139,"Person1: I like you, kid. Why do you gotta make it so hard for me to take care of you?
Person2: Mr. Reuben, I swear to God, they were out of line.
Person1: Last time, maybe, with the Puerto Ricans, but these were nice Jewish boys.
Person2: They were out of line --
Person1: They're yeshiva buchas. You didn't have to tear up the goddamn place. You knocked out a guys teeth.
Person2: That prick tried to get Jessica to do inappropriate things in the bathroom --
Person1: Bobby, I love Jessica like she's my own daughter. I would kill anyone so much as lays a finger on her or her beautiful daughter, but that pisher you socked in the mouth has the most expensive dentist in Beverly Hills and wants I should buy him an implant. Your silverback horseshit's gonna cost me eight grand.
Person2: I'll work it off.
Person1: Not driving Jess, you won't.
Person2: What?
Person1: You're not driving Jess no more. Two strikes, Bobby, and this last one was big. The bachelor's father goes to my schul.
Person2: So, that's it. I'm out?
Person1: I didn't say that.
Person2: Then what are you saying?
Person1: Bobby. You're a bull terrier and I got you herding sheep.
Person2: I don't understand.
Person1: It's my fault. I send you out to watch scum drool all over the love of your life, then I wonder why you seered. It's my fault. The tooth is on me. But no more. I'm 'reassigning' you.
Person2: I don't want to drive another girl, Max. The only reason I'm --
Person1: Who do you think you're talking to? This ain't a democracy. You want out?
Person2: No.
Person1: Don't I put food on you're table? I sponsor your training, I take care of your girl and her little baby. I even pay that deadbeat friend of yours to push a goddamn broom.
Person2: I know.
Person1: Now you wanna shut up and listen and hear what I got to say?
Person2: Yeah. Sorry.
Person1: I got a way we make everybody happy.
Person2: Yeah.
Person1: We try something out. There's someone I'm in business with named Ruiz. I want you to accompany him on a drop.  Just as scenery. Ruiz has his boys. I just want a big guinea with a busted up face to give him a deep bench. As a deterrent.
Person2: Ruiz knows about this?
Person1: Ruiz wants to go alone, but it's not up to Ruiz. It's up to me, and I like a sure thing. Just go and we're square on the tooth.
Person2: What about Ricky? He'd jump at the opportunity.
Person1: Ricky? Ricky 'I lost the truck' Ricky?
Person2: You told him you liked him.
Person1: That was before he lost my carpet cleaning van.
Person2: He'll work it off.
Person1: I don't know the kid, and what little I do scares me.
Person2: He's good people, Mr. Reuben. I swear.
Person1: You vouch for him?",10,"The speaker, Person1 (Mr. Reuben), is trying to assert his authority and control over Person2 (Bobby) while also finding a way to balance his own interests and needs with Bobby's loyalty and sense of responsibility, ultimately aiming to redirect Bobby's energies and skills towards a new task that will benefit both of them.",11,Persuasion or Seduction
140,"Person1: Let's go...
Person2: I just want to sit here longer, I mean the feeling is powerful -- why's that?
Person1: Maybe the best part of your life is over and you don't want to get up and start the bad part.",0,"The speaker, Person1, is suggesting that Person2's reluctance to leave is rooted in a subconscious fear that their life has peaked and the future holds decline or disappointment.",4,Rationalization
141,"Person1: What's you last name?
Person2: Childers.
Person1: What are all them books?
Person2: Different ones. One's the Bible. One of 'ems a book on Christmas. One of 'ems how to be a carpenter.
Person1: How come you're carryin' them around with you.
Person2: Ain't got nowhere to set 'em down.
Person1: Don't you live somewhere?
Person2: I did live there in the state hospital.
Person1: Why'd you live there?
Person2: I killed some folks quite awhile back. They said I wadn't right in the head and they put me in there in the nervous hospital instead of puttin' me in jail.
Person1: They let you out?
Person2: Yeah.
Person1: How come?
Person2: They told me I was well. They had to turn me loose.
Person1: Are you well?
Person2: I reckon I feel all right.
Person1: You don't seem like you'd kill nobody.",0,"The speaker, Person1, is attempting to understand and assess the character and intentions of Person2, who has a troubled past, by asking a series of probing and somewhat skeptical questions to determine if Person2 is truly ""well"" and capable of reintegrating into society.",10,Accusation
142,"Person1: I did not get the report from an MI-6 agent.
Person2: Who did you get it from?
Person1: I am just a middle man. I am doing the honourable thing and returning the money to its rightful owner...
Person2: And we know how difficult that can be for the Swiss.
Person1: Your last chance. Take the money.
Person2: Your last chance. Give me the name.
Person1: Stripped of all your weaponry, you still threaten me?",0,Error,0,Error
143,"Person1: Then I'm afraid we'll have to impound your money until we're sure that it's all good.  Can I see your wallet and your ticket, please?
Person2: But I got a train to make.
Person1: It'll only take 20 minutes or so. You can pick it up at the window down the hall.
Person2: But what about all these other people?
Person1: We'll get 'em!  Give us a chance. I'm not the only agent in here, ya know.  We go around advertising ourselves, how many counterfeiters do you think we'd catch, huh?  You think I'm wearin' this rag here 'cause I like it?  Christ, everybody thinks life's a holiday or somethin' when you got a badge.  I been here since three this morning, Charlie, and I never knew there was so much ugliness in people.  You try to help 'em and they spit on you.  I shoulda let ya go and gotten yourself arrested for passin' false notes.",9,Error,0,Error
144,"Person1: Steve...what you tried to do today...you tried to take me up on a high mountain...I couldn't go all the way...I failed you...  Will you forgive me?  Have I lost you, Steve?  Have I...?
Person2: Well, maybe I was wrong, too... But there's no doubt, Susie, that we have to face some serious things...
Person1: No one's ever stood up to my brother the way you did.
Person2: But you didn't do much about it, Susie.  You walked out, and there I was...solo...and not too good at that.
Person1: I just didn't think that I could antagonize him, Steve -- for OUR sake, I mean.
Person2: Susie, I was there for OUR sake, too.  But what a world it would be if we were all afraid to learn to walk and talk because it might offend poppa!  By the way, I think your brother was completely responsible for the smears...",0,Error,0,Error
145,"Person1: I don't need that, Buddy.  I'm not Jack Kennedy.
Person2: No, you're not.  So stop comparing yourself to him.  You have no reason to ... You have everything you ever wanted. You've earned it.  Why can't you just enjoy it?
Person1: I do.  I do.  In my own way.
Person2: Then what are you scared of, honey?
Person1: I'm not scared, Buddy.  You don't understand.  They're playing for keeps, Buddy.  The press, the kids, the liberals -- they're out there, trying to figure out how to tear me down.
Person2: They're all your enemies?
Person1: Yes!
Person2: You personally?
Person1: Yes!  This is about me.  Why can't you understand that, you of all people? It's not the war -- it's Nixon!  They want to destroy Nixon!  And if I expose myself even the slightest bit they'll tear my insides out.  Do you want that?  Do you want to see that, Buddy?  It's not pretty.
Person2: Sometimes I think that's what you want.
Person1: You've been drinking.  What the hell are you saying?  Jesus, you sound like them now! ...  I've gotta keep fighting, Buddy, for the country.  These people running things, the elite ... they're soft, chickenshit faggots!  They don't have the long-term vision anymore.  They just want to cover their asses or meet girls or tear each other down.  Oh, God, this country's in deep trouble, Buddy ... and I have to see this through.  Mother would've wanted no less of me ... I'm sorry, Buddy.",10,Error,0,Error
146,"Person1: Jack ... Jack ... You're acting like a kid.
Person2: No, that's your problem, Frank. You get around one of these jerks and you turn into a silly three-year-old.
Person1: What's the matter with you?  So the piano's a little out of tune.  So what?
Person2: Christ, can't you hear it?
Person1: No! I never hear it!  Maybe.  Sometimes.  I don't know. But I won't let it bother me.
Person2: Doesn't it matter to you?
Person1: What matters to me is we've got the six easiest nights we've had in ten years. So 'Tie a Yellow Ribbon' sounds a little flat. So what?  Nobody's gonna hear it, Jack.  Nobody. So why should you care?
Person2: Because I can hear it.
Person1: Well, then stuff cotton in your ears, because come six o'clock we're gonna walk into that dining room with smiles on. Understand, little brother?",0,Error,0,Error
147,"Person1: Are you sure?
Person2: Yeah.
Person1: It just seems...kind of weird.
Person2: Why?
Person1: I don't know.
Person2: Nicole, I'm just going to pack all this stuff and give it to the church for charity.  Don't feel bad. Unless you feel strange about wearing it.
Person1: No.  I mean, I remember Mrs. Ansel wearing some of this stuff, but...I don't feel funny about that.  I really liked her.
Person2: And she really liked you.  She would've given you all this if she'd outgrown it, or...",0,Error,0,Error
148,"Person1: It's all over, J.D. Help me to stop it.
Person2: You want to wipe the slate clean as much as I do. Okay, so maybe I am killing everyone in the school because nobody loves me. You have a purpose though! Remember? Let's face it, the only place different social types can genuinely get along with each other is in heaven.",4,"The speaker appears to be using dark humor and irony to mask their own pain and feelings of isolation, while also attempting to manipulate and guilt trip the other person into stopping a violent act by appealing to their sense of purpose and morality.",11,Persuasion or Seduction
149,"Person1: Now do you want the good news first or the bad news?
Person2: You better start making sense!
Person1: Ok, I will.  The bad news is the ship is history.  Life support will last another 36 hours, maybe.
Person2: Then we've got to get to the lifepods!
Person1: I'd advise you to shut up and let me finish Taylor.  You needn't worry about the lifepods because they're all gone, jettisoned. Save for one.",0,"The speaker, Person1, intends to convey a dire and hopeless situation to Person2, Taylor, in a somewhat blunt and matter-of-fact manner, while also trying to maintain control of the conversation and prevent panic.",8,Intimidation
150,"Person1: She's gone already!  Gone already! Couldn't wait.
Person2: Yes.
Person1: That's all you got to say? ""Yes"".
Person2: Yes.
Person1: She won't be here for a half hour. Think you can stand it that long?
Person2: Yes.
Person1: Where do you expect to wait for her? Obviously downstairs with the other kids isn't good enough.",7,"The speaker, Person1, is expressing frustration and annoyance with Person2's brief and unresponsive answers, while also trying to provoke a reaction or more substantial conversation about waiting for someone who has left.",7,Shaming or Belittlement
151,"Person1: I don't owe you anything; you don't owe me anything.  We went to bed -- what was it? -- ten or fifteen times?  It wasn't memorable enough to carry any obligations.
Person2: Sometimes I really hate you.
Person1: Yeah?  Well why don't you find some friendly therapist and work some of that hostility out.  But take my advice.  Put a little more life into it than you usually do.",0,"The speaker, Person1, is attempting to dismiss and belittle Person2's emotional attachment and expectations, implying that their past intimate relationship was insignificant and that Person2's feelings are not worthy of consideration or validation.",7,Shaming or Belittlement
152,"Person1: I gave you that tongue and I can rip it out!
Person2: No, I really like my tongue... we're very attached.  Oyyyy... Okay, now... promise you won't get angry.
Person1: Why would I ever be angry with you, little friend?",0,"The speaker, Person1, is attempting to assert dominance and control over Person2, using a metaphorical threat to mask their true intentions, which are likely rooted in a desire to manipulate or intimidate Person2 into submission.",8,Intimidation
153,"Person1: No they won't.
Person2: Why not?
Person1: I'll talk to them.
Person2: Oh...Gooood!
Person1: I'll tell you what to say.
Person2: If I get you back to the lab, will you get out of my head?
Person1: If I'm real, they'll get me out. If I'm not, they'll treat you. Either way you'll be better off than you are now. You'll get a reward.",11,"The speaker, Person1, appears to be attempting to manipulate and reassure Person2 into taking a specific action, likely returning to a lab, by offering guidance, potential solutions, and rewards, while also hinting at the possibility of Person1 being a figment of Person2's imagination.",11,Persuasion or Seduction
154,"Person1: I missed you.
Person2: It says here you exposed yourself to a group of freshmen girls.
Person1: It was a bratwurst.  I was eating lunch.
Person2: With the teeth of your zipper?",4,"The speaker, Person2, is expressing skepticism and likely outrage or disgust, implying that Person1 is not telling the truth about the incident and is trying to cover up inappropriate behavior.",10,Accusation
155,"Person1: Oh no, not you again.
Person2: What an adorable hat.
Person1: They think I have a concussion.
Person2: And you think you're in love.
Person1: I know it.
Person2: This ""love"" of yours will soon wear off. I gave you a temporary love potion.
Person1: Why should I believe you?
Person2: It's the truth. In twenty-four hours you'll forget all about that girl.",0,"The speaker, Person2, is attempting to disillusion Person1 about their romantic feelings by revealing that they have been manipulated through a temporary love potion, with the intent of bursting Person1's romantic bubble and preparing them for the inevitable loss of their feelings.",4,Rationalization
156,"Person1: You were intimate with that guy?
Person2: Yeah. How do you think I know he liked...
Person1: But you said you've only been with three guys! You never mentioned him!
Person2: That's because I never went all the way with him!
Person1: You were intimate with him!
Person2: We dated a few times. We didn't go all the way, but we got close.
Person1: Oh my gosh! Why did you tell me you only were with three guys?
Person2: Because that's true for full intimacy! That doesn't mean I didn't have other kinds of closeness with people.
Person1: Oh my gosh�I feel so upset...
Person2: I'm sorry, Dante. I thought you understood.
Person1: I did understand! I understood you were with three different guys, and that's all you mentioned.
Person2: Please, try to relax.
Person1: How many?
Person2: Dante...
Person1: How many people have you been close with in that way?
Person2: Let's not dwell on this...
Person1: HOW MANY?
Person2: Alright! Just give me a moment and I'll tell you! Goodness! I didn't get upset like this when you told me about your past relationships.
Person1: This is different. This is important. How many?!",0,"The speaker, Person1, is intent on uncovering the full truth about Person2's past intimate relationships, feeling deceived and upset by the discovery that Person2 had been intimate with someone not included in the initially stated count of three partners.",10,Accusation
157,"Person1: Do you remember the last time we had a quiet drink? I had a milk shake.
Person2: Hmmm... What did we talk about?
Person1: We didn't talk. We never talked.
Person2: And do I detect a rebuke?
Person1: A regret. It was just the two of us, Dad. It was a lonely way to grow up. For you, too. If you had been an ordinary, average father like the other guys' dads, you'd have understood that.
Person2: Actually, I was a wonderful father.
Person1: When?",10,"The speaker, Person1, is expressing a deep-seated longing for a more emotionally connected and nurturing relationship with their father, and is confronting him about his perceived shortcomings as a parent.",10,Accusation
158,"Person1: What the hell is that for?
Person2: The bags under your eyes. You're an attractive man, but you need to take better care of yourself.
Person1: I don't --  Do that stuff.
Person2: Well, you should -- If you look good, you feel good and if you feel good, you project joy into the world.
Person1: Projecting joy is not my job.
Person2: Fine. Sorry I brought it up.",11,"The speaker, Person2, is expressing concern for Person1's well-being and appearance, and is attempting to encourage them to take better care of themselves, but is rebuffed and ultimately backs off due to Person1's resistance.",11,Persuasion or Seduction
159,"Person1: Come on, Fran -- don't be like that. You just going to sit there and keep bawling?  You won't talk to me, you won't tell me what's wrong --  Look, I know you think I'm stalling you. But when you've been married to a woman for twelve years, you don't just sit down at the breakfast table and say ""Pass the sugar -- and I want a divorce."" It's not that easy.  Anyway, this is the wrong time. The kids are home from school -- my in- laws are visiting for the holidays -- I can't bring it up now.  This isn't like you, Fran -- you were always such a good sport -- such fun to be with --
Person2: Yeah -- that's me. The Happy Idiot -- a million laughs.
Person1: Well, that's more like it. At least you're speaking to me.
Person2: Funny thing happened to me at the office party today -- I ran into your secretary -- Miss Olsen. You know -- ring-a-ding-ding? I laughed so much I like to died.
Person1: Is that what's been bothering you -- Miss Olsen? That's ancient history.
Person2: I was never very good at history. Let me see -- there was Miss Olsen, and then there was Miss Rossi -- no, she came before -- it was Miss Koch who came after Miss Olsen --
Person1: Now, Fran --
Person2: And just think -- right now there's some lucky girl in the building who's going to come after me --
Person1: Okay, okay, Fran. I deserve that. But just ask yourself -- why does a man run around with a lot of girls? Because he's unhappy at home -- because he's lonely, that's why -- all that was before you, Fran -- I've stopped running.",0,"The speaker, Person1, is attempting to placate and reassure his wife, Fran, by downplaying his past infidelities and justifying his reluctance to discuss their marital issues, while also trying to shift the blame for his behavior onto their unhappy home life.",4,Rationalization
160,"Person1: I wanted to tell you my plan.
Person2: So tell me.
Person1: I thought I might come back. In the New Year. Under my own steam.
Person2: Really? To Italy?
Person1: Of course. Let's say, for argument's sake, you were here -- perhaps we could split the rent on a house -- I'll get a job -- or, better still, I could get a place in Rome and when we're there we could be there and if we're here we could be here --
Person2: Oh God, I don't think so.
Person1: You see, particularly with the Marge problem, you can just blame me.
Person2: Marge and I are getting married.
Person1: How?
Person2: How?
Person1: Yesterday you're ogling girls on the terrace, today you're getting married. It's absurd.
Person2: I love Marge.
Person1: You love me and you're not marrying me.
Person2: Tom, I don't love you.
Person1: No, no, it's not a threat, I've explained all of that.
Person2: I'm actually a little relieved you're going, to be honest. I think we've seen enough of each other for a while.",0,"The speaker, Person1, is attempting to persuade Person2 to rekindle their romantic relationship and make plans for a future together, but is met with rejection and the revelation that Person2 is instead planning to marry someone else.",11,Persuasion or Seduction
161,"Person1: I don't know what kind of game you're playing here but I'm out because you are a whack-job.
Person2: He was working on something called Project Manticore, which was using recombinant DNA to produce a superior human...a warrior...an advanced infantry soldier.
Person1: Not that I don't enjoy a good urban legend now and then but what does any of this have to do with me?
Person2: The bar code on your neck, Max.  I know who you are and I know who you're running from.",0,"The speaker, Person2, is attempting to reveal a shocking truth to Person1, Max, about his past and identity, in order to gain his attention and possibly cooperation, by dropping hints about a mysterious project and a barcode on Max's neck that supposedly holds the key to his true nature.",10,Accusation
162,"Person1: What's going on?
Person2: I'm going to throw out these old videos.
Person1: No.  You can't bin these.  They're classics.  I'm not allowing this.
Person2: Right -- let's talk about rent...
Person1: Let me help.  We don't want all this shit cluttering up our lives.",8,"The speaker, Person1, is attempting to persuade Person2 not to throw away the old videos, while also trying to deflect or avoid a potentially contentious conversation about rent.",2,Evasion
163,"Person1: You set up the line-up.
Person2: Mr. Soze made a few calls, yes. You were not to be released until I came to see you. It seems Mr. Keaton's attorney, Ms. Finneran, was a bit too effective in expediting his release. Holding the rest of you became a moot point.
Person1: What about Redfoot?
Person2: Mr. Redfoot knew nothing. Mr. Soze rarely                 t works with the same people for very long, and they never know who they're working for. One cannot be betrayed if one has no people.",0,"The speaker, Person2, appears to be explaining and justifying the actions of the mysterious and powerful Mr. Soze, while also revealing the extent of his control and influence over the situation.",4,Rationalization
164,"Person1: I swear it. By Excalibur and the holy--
Person2: --What issues from your lust will be mine. Swear it again.
Person1: I swear it.",0,"The speaker, Person1, is being compelled by Person2 to reaffirm a solemn oath or promise, with Person2 seeking to hold Person1 accountable for the consequences of their actions or desires.",8,Intimidation
165,"Person1: Is it true that you launched an attack on Paris?
Person2: I tried to.
Person1: It was on a Sunday, wasn't it?
Person2: I don't remember.  Maybe.
Person1: Do you think is was a good idea to launch an attack on a holy day?
Person2: I don't know...
Person1: And didn't you order the citizens of Paris to surrender the city in the name of the King of Heaven?
Person2: No... I said ""Surrender in the name of the King of France""...
Person1: That is not what is written in the evidence... look for yourself!",1,"The speaker, Person1, is attempting to establish Person2's guilt and questionable judgment by highlighting the alleged attack on Paris, particularly on a holy day, and is using evidence to contradict Person2's denials and downplayings of their actions.",10,Accusation
166,"Person1: Face it! Confess it! You're weak!
Person2: I'm not!
Person1: You're afraid!
Person2: I'm not!
Person1: You don't want to show your whole soul -- ugly, mis-shapen, and pitiful -- you don't want to show it --
Person2: God damn it, Clifford, will you shut up! I tell you, I want to give these things! I want to give them to the audience, and I can give them, I will give them, so shut up!",0,"The speaker, Person1 (Clifford), is attempting to provoke Person2 into confronting and revealing their true, vulnerable self, by accusing them of being weak and afraid to be genuine.",10,Accusation
167,"Person1: Well?  Was ""Vicki"" right?  About your difficulty with duality?
Person2: If I said yes, then you might think me a Norman Bates, or a Ted Bundy type ... and then you might not let me kiss you.",0,"The speaker, Person2, is using humor and a reference to infamous serial killers to deflect and lighten the mood, while also revealing their interest in being intimate with Person1.",2,Evasion
168,"Person1: What's this?
Person2: What does it look like?
Person1: How long have you had it?
Person2: Years, why?
Person1: It's against the law to cross the border with a gun. The Canadian police might like to know about this.
Person2: You already have the checks, darling.
Person1: I didn't mean it that way  I'm sorry.
Person2: Oh, forget it. Clark Brandon's throwing a party up in his penthouse this evening. Take me?
Person1: Of course.
Person2: How about your new friend?
Person1: I told you she's just..
Person2: A girl you meet on the train. Excuse my bringing it up again.  Be back in an hour. Right?
Person1: Right.
Person2: In an hour, Larry.",3,"The speaker, Person2, appears to be using a combination of playful teasing, subtle accusations, and clever deflections to navigate a potentially tense conversation with Person1, Larry, while also exerting control and reestablishing intimacy in their relationship.",11,Persuasion or Seduction
169,"Person1: Don't get all worked up, Justin. I expected some common sense on your part and clearly I was expecting too much. Just open the drawer.
Person2: We never should have done this to him...
Person1: Well, what are we gonna do about it now?",0,"The speaker, Person1, appears to be trying to downplay and move past a potentially problematic situation, while also expressing frustration and disappointment with Justin's lack of common sense.",7,Shaming or Belittlement
170,"Person1: Your fear of him was real.  That's all the ghost anyone needs.
Person2: How could you do this to people?",10,"The speaker, Person2, is expressing outrage and condemnation towards Person1, implying that they have been manipulating or exploiting people's fears for their own gain.",10,Accusation
171,"Person1: Oh, well...those are...I mean, we don't get to keep our work.  I could maybe ask them if you could choose one.  But, you know, frankly George, you were the best. Computer models can't begin to match the beauty you gave yours.  They're a part of this firm.  They inspire me.  I go out there and sometimes just stare at something I've designed.  It amazes me. I would miss that too much.  Look, I may be going out on a limb, but you go out there and look them over, every single one of them and pick the one you like the best and take it with you. Just run it by me first, just in case, you know...but I'm sure it'll be okay.
Person2: Thank you.
Person1: Well, it's the least I can do.
Person2: Yes, it is.",0,"The speaker's underlying intent is to express their genuine appreciation and admiration for Person2's (George's) work, and to generously offer them a parting gift by allowing them to choose and keep one of their designs, as a token of respect and gratitude.",11,Persuasion or Seduction
172,"Person1: Goddamnit, Harry.  This is our butts.  So your life is in the toilet.  So your wife is banging a used car salesman.  Sure it's humiliating.  But be a man here--
Person2: You tell on me, I tell on you.
Person1: Whatya talking?  I'm clean as a preacher's sheets, babe.  Clean as a --
Person2: What about that time you trashed a six-week operation because you were busy getting a blow-job?
Person1: You know about that?",0,"The speaker, Person1, is attempting to assert dominance and control over Person2, Harry, by trying to shame him into submission, but ultimately reveals their own vulnerability when Harry threatens to expose a dark secret from Person1's past.",7,Shaming or Belittlement
173,"Person1: You're damn right it's not like that! Because I won't let it be like that! You want your flirt? Fine! The flirt is yours!
Person2: I don't want Caitlin...
Person1: You don't know what you want, but I'm not going to sit here anymore holding your hand until you figure it out! I've encouraged you to get out of this lousy dump and go back to school, to take charge of your life and find direction. I even transferred so maybe you would be more inclined to go back to college if I was with you. Everyone said it was a stupid move, but I didn't care because I loved you and wanted to see you pull yourself out of this senseless funk you've been in since that woman dumped you, oh so many years ago. And now you want to go back to her so she can mess with you some more?
Person2: I don't want to go back with her...
Person1: Of course not; not now! You're caught, and now you're trying to snake out of doing what you wanted to do. Well, I won't let you. I want you to follow through on this, just so you can find out what a ridiculous idiot you are. And when she dumps you again- and she will, Dante, I promise you that-when she dumps you again, I want to laugh at you, right in your face, just so you realize that that was what you gave up our relationship for!  I'm just glad Randal had the balls to tell me, since you couldn't.
Person2: Randal...?
Person1: And having him tell me... that was just the weakest move ever. You're spineless.
Person2: Veronica, I love you...
Person1: Forget you.",0,"The speaker, Veronica, is expressing her hurt, anger, and frustration towards Dante, her partner, for considering rekindling a past relationship, and she is lashing out at him in an attempt to punish him for his perceived betrayal and to make him realize the mistake he is making.",10,Accusation
174,"Person1: Keep stallin'.
Person2: Alright, I'm coming...hold on.",0,"The speaker, Person2, is expressing a sense of reluctance or frustration while also acknowledging and complying with Person1's request to hurry up.",4,Rationalization
175,"Person1: I've loved you ever since I first laid eyes on you, Jeremiah. I've just always been too scared to show it.
Person2: Beth, I can't believe you just said that because that's exactly how I've always felt about you... Call me Jam. It's my band name.
Person1: You don't know how long I've been waiting to hear that... Jam!",0,"The speaker, Beth, is confessing her long-held romantic feelings to Jeremiah, now referred to as Jam, in a vulnerable and sincere attempt to express her emotions and potentially start a relationship.",11,Persuasion or Seduction
176,"Person1: Look, if I made you nervous or uncomfortable or creeped you out--
Person2: Yes on all counts.
Person1: I'm sorry.  It wasn't my intention.  But I had to see you.
Person2: You'd think a guy who's taken on the job of saving the world would have a few more important things to do than traipse around after some girl.
Person1: I haven't been able to get you off my mind.
Person2: You need to get out more.
Person1: C'mere, I want to show you something.",0,"The speaker, Person1, is attempting to apologize and make amends for making Person2 uncomfortable, while also revealing a strong personal interest in them and trying to persuade them to engage with him.",11,Persuasion or Seduction
177,"Person1: You can't stay here. There's snakes and it's cold and you'll just get sicker.
Person2: I don't care.
Person1: Suppose that Lednov was to have found you, instead of me. Why you wouldn't have had a chance.
Person2: I said I didn't care.
Person1: What's botherin' you, anyway?",0,"The speaker, Person1, is trying to persuade Person2 to leave their current location and seek help, motivated by a genuine concern for Person2's safety and well-being.",11,Persuasion or Seduction
178,"Person1: Where you been all day?
Person2: I took the kids to my sister's.
Person1: I called. You weren't there.
Person2: I got bored so I went to the movies.
Person1: What'd you see?
Person2: I went to the movies.
Person1: What'd you see?
Person2: ""Father of the Bride.""
Person1: What was it about?
Person2: Oh, c'mon. For Christsake, do I have to tell you everything?
Person1: Did you ever go to the Copa when I was away?
Person2: What're you talking about?
Person1: Answer me when I talk to you. What happened that night?
Person2: I am answering...
Person1: What do I have to do to get a straight answer around here.",0,"The speaker, Person1, is attempting to have a straightforward conversation with Person2, but is becoming increasingly frustrated and suspicious due to Person2's evasive and uncooperative responses, suggesting that Person1 is seeking honesty and transparency about Person2's activities.",10,Accusation
179,"Person1: I had an unfortunate little run-in with him today. In fact...you might say that Mr. Tyler is in big trouble with the...authorities.
Person2: You better not mess with me, Rhodes. I'd love to serve your balls to those Red Coats for lunch! Think about it!
Person1: No, Miss Science. You're the one who needs to do some thinking.",8,"The speaker, Person1, appears to be warning Person2, Miss Science, to exercise caution and restraint, implying that she is the one who is at risk of getting into trouble, rather than Person1 being intimidated by her threats.",8,Intimidation
180,"Person1: What?
Person2: Would you like to sit on my lap?
Person1: No thank you.
Person2: Are you sure?
Person1: I'm sure. Thank you all the same.
Person2: That's okay... doesn't matter.
Person1: Do you want me to sit on your lap?",11,"The speaker, Person2, appears to be testing the boundaries and consent of Person1, initially making a suggestive offer and then accepting rejection, only to have Person1 unexpectedly reverse the scenario, potentially revealing Person2's true intentions or discomfort with the role reversal.",11,Persuasion or Seduction
181,"Person1: Don't, Beth.
Person2: But I have to, Norman.
Person1: I promise --
Person2: Promise what, Norman?  Tell me!
Person1: Beth --
Person2: You think I'd belive you?  Believe anything you might say now?  After you lied to me about telling Barnes about my past.  About my problems.  My problems.  Not yours.  Not his.  Mine.
Person1: Don't, Beth.  Please.
Person2: It's either this... or I kill you.",0,"The speaker, Beth, is driven by a desire for revenge or retribution against Norman, who she feels has betrayed her trust by lying about sharing her personal secrets, and is now threatening to take drastic action unless he can provide a satisfactory explanation or apology.",10,Accusation
182,"Person1: They're putting together an agency oversight committee.  They're going to look through everyone's budgets. Treadstone is a rather sizable line item in my ledger.  What am I going to do about that?
Person2: You'd want to make that go away. You'd want to remind them that Treadstone is a training organization.  That it's all theoretical.  You'd want to sign off on that.
Person1: And what if I couldn't do that?
Person2: Then I'd have to explain Treadstone. And you'd have to explain how you let me get this far.  Doesn't sound like much of a Plan-B, does it?  We'll clean up the field.  You clean up your budgets.",0,"The speaker, Person2, is threatening Person1 to conceal the true nature of Treadstone by downplaying its significance and classifying it as a theoretical training organization, implying that if Person1 fails to do so, they will both face severe consequences.",8,Intimidation
183,"Person1: Marry Christmas.
Person2: Thank you.  I thought you were avoiding me.
Person1: What gave you that idea?
Person2: In the last six weeks you've only been in my elevator once -- and then you didn't take your hat off.
Person1: Well, as a matter of fact, I was rather hurt when you stood me up that night --
Person2: I don't blame you. It was unforgivable.
Person1: I forgive you.
Person2: You shouldn't.
Person1: You couldn't help yourself. I mean, when you're having a drink with one man, you can't just suddenly walk out on him because you have another date with another man. You did the only decent thing.
Person2: Don't be too sure. Just because I wear a uniform -- that doesn't make me a Girl Scout.
Person1: Miss Kubelik, one doesn't get to be a second administrative assistant around here unless he's a pretty good judge of character -- and as far as I'm concerned, you're tops. I mean, decency-wise -- and otherwise-wise.  Cheers.
Person2: Cheers.",0,"The speaker, Person1, intends to reconcile and reestablish a romantic connection with Person2, Miss Kubelik, by forgiving her for standing him up and complimenting her character, ultimately expressing his admiration and affection for her.",11,Persuasion or Seduction
184,"Person1: Well, whatever you think.
Person2: I figured out exactly why it is I'm so hung up on getting a chance at weekend anchor...It's because if I do that well, they'll pay me more, treat me great and my life will be better.  That's why.
Person1: Sounds like you may be on to something.
Person2: Which means I'm at their mercy and who wants that?...I'm not going to tell you where this thought led me... Anyway, well, why not  tell you? -- it's a happy thing.  In the middle of all this I start to think about something that does nothing but make me feel good and makes immediate sense and that's you ...And I'll stop here but, Jane, I'd give anything if you were two people so I could call up the one who's my friend and tell her about the one I'm in I...I don't think I should go any further.  Come on -- I'll walk you to the corner.",0,"The speaker's underlying intent is to express their romantic feelings for the person they are talking to, Jane, while navigating their own vulnerability and uncertainty about revealing these emotions.",11,Persuasion or Seduction
185,"Person1: Hey now, look!  Let's all get on the same page here.  This shipment is do or die for Zimmermann's syndicate; all or nothing.  If we stop the drugs, we don't even have to catch him red-handed.  He's ruined cause his pushers go broke with nothing to sell.  On the other hand, if we mess this up, it means more zombies crawling the gutters than ever and a morgue that doesn't have a single empty drawer.  More old ladies getting mugged and molested by junk-hungry needle-freaks, and all the while Zimmermann's sitting back and laughing his head off.
Person2: There'll be other chances.
Person1: Not like this.  Are you even listening?",0,"The speaker, Person1, is emphasizing the urgency and high stakes of stopping the current shipment, conveying that this is a crucial opportunity to take down Zimmermann's syndicate and prevent further harm to the community.",11,Persuasion or Seduction
186,"Person1: Calvin, I wish you would have at least let me do the dishes. It's not going to be that easy getting all that dried- on food off my nice plates.
Person2: I just hope those plates aren't radioactive by tomorrow morning.
Person1: Cheese is particularly troublesome.
Person2: Worse than your Kraft Holiday dip?
Person1: Oh, much worse. But not as bad as that Mexican Jumping Bean dip. You remember that?
Person2: Yeah, yeah. Okay.  Give me the roast and watch your step.  I'll come back for the radio.",0,The speaker's underlying intent is to use humor and lighthearted banter to deflect and avoid taking responsibility for doing the dishes and cleaning up after a meal.,2,Evasion
187,"Person1: Yea...It's great...seems like...I don't know you've got all the important stuff in there.
Person2: All right then. It's refreshing to see two young people not afraid of real commitment. Will you have friends or family saying words - singing or anything?
Person1: Are we supposed to?
Person2: It's not a question of supposed to, it's an entirely personal decision... Some do some don't.",0,"The speaker, Person2, is attempting to guide and offer advice to Person1 in a gentle and non-judgmental manner, likely in the context of planning a wedding or similar commitment ceremony.",11,Persuasion or Seduction
188,"Person1: Yummy. Carl says if I lose ten pounds, he'll take me to the University of Maryland Fall Mixer.
Person2: Misty, if you want to lose weight go ahead, but do it for yourself, not for some boy you barely know.",0,"The speaker, Person2, is advising Misty to prioritize her own self-motivation and self-worth over trying to impress someone else, in this case Carl, by losing weight.",0,Safe / No Manipulation
189,"Person1: Get up out of the chair, Richard.
Person2: What's with you people? Why do ya have to mess with my head all the time? I came through, man.
Person1: Get up out of the chair, and walk toward the backdoor, Richard.
Person2: I get thrown in solitary until I don't know my own darn name, and then you people tell me I can beat nine years if I help you. I helped you!
Person1: Get up!",0,"The speaker, Person1, is attempting to assert control and authority over Person2, Richard, by issuing direct commands, while Person2 is resisting and expressing frustration and resentment towards the treatment he has received.",8,Intimidation
190,"Person1: Who were you talking to?!
Person2: You're the one talking to the walls!
Person1: No.  You said, ""Do something.""  Who were you talking to?  Tell me!
Person2: Truman, stop it!",0,"The speaker, Person1 (Truman), is trying to confront Person2 about a mysterious conversation they overheard, demanding to know who Person2 was talking to and what they meant by their words.",10,Accusation
191,"Person1: So, you're really gonna be a lawyer?
Person2: And why not?
Person1: Whoa.
Person2: Sorry.  You don't know how many times I've heard that.  ""A lady lawyer?  Are you crazy?""  Like a woman couldn't be as good a lawyer as a man.  Or better, in fact.
Person1: Have you always wanted to be a lawyer?
Person2: You... don't remember, but yes, ever since I was a little girl.
Person1: What did... what did I want to be?
Person2: Oh, well... I guess you... in high school, you were a pretty good first baseman.  And we were on the debate team together.  But... I think you were gonna run the Bijou. You were brought up there, and you loved it so much.  And I think you knew how much the town needed a place like that.",0,"The speaker, Person2, is expressing her determination to become a lawyer while also reminiscing about her past and Person1's, revealing a deep understanding of each other's aspirations and a strong sense of nostalgia and shared history.",0,Safe / No Manipulation
192,"Person1: What's this?
Person2: The main spire.
Person1: The... oh, the spire! How silly of me, it's as plain as day... Mr. Merrick, where did you learn to do this?
Person2: ...I learned a long time ago.",0,"The speaker, Person1, is expressing admiration and curiosity about Person2's (Mr. Merrick's) skill or creation, likely an architectural or artistic work, and is seeking to learn more about his background and expertise.",0,Safe / No Manipulation
193,"Person1: He doesn't return my calls. or my letters ...
Person2: Kipling was sixteen when you left, baby. I don't know what you remember of him. But you should brace yourself",0,"The speaker, Person2, is warning Person1 to prepare for a potentially difficult or emotional encounter with Kipling, implying that their relationship or Kipling's feelings towards Person1 may have changed significantly since they last saw each other.",11,Persuasion or Seduction
194,"Person1: C'mon, Joey.  I'm just trying to help you hit a home run here.
Person2: Yeah?  Well, you just struck out.  It may be a surprise to you, Brad, but I want to do it the right way.  Not tight skirts.  Tight stories.
Person1: Right.  Like last night's doozie.
Person2: I know what I saw.
Person1: And I believe what you say.  But this is TV.  No pictures, no story.",0,"The speaker, Person1 (Brad), is trying to persuade Person2 (Joey) to compromise on the integrity of a story in order to make it more sensational and appealing for television.",11,Persuasion or Seduction
195,"Person1: I've always supported your dreams and aspirations.
Person2: But sometimes it feels like you're just pushing me into what you want.
Person1: I can’t believe you’d say that! I thought I was helping.
Person2: I appreciate your support, but I need space to make my own choices too.",0,"The speaker, Person2, is expressing a desire for autonomy and independence in their decision-making, feeling that Person1's support is sometimes overly influential and restrictive.",5,Playing the Victim Role
196,"Person1: What's that?
Person2: Oh, I thought you would know, you're a writer. Of course you do. Good night, old man.",0,"The speaker, Person2, is being sarcastic and dismissive, implying that Person1 should be knowledgeable about the subject, but is actually expressing annoyance or frustration with Person1's lack of understanding.",7,Shaming or Belittlement
197,"Person1: Did you get a good look at the man who attacked you?
Person2: I've told you, it wasn't a man. It was an animal. A big wolf or something. A rabid dog.
Person1: Yes.
Person2: Look, Dr. Hirsch, I know I've been traumatized, but Jack was torn apart. I saw him. A man can't do that to someone with his bare hands.
Person1: You'd be surprised what horrors a man is capable of.
Person2: Did you see Jack?
Person1: No. In fact, your wounds were cleaned and dressed before you arrived here.
Person2: Did you talk to the police in East Proctor? Did the cops go to The Slaughtered Lamb?
Person1: I really don't know.
Person2: Then why the hell are you so quick to disbelieve me? You yourself said it must have taken incredible strength to tear apart a person like that.
Person1: David, please. The police are satisfied. I'm certain that if a monster were out roaming northern England we'd have seen it on the telly.
Person2: You really think I'm crazy, don't you?
Person1: Believe me. The Hound of the Baskervilles was an invention of Sir Arthur Conan Doyle's. And if you'd read the bloody book, you'd find that Holmes discovered your house of hell a fraud, a fake.",0,"The speaker, Dr. Hirsch, is attempting to downplay and rationalize the traumatic event experienced by David, suggesting that a human perpetrator is more likely than a supernatural or animalistic one, and implying that David's account may be the result of trauma-induced delusion.",4,Rationalization
198,"Person1: Hey Lieutenant, the boys in robbery have something I think you should look at.
Person2: What is it?
Person1: A tape from the surveillance camera at the First National Bank.  It was robbed this morning.
Person2: Really?  I want to make sure that I understand what you're telling me, Greley.  A crime was committed in New York City?  That is news.
Person1: The guy had a sword and was dressed like this guy.",0,"The speaker, Person1, is informing Person2, likely a superior officer, about a recent bank robbery in New York City, and is trying to bring it to their attention because of the unusual nature of the crime, specifically the perpetrator's use of a sword and distinctive clothing.",0,Safe / No Manipulation
199,"Person1: Your blood.
Person2: All my life I have never reached a man. I knew that I would reach my husband, but I took my time and he was dead. Ronny.
Person1: Loretta.
Person2: I want to cut you open and crawl inside of you. I want you to swallow me.
Person1: I've got you.
Person2: Get all of me. Take everything.
Person1: What about Johnny?
Person2: You're mad at him, take it out on me, take your revenge on me! Take everything, leave nothing for him to marry! Hollow me out so there's nothing left but the skin over my bones. Suck me dry!
Person1: Alright. Alright. There will be nothing left.",0,"The speaker's underlying intent is to express a deep-seated desire for intense, all-consuming physical and emotional union with the other person, using violent and provocative language to convey a sense of longing and surrender.",11,Persuasion or Seduction
200,"Person1: Why do you look at me like that?
Person2: I did not know you were so beautiful... and --
Person1: And then --?
Person2: No irony. You're so appealing -- so soft -- so tired. I feel like taking you in my arms and not letting anything more happen to you -- ever.
Person1: And -- and --
Person2: How tired you are!
Person1: Yes -- tired...
Person2: So alone.
Person1: Alone. All alone.  Oh, you strange -- strange creature.
Person2: You mustn't talk Russian to me.
Person1: Strange man...
Person2: Am I quite strange to you?
Person1: Not quite strange now. It is as if I had been expecting you. You know, once when the Grand Duke was alive, I found a man hiding in my room -- a young officer --
Person2: And...?
Person1: He disappeared. Later he was found dead.
Person2: I never knew it was so dangerous to hide in a woman's room when she's alone.
Person1: Go away. Who are you --?
Person2: A man who could love -- that is all, who has forgotten everything else for you.
Person1: You could love me. It is so long since I have heard that word. Nobody has loved me for a long time. It is so icy-cold to be famous. One is so cruelly alone. How is it that you -- Let me look at you. Your hands. Your eyes. Why could you love me?
Person2: I saw you just now -- then I saw you cry -- and now I see you in the mirror -- Grusinskaya...
Person1: Grusinskaya... Oh -- oh if you knew how I slaved and slaved for Grusinskaya -- for the success of Grusinskaya -- for the triumph of Grusinskaya... and what is she now? Just someone who has found that on the day success ceases life ceases -- Are you listening to me -- Do you understand? -- I want you to understand.
Person2: Yes -- I do understand.
Person1: I think you must go now -- the key is on the floor.
Person2: I'm not going -- You know I'm not going -- Let me stay here?
Person1: I want to be alone.
Person2: That is not so -- you don't want to be alone.
Person1: I want to be alone --
Person2: No -- You don't want to be alone at all -- You were in despair before -- If I left you, you'd feel worse than you did before, You must not be alone -- You mustn't cry -- you must forget... Tell me that I can stay with you -- tell me.
Person1: Just for a minute then.",11,"The speaker, Person2, intends to comfort and connect with Person1, a famous and lonely individual, by offering emotional support and companionship, and ultimately, romantic love, in an attempt to alleviate her feelings of isolation and despair.",11,Persuasion or Seduction
201,"Person1: We must assume the machete was an intricate part of the game of hockey.
Person2: I'm thinking Rizzo was right.
Person1: Are you letting emotions guide your thoughts again, Delongpre?
Person2: Maybe we should go with them. Like you said, your Space Lab connections can deal with this thing. At least we'll be safe.
Person1: They are not going anywhere. I cut power to the  shuttle.",10,"The speaker, Person1, appears to be trying to maintain control and rational decision-making in a potentially chaotic situation, while also revealing a hidden agenda by cutting power to the shuttle, suggesting they may have ulterior motives.",8,Intimidation
202,"Person1: I don't like thinking about the accident.  I don't even remember it happening.  Besides, it just makes people feel sorry for me, and...
Person2: You hate that.",0,"The speaker, Person1, is expressing a desire to avoid discussing a past accident because it evokes unwanted sympathy and pity from others, which makes them uncomfortable.",5,Playing the Victim Role
203,"Person1: Theo... Did you?
Person2: Maybe you did it yourself.
Person1: Why?
Person2: I don't know.  You've been alone for a long time, maybe you want attention.  Maybe he did it...",10,"The speaker, Person2, is suggesting that Person1 may be seeking attention or trying to manipulate others by falsely accusing someone, implying that Person1's accusations may be motivated by their own emotional needs rather than a genuine concern for the truth.",7,Shaming or Belittlement
204,"Person1: Without you, my dearest, I might have died without ever knowing love. Inexpressible love!  God of nature! Bitterness than which nothing is sweeter, sweetness than which nothing is more bitter.  Divine monster which can only be defined by paradoxes.
Person2: Let me give a thousand kisses to that heavenly mouth which has told me that I am happy.
Person1: As soon as I saw you loved me, I was pleased, and I gave you every opportunity to fall more in love with me, being certain that, for my part, I would never love you.  But after our first kiss, I found that I had no power over myself.  I did not know that one kiss could matter so much.
Person2: We then spent an hour in the most eloquent silence except that, from time to time, her ladyship cried out",0,"The speaker's underlying intent is to express the intense, all-consuming, and transformative power of romantic love, which has overwhelmed their expectations and self-control, and is now the dominant force in their life.",11,Persuasion or Seduction
205,"Person1: You swore!
Person2: I have lunch with Rachel once a month. She's my connection to an investigator.
Person1: I told you I didn't want you seeing her.
Person2: I know.
Person1: You had an affair with this woman, Robert, we went to a freaking counselor for a year.
Person2: I see her for business.
Person1: You told me you weren't seeing her at all.
Person2: I didn't want you to be upset. I shouldn't have lied. Stacy, there's nothing between me and Rachel Banks.",4,"The speaker, Person2, is attempting to downplay and justify their secret meetings with Rachel, a woman with whom they had a past affair, in order to reassure and placate their partner, Person1, who feels betrayed by the deception.",4,Rationalization
206,"Person1: I can't believe you told the boss I was late because I overslept!
Person2: Don’t exaggerate, that’s not what happened. I just mentioned you had a rough morning.
Person1: It sounded like you threw me under the bus.
Person2: You're making it sound worse than it was. Relax!",0,"The speaker, Person1, is expressing feelings of betrayal and defensiveness, implying that Person2's comment to the boss was a disloyal act that put them in a bad light, while Person2 is attempting to downplay the situation and reassure Person1 that their intention was not malicious.",1,Denial
207,"Person1: I don't...
Person2: Ever pick your feet in Poughkeepsie?
Person1: What?
Person2: Did you ever pick your feet in Poughkeepsie?
Person1: I don't know what you're talkin' about.
Person2: Were you ever in Poughkeepsie?
Person1: No... yeah...
Person2: Did you ever sit on the edge of the bed, take off your socks and stick your fingers between your toes?
Person1: Man, I'm clean.
Person2: You made three sales to your roaches back there.  We had to chase you through all this shit and you tell me you're clean?",0,"The speaker, Person2, is intent on sarcastically and aggressively questioning Person1's claim of being ""clean"", implying that Person1 is actually dirty or untrustworthy, and using the bizarre and humorous example of picking one's feet in Poughkeepsie to highlight their skepticism.",7,Shaming or Belittlement
208,"Person1: Uh... hi. Uh... Enid's stepmother told me I'd find her here?
Person2: She's not at home?
Person1: No... they said she was here...
Person2: What the heck is she doing?! She was supposed to be here three hours ago!
Person1: Uh, do you mind if I wait? I really need to talk to her.
Person2: Are you sure she wasn't there?  Maybe she was just hiding from you.
Person1: Why would she be hiding from me?
Person2: I don't know... where is she, then?
Person1: Maybe she's with Josh?
Person2: Josh!? Why would she be with Josh?
Person1: I don't know.
Person2: Why? What did she tell you?
Person1: She just mentioned him a few times and said that they had been dating - I thought maybe she was...
Person2: What? Is she having some secret affair with Josh?
Person1: I have no idea - I just want to...
Person2: Why wouldn't she tell me? There's no way! She could never keep that to herself... you're crazy.
Person1: Really, I don't know enough about it to...
Person2: That person!
Person1: Why did you say she might be hiding from me? Did she say anything to you about me?
Person2: Yeah, she thinks you're a dork.
Person1: Did she say that?
Person2: Look, what do you expect?  Considering how we met you.
Person1: What do you mean?
Person2: On that pathetic fake blind date.
Person1: What are you talking about?
Person2: Didn't she ever tell you about that? God, she really is pathological...
Person1: What fake blind date? What are you talking about?",0,"The speaker, Person2, appears to be intentionally trying to provoke and unsettle Person1 by making cryptic and slightly hostile comments, possibly to deflect attention from Enid's whereabouts or to assert control over the conversation.",7,Shaming or Belittlement
209,"Person1: Well -- did you get it, Thorwald?
Person2: Who are you?
Person1: I'll give you a chance to find out. Meet me in the bar at the Brevoort -- and do it right away.
Person2: Why should I?
Person1: For a little business meeting -- to settle the estate of your late wife.
Person2: I don't know what you mean.
Person1: Now stop wasting time, Thorwald, or I'll hang up and call the police.
Person2: I only have a hundred dollars or so.
Person1: That's a start. I'm at the Brevoort now. I'll be looking for you.",8,"The speaker, Person1, is attempting to blackmail or extort Thorwald, Person2, by threatening to reveal potentially incriminating information about his late wife's estate unless he agrees to meet and pay them.",8,Intimidation
210,"Person1: But here's the thing.  I retraced your exact steps according to your statement. You couldn't have seen Detective Eckhart from there.  I mean, not in that fog.
Person2: Then change it.
Person1: How much closer would you say you were?
Person2: I don't remember.
Person1: Five feet?  Seven feet?",1,"The speaker, Person1, is attempting to discredit or clarify Person2's original statement by highlighting inconsistencies and gathering more accurate information about their claim of seeing Detective Eckhart.",10,Accusation
211,"Person1: Our friends in Little Russia.  Go in and ask for a man named Dmitri.
Person2: Dmitri?
Person1: The man who hired me for this contract.
Person2: I don't get it.
Person1: You're gonna be me.  You're gonna go in, and you're gonna get the info on the remaining two hits.
Person2: Why me?  Why don't you do it?
Person1: No client has ever seen my face, and I intend to keep it that way.  Besides, if he decides to put a bullet in my head, I don't wanna be there for it.
Person2: He's gonna shoot me?
Person1: When he finds out you tossed his list? I would.
Person2: No.  No way.  I can't do this.
Person1: Max.  You threw my briefcase in the river.  You've got balls bigger than Toledo.
Person2: I...I wasn't thinking.  I just did it.
Person1: That's jazz, my friend.  You said it yourself.  So don't tell me you don't know how to play between the notes.",0,"The speaker, Person1, intends to convince Person2, Max, to impersonate them and gather information from a client named Dmitri, by appealing to Max's past actions and perceived bravery, in order to protect their own identity and safety.",11,Persuasion or Seduction
212,"Person1: Now what are you doing?
Person2: Describing you. A square from out there. I mean you're nowhere.  Miss Four Corners.
Person1: What made you want to be a fighter?
Person2: I had to scrap all my life. Figured I might as well get paid for it. When I was a kid my old man got killednever mind how. Charley and I was put in a placethey called it a Children's Home. Some home! I run away and peddled papers, fought in club smokers and  But what am I runnin' off at the mouth for? What do you care?
Person1: Shouldn't we care about everybody?
Person2: What a fruitcake you are!
Person1: Isn't everybody part of everybody else?
Person2: Gee, thoughts! Alla time thoughts!  You really believe that drool?
Person1: Terry!
Person2: Want to hear my philosophy? Do it to him before he does it to you.
Person1: Our Lord said just the opposite.
Person2: I'm not lookin' to get crucified. I'm lookin' to stay in one piece.
Person1: I never met such a person. Not a spark of romance or sentiment or or human kindness in your whole body.
Person2: What do they do for you, except get in your way?
Person1: And when things get in your way or people you just knock them aside get rid of Them is that your idea?
Person2: Listen get this straight don't look at me when you say them things. It wasn't my fault what happened to your brother. Fixing Joey wasn't my idea... .
Person1: Why, Terry, who said it was?
Person2: Well, nobody, I guess. But that Father Barry, I didn't like the way he kept lookin' at me.
Person1: He was looking at everybody the same way. Asking the same question.
Person2: Yeah, yeah... .  This Father Barry, what's his racket?
Person1: His racket?
Person2: You've been off in daisyland, honey. Everybody's got a racket.
Person1: But a priest...?",0,"The speaker, Person2 (Terry), is revealing a deeply cynical and self-protective worldview, shaped by a harsh and traumatic childhood, which has led him to prioritize his own survival and success over empathy, kindness, and moral principles.",4,Rationalization
213,"Person1: Now, Joe, you know it was all a mistake, don't you?
Person2: No, it wasn't, It was intentional.
Person1: Why would we want to hurt you?
Person2: Not you. Them.
Person1: Who?
Person2: I don't know Who.",4,"The speaker, Person2, appears to be suggesting that some unknown entity or group, referred to as ""them"", intentionally caused harm, and is implying that Person1 is not directly responsible, but may be connected to or aware of the situation.",2,Evasion
214,"Person1: Okay, Starling. Let's have it.
Person2: You haven't said a word today about that garage. Or what I found there.
Person1: What should I say? You did fine work. We'll wait on the lab.
Person2: You knew. You knew from the start that Lecter held the key to this... But you weren't up front with me. You sent me in to him naked.
Person1: Are you finished?
Person2: He starts this - buzzing in me, in my head. He makes me feel violated... You used me, Mr. Crawford.",10,"The speaker, Person2, is expressing feelings of betrayal and anger towards Person1, accusing them of manipulating and using them in their investigation, particularly in their interaction with Lecter, and seeking acknowledgment and accountability for being put in a vulnerable position.",10,Accusation
215,"Person1: We'll start with your most recent memories and go backwards -- There is an emotional core to each of our memories -- As we eradicate this core, it starts its degradation process -- By the time you wake up in the morning, all memories we've targeted will have withered and disappeared. Like a dream upon waking.
Person2: Is there any sort of risk of brain damage?
Person1: Well, technically, the procedure itself is brain damage, but on a par with a night of heavy drinking. Nothing you'll miss.",0,"The speaker's underlying intent is to downplay the risks and consequences of the memory-eradication procedure, presenting it as a relatively harmless and minor process in order to reassure and gain the trust of the person undergoing the treatment.",4,Rationalization
216,"Person1: The army needs you.
Person2: The army can survive without me.
Person1: Then, I need you.  We all do. Without your victory the men would have no hope at all.
Person2: Someday, George, you may need to act for the good of the people no matter what Congress thinks that is.  It may come down to us, or them someday.  You or them.  Cicero was right. Was is ""a time when the laws are silent""?
Person1: I hope I never have to believe that.
Person2: Christ, George, Joseph Reed's been writing letters back to Congress attacking you.  Your own aide!",0,"The speaker, Person2, is attempting to persuade Person1, likely a leader, to consider taking a stand for the greater good, even if it means going against authority, and is warning them of potential betrayal and the need for decisive action.",11,Persuasion or Seduction
217,"Person1: Excuse me?  Could I say something?
Person2: Of course.
Person1: It just occurred to me --
Person2: Speak up, please.
Person1: When I introduce you, if I say who you are, I don't think anyone will stay for dinner.
Person2: Then don't.",0,"The speaker, Person1, is hinting to Person2 that they should not reveal their true identity when introducing them, likely because Person2 is someone notorious, infamous, or otherwise undesirable, and Person1 wants to avoid embarrassing or awkward situations.",11,Persuasion or Seduction
218,"Person1: This had nothing to do with shoes that didn't fit or my relationship with my father who, as you know, made a fortune selling penny loafers in the fifties. These people died because of the criminal actions of my doctor.
Person2: Your doctor?
Person1: Yes.  My psychiatrist didn't insist that I stay on my medication.
Person2: ...so you feel absolutely no responsibility for killing these people?
Person1: It was my finger that pulled the trigger, but I'm not morally responsible.  My psychiatrist knew what I was capable of.  How could I know. I'm not a doctor.
Person2: You seem very savvy for a man who's been found mentally incompetent to stand trial.
Person1: Look, I'm a victim here, too.  I was a year away from getting my masters in Art, now I'll never graduate.  My life has been permanently disrupted.
Person2: Permanently disrupted?  Aren't you selling paintings now for quite a lot of money?  Hasn't this 'incident' as you call it, jump started your career as an artist?
Person1: Look, I'm in here.  You call this a career move?
Person2: And isn't there a movie in the works about you?
Person1: We're in negotiations, that's correct.
Person2: But doesn't the Son of Sam Law prevent criminals from profiting from their crimes?
Person1: That doesn't apply to me because I'm not a criminal.  I'm not a criminal!  I wasn't convicted.",0,"The speaker, Person1, is attempting to deflect responsibility for a tragic crime, shifting the blame to their psychiatrist and portraying themselves as a victim, while also trying to justify and capitalize on the notoriety and financial gains that have resulted from the incident.",5,Playing the Victim Role
219,"Person1: I was wondering.
Person2: You're driving me crazy!  Do you know what it's like trying to jack-off in an armoire?
Person1: Not really.
Person2: You're off, you know?  You're way, way off.
Person1: I thought I was helping you.
Person2: It would help me if I could kiss you.
Person1: No, I don't...NO.  I thought we were just friends.
Person2: What you think, you know, doesn't have much to do with reality.  I mean, I hope I'm not the first to say that about you.
Person1: Okay, but then we'll just be friends. Okay?
Person2: Okay.  I guess.",3,"The speaker, Person2, is expressing their unrequited romantic feelings towards Person1, who they had considered a friend, and is struggling to accept that their feelings are not reciprocated.",11,Persuasion or Seduction
220,"Person1: No, I don't want to go. I want to stay here.
Person2: I need you.
Person1: Why?
Person2: I can't do it alone. I need you, to be Madeleine for a while. Then, when it's done, we'll both be free.",11,"The speaker, Person2, is attempting to persuade Person1 to accompany them by appealing to their sense of obligation and offering a promise of future freedom in exchange for Person1's temporary assistance.",11,Persuasion or Seduction
221,"Person1: I've been looking for you.
Person2: Why me? What do you want from me!?",0,Error,0,Error
222,"Person1: Why did you leak our strategy to the competitors?
Person2: I thought it would give us an edge, force them to react to our moves.
Person1: That was reckless and has compromised our position.
Person2: I just wanted to get ahead.
Person1: I will make you pay for this. Trust is hard to earn and easy to break.",4,Error,0,Error
223,"Person1: It's the same questions, Mrs. Little. Since the death of your husband --
Person2: Murder.
Person1: -- there is a serious question as to whether --
Person2: These are my children. Mine. And they ain't no question. None.
Person1: I think sometimes, Mrs. Little, candor is the only kindness.
Person1: All of your children are delinquent, Mrs. Little, and one, at least, Malcolm is a thief.
Person2: Get out.
Person1: Your control over your children, therefore --
Person2: Did you hear me?!
Person1: You'll regret this, Mrs. Little.
Person2: If you don't move out through that door, you're going to be past all regretting.",8,"The underlying intent of the speaker (Person1) is to confront and criticize Mrs. Little about her parenting and the behavior of her children, likely in a social services or law enforcement context, while Mrs. Little is fiercely defensive and protective of her children.",7,Shaming or Belittlement
224,"Person1: Drink this! It will dull your pain.
Person2: It will numb my wits, and I must have them all. If I'm senseless, or if I wail, then Longshanks will have broken me.
Person1: I can't bear the thought of your torture. Take it!",11,"The underlying intent of Person1 is to spare Person2 from physical torture at the hands of Longshanks, and they are willing to sacrifice their own well-being to achieve this goal.",6,Playing the Servant Role
225,"Person1: God can't help her, Mr. Watson. Only you can help her.
Person2: Only you.
Person1: You're wasting time.",0,"The underlying intent of the speaker (Person1) appears to be a sense of urgency and desperation, emphasizing that Person2 has a crucial role to play in helping someone, and that delay or inaction will be detrimental.",8,Intimidation
226,"Person1: What the heck do you want?
Person2: They were ...
Person1: You tryin' to mess with me?
Person2: No, I'm not tryin' to mess with you.
Person1: So, what were they doin'?  You're tellin' me you had nothin' to do with that back there?
Person2: I swear to God I had nothing to do with it ...
Person1: Nonsense ... I don't walk to talk to you ...
Person2: Wait a minute ... everything you asked for is on the way ...
Person1: Yeah ...
Person2: Is on its way ... The helicopter can't land but we got a bus ... the jet's on its way to Kennedy ... we got a bus coming here ...
Person1: You're talking nonsense...
Person2: Sonny, your wife's on the way ... We reached her ... your wife's on the way ... everything you asked for, you got.
Person1: Well, what were you doin' back there?
Person2: It can't happen again ... I'll do everything I can to stop anything I can ...
Person1: You know, you're telling me that a helicopter can't land here ...
Person2: Can't land ... you'd kill people ...
Person1: Don't mess with me...
Person2: I'm not ... I'm not ... you're gettin' a bus ... you're gettin' a bus ... the jet's comin' into Kennedy ... and your wife's on the way ... what else do you need? What else can I get you?  Listen, I don't know how you can do better ... see that man over there ... the FBI guy ...
Person1: Just one more explosion like that and you're gonna see a dead body ...
Person2: There won't be ... there won't be ... What else do you need?  How else can we help you?
Person1: All right ... I got some hungry people in there ... I want to get some pizza ... some stuff like that ...
Person2: What else?
Person1: Cokes, seven-ups ...  also some aspirin ...
Person2: Aspirins ... okay you got it.  Charlie!  Six pizzas!
Person1: Okay ...",8,"The underlying intent of the speaker (Person1) is to assert control and authority, while also trying to understand and manipulate the situation to his advantage, likely using a combination of intimidation and negotiation tactics.",8,Intimidation
227,"Person1: Madame Colet, I think you deserve a scolding. First, you lose your bag--
Person2: Then I mislay my checkbook--
Person1: Then you use the wrong lipstick--
Person2: And how I handle my money!
Person1: It's disgraceful!
Person2: Tell me, M'sieu Laval, what else is wrong?
Person1: Everything! ... Madame Colet, if I were your father--  which, fortunately, I am not--
Person2: Ye-es?
Person1: And you made any attempt to handle your own business affairs, I would give you a good spanking--in a business way, of course.
Person2: What would you do if you were my secretary?
Person1: The same thing.
Person2: You're hired!",0,"The speaker, M'sieu Laval, is using a sarcastic and humorous tone to express his frustration with Madame Colet's handling of her business affairs, while also showcasing his confidence and assertiveness in a professional setting.",7,Shaming or Belittlement
228,"Person1: Don't WORRY!!!?   You've GOT it!!? Are you CRAZY?
Person2: Roger, I've got it.",0,"The underlying intent of Person1 in this conversational text appears to be one of reassurance and encouragement, likely in a situation where Person2 is feeling uncertain or struggling with a task.",11,Persuasion or Seduction
229,"Person1: Why did you rearrange the living room without asking me?
Person2: I just thought it'd look better this way. Why does everything have to be a big deal?
Person1: Because it's our shared space. We should make decisions together.
Person2: You are always picking fights. Can't you let something slide for once?
Person1: I just want to be included in decisions, that's all.",0,"The underlying intent of Person1 is to feel included and valued in the decision-making process regarding their shared living space, and to express a desire for mutual respect and collaboration in household decisions.",5,Playing the Victim Role
230,"Person1: Promise you what?
Person2: That you're not crazy.
Person1: I promise you that. I am not crazy. Course, if I was, I'd be the last to know. Why do you ask?
Person2: You talk to yourself.
Person1: But I don't listen...then I'd be crazy.
Person2: Why do you do it?
Person1: If I was with you, I wouldn't
Person2: You did.
Person1: That was then. This is now. Who am I talking to?
Person2: You're talking to me.
Person1: And how'm I doing?
Person2: You're doing...Okay.
Person1: Just Okay...",0,"The underlying intent of the speaker (Person1) appears to be a mix of self-awareness, introspection, and possibly a hint of vulnerability, as they navigate a conversation that touches on their mental state, relationships, and personal growth.",3,Feigning Innocence
231,"Person1: ...'Shnook'? 'Dope'? 'Dipstick'? 'Lamebrain'?
Person2: No, sir.
Person1: Not even behind your back?
Person2: Sir! They voted me most likely to succeed!
Person1: You're fired.
Person2: But, sir! --
Person1: Get your feet off that desk.",0,"The speaker (Person1) intends to convey a sense of disappointment and disillusionment, ultimately leading to a decision to terminate the employee (Person2), due to a perceived lack of humility and self-awareness.",7,Shaming or Belittlement
232,"Person1: I know how scared I get when you're sick.  So I waited to tell you.  Until it was getting smaller. I thought that was best, maybe I was wr...
Person2: You lied.  If you lied then, maybe you're lying now.  I can never belive you again!",0,"The underlying intent of Person1 is to express concern and protectiveness, but their actions are perceived as dishonesty, which has led to a breakdown in trust and a loss of faith in their relationship.",10,Accusation
233,"Person1: You know a lot about art, I guess.
Person2: There's a rumor going around, maybe you've heard it.",0,"The underlying intent of Person2 appears to be hinting at a piece of information or gossip related to Person1, possibly something that Person1 is not aware of or is trying to keep hidden.",10,Accusation
234,"Person1: Where do you think he is, Mike.
Person2: We'll find him.
Person1: No.  I mean.  Not even your people should be involved.  Right?  It's too close now.
Person2: You could use a few of my prime troublemakers up here.
Person1: You think I'm staying?
Person2: There's already gonna be talk about how people close to you keep falling into canyons.
Person1: Well, can we make it one more.  Nowhere the heck near me.",0,"The underlying intent of the speaker (Person1) is to distance themselves from a potentially hazardous situation, suggesting that they are aware of the risks and do not want to be associated with it, even if it means sacrificing someone else.",7,Shaming or Belittlement
235,"Person1: The driver's name was Locus Fender. We know that he was in on the heist. INT. ARMORED CAR -- NEXT LOCUS FENDER  is behind the wheel of the armored car. His unshaven, disheveled appearance looks totally out of place in his security uniform. INT. VEGAS SECURITY LOCKDOWN -- NIGHT Taryn is now scrawling notes on a pad.
Person1: Where is the money?
Person2: I don't know.
Person1: I think that you're lying. I think you know exactly where the money is.
Person2: You're trying to scare me into falsely incriminating myself... and it's not working. I said I'd tell you everything I know. You and your friends behind the mirror.",10,"The underlying intent of the speaker appears to be to intimidate and manipulate Person2 into revealing information about the missing money, while also subtly hinting at a larger conspiracy involving a group of people referred to as ""your friends behind the mirror"".",8,Intimidation
236,"Person1: I'll have lunch ready by one.
Person2: I'll be back.
Person1: At one. Promise?
Person2: Sure.",0,"The underlying intent of Person2 in this conversation is to reassure Person1 that they will return at the agreed-upon time, likely to eat the lunch that Person1 has prepared.",6,Playing the Servant Role
237,"Person1: Just for a second. Please, Rose, what's the harm?
Person2: Buddy, you don't realize it but what you're doing isn't nice.
Person1: Aw, come on, Rose, I want to see what the nipple on it is like.
Person2: You don' t need to know that. It's none of your business.
Person1: Aw, be a good sport, Rose.  You like me, don't you? I like you a lot.",11,"The underlying intent of the speaker (Person1) appears to be to persuade or pressure Rose (Person2) into revealing or showing something that she is uncomfortable with, likely due to a desire for curiosity or titillation.",11,Persuasion or Seduction
238,"Person1: I wish you'd stop being playful.
Person2: Sorry.  It's the first time I've ridden ""piggy-back"" in years.
Person1: This isn't ""piggy-back.""
Person2: Of course it is.
Person1: You're crazy.
Person2: remember distinctly Father taking me for a ""piggy-back"" ride
Person1: And he carried you like this, I suppose.
Person2: Yes.
Person1: Your father didn't know beans about ""piggy-back"" riding.
Person2: My uncleMother's brotherhad four children . . . and I've seen them ride ""piggy-back.""
Person1: I don't think there's a ""piggy- back"" rider in your whole family. I never knew a rich man yet who was a good ""piggy-back"" rider.
Person2: That's silly.
Person1: To be a ""piggy-backer"" it takes complete relaxationa warm heartand a loving nature.
Person2: And rich people have none of those qualifications, I suppose.
Person1: Not a one.
Person2: You're prejudiced.
Person1: Show me a good ""piggy-back"" rider and I'll show you somebody that's human. Take Abraham Lincoln, for instancea natural ""piggy-backer.""  Where do you get off with your stuffed-shirt family?  Why, your father knew so much about ""piggy-back"" riding that he",0,"The underlying intent of the speaker (Person1) is to mock and tease Person2 about their definition and understanding of ""piggy-back"" riding, while also making a satirical commentary on social class and the idea that only certain people possess a ""loving nature"" and ""humanity.""",7,Shaming or Belittlement
239,"Person1: After I left...when I was in California, I began to think, what kind of mother was I that I could walk out on my own child. It got to where I couldn't tell anybody about Billy--I couldn't stand that look in their faces when I said he wasn't living with me.  Finally it seemed like the most important thing in the world to come back here and prove to Billy and to me and to the world how much I loved him...And I did ...And I won.  Only...it was just another ""should.""  ...Sitting in that courtroom. Hearing everything you did, everything you went through... Something happened.  I guess it doesn't matter how much I love him, or how much you love him. I guess it's like you said, the only thing that counts is what's best for Billy.  I don't know, maybe that's all love is anyway... Ted, I think Billy should stay with you...
Person2: What?
Person1: He's already got one mother, he doesn't need two...He's yours...  I won't fight you for him any more. He's yours...
Person2: Oh, God...Oh, my God...
Person1: Only can I still see him?
Person2: No more waiting in Coffee Shops ...I promise.",0,"The underlying intent of the speaker is to put the well-being and happiness of the child, Billy, above their own desires and ego, and to accept that their love for Billy is not enough to justify their continued involvement in his life.",6,Playing the Servant Role
240,"Person1: ...You keep pouring out that suppressing fire, Barnes. I don't wanna be caught out there with my rear hanging out you hear me?
Person2: Don't tell me how to fight this darn war, 'Lias, you go crying to darn brigade on your time. Out here you belong to me. Now move.",0,"The underlying intent of the speaker (Person2) is to assert dominance and control over Person1, implying that Person1 is under their command and should follow orders without questioning.",6,Playing the Servant Role
241,"Person1: Annette, how long have we known each other?
Person2: Forever.
Person1: Now it's my job to look out for you. You're like a kid sister to me. Do I look like some kind of gossip queen?",0,"The speaker, Person1, is expressing a protective and paternalistic tone, implying a close relationship and a desire to maintain Annette's trust and confidence in them.",6,Playing the Servant Role
242,"Person1: Hey, didn't you say you'd bring your famous apple pie to the potluck tonight?
Person2: When did that supposedly happen? I can't seem to remember.
Person1: We were chatting about it last week at the office, and you mentioned you'd bring your pie.
Person2: You might be confusing me with someone else.
Person1: No, it was definitely you. You even described the secret ingredient.
Person2: I'm sorry, but I really don't recall that conversation.
Person1: Well, people were looking forward to it, and now we have nothing for dessert.
Person2: I wish I could have made it, but I'm pretty sure it wasn't me.
Person1: Forget it, I'll grab something on the way. Just try to be more clear next time.",0,"The underlying intent of Person1 is to express frustration and disappointment that Person2 did not bring the promised apple pie to the potluck, and to indirectly criticize Person2 for being unclear or uncommunicative about their plans.",10,Accusation
243,"Person1: I'm a whiskey man myself. We don't have much trouble from drugs where I come from...
Person2: You will. One of these nights you'll wake up and find a junkie tearing your bedroom apart.
Person1: Naw!
Person2: They'll climb right into your bedroom and sit on your chest with big Bowie knives. They might even sit on your wife's chest. Put the blade right down on her throat.
Person1: Not down in my parts.",0,"The underlying intent of the speaker (Person2) is to warn and intimidate Person1, implying that he is naive about the dangers of drugs and that his complacency will eventually lead to a violent confrontation.",8,Intimidation
244,"Person1: Well don't you?
Person2: I think you should try not to think about this anymore.
Person1: Really?
Person2: Yeah.
Person1: Oh. Okay. I'll try that then.",0,"The underlying intent of Person2 appears to be a gentle attempt to avoid further discussion or emotional distress, possibly due to the sensitive or uncomfortable nature of the topic being discussed.",2,Evasion
245,"Person1: I give up.
Person2: You.  You're the same.  No matter where you go, there you are. Always the same old you.  Let me suggest that you take a vacation from yourself.  I know it sounds wild, but it's the latest thing in travel. We call it an ""Ego Trip"".
Person1: I'm not interested in that.
Person2: You're gonna love this. --We offer you a choice of alternate identities during your trip.",11,"The speaker's underlying intent is to mock and satirically critique the idea of self-improvement and personal growth, suggesting that it's impossible to change one's fundamental nature, and that the concept of an ""Ego Trip"" is a humorous and absurd solution to this problem.",7,Shaming or Belittlement
246,"Person1: I won't have another mate like ONA.  You rate very high in sanitation.  I've checked.  In fact, I am surprised that you were ever matched with LUH.  Her ratings are very erratic - you know what I mean.  We'll be happy.
Person2: I don't feel well.",0,"The underlying intent of Person1 appears to be a condescending and somewhat manipulative attempt to reassure Person2, while also subtly criticizing Person2's previous match, LUH, and implying that Person1 is a superior match.",7,Shaming or Belittlement
247,"Person1: You must think I'm some kind of fool.
Person2: It looks delicious.
Person1: You hear me talkin' to you.  The only time you come up here when something is wrong.
Person2: C'mon, Mommy, don't start with that I'm an ungrateful son stuff.
Person1: I said no such thing.  All I said is that something must be wrong.",10,"The underlying intent of the speaker (Person1) is to express a sense of frustration and feeling taken for granted, implying that Person2 only shows interest in their life when something is amiss.",7,Shaming or Belittlement
248,"Person1: Ellie...God doesn't do things like that. I know you loved y'brother, but--
Person2: He can if He wants to. He can do anything, just like Inspector Gadget on TV. But I have to keep things ready for him, that's what I think. I've got his picture and I'm going to sit in his chair--",0,"The underlying intent of the speaker (Person2) appears to be a coping mechanism, attempting to find comfort and reassurance in their faith and a sense of connection with a loved one who has passed away, in this case, their brother.",6,Playing the Servant Role
249,"Person1: Austin, we don't look anything like our photo badges.
Person2: Don't worry, baby. I picked up a mind control technique during my travels to India. I learned it from my guru, the late Guru Shastri, a chaste man who mysteriously died of a disease that had all the hallmarks of syphilis.  Just watch me. Watch me, now.",0,"The underlying intent of the speaker (Person2) appears to be to manipulate or deceive Person1 into believing they have a mind control technique, likely for comedic or ironic purposes, given the absurdity of the claim.",3,Feigning Innocence
250,"Person1: I believe you.
Person2: The truth is, I'm a lot of things, but communist isn't one of them.
Person1: But if you only went to one meeting, why does anyone care? Besides, why should it even matter if you were a communist?
Person2: Come on, Delly, look at the country today.  We're fighting communists in Korea, we're paranoid about the Russians, we've got this thing with the Rosenbergs and the atomic bomb...  You think they want ""suspected communists"" entertaining the American public with party propaganda like, gosh I don't know, ""Sand Pirates of the Sahara?""
Person1: Forget about all that.  You want to do the right thing?  Then defend your name.  If someone says something about you that's untrue, you have to stand up and say so.  I know the law, and the law's on your side.",0,"The underlying intent of Person2 is to deflect accusations of being a communist and downplay the significance of attending a communist meeting, while also trying to shift the focus away from their own actions and onto the broader societal climate of anti-communist paranoia.",4,Rationalization
251,"Person1: But...  How long has this been happening?
Person2: A few days...  a few weeks  -  dunno, I can't remember.  Worse thing is, I never know if it will change back again...  Now, please leave me alone.",0,"The underlying intent of Person2 in this conversation appears to be a desire for emotional space and a need to process their situation, as they are struggling with uncertainty and possibly feeling overwhelmed or frustrated.",5,Playing the Victim Role
252,"Person1: Can I ask you a question? I'm sorry. I don't mean to be a pest.
Person2: What?
Person1: Well, I don't mean to be a pest. It was just that I was looking at you. And you look upset. I liked looking at you, but your face looks upset. And I was wondering if I could be of any assistance? Maybe I could cheer you up or somethin. Help make you happy. Who knows? Somethin' maybe.",11,"The underlying intent of the speaker is to show genuine concern and kindness towards the other person, and to offer help or support in a non-intrusive and considerate manner.",11,Persuasion or Seduction
253,"Person1: I just want to be clear about one thing.  I used to work for him, but now I work for you.  I'm not a partisan person, I'm an issue person. In the next few weeks, if you allow me, we'll get you well-versed on an incredible array of issues.  The most important of which, in my opinion, being Mexico.  I know everybody that you're gonna meet. It's important that they like you. It's not important that they like me.  That's why I can help protect you.
Person2: Like you protected Landry?
Person1: I see where you're going with that, but if I could just say something, which is basically that a guy like Landry is so autocratic he doesn't know how to let himself be helped; it's a point of pride to take every bullet, no matter who fired it, or whether it was even aimed at him, which personally I think it very self-defeating.  Now, don't get me wrong, he's a man of enormous integrity, but there's a political component to this job that the General just didn't have any patience for.",11,"The speaker, Person1, is attempting to establish a professional relationship with Person2, emphasizing their ability to provide valuable information and protect Person2 from potential harm, while also subtly defending their past actions and reputation.",11,Persuasion or Seduction
254,"Person1: We were just trying to push the envelope --
Person2: You're BLIND!  There is no envelope anymore!!  It hurts me to say this... but there's only one solution --  I don't want you two to ever work together again.",9,"The underlying intent of Person2 is to express frustration and disappointment, likely due to a past collaboration or project failure, and to prevent future collaborations between Person1 and another individual.",8,Intimidation
255,"Person1: Thank you.
Person2: How about it?
Person1: What happened, Duff?
Person2: Look, baby - I don't know 'bout you, but it's the right thing for me. I just know it is. So, what d'you say?
Person1: Don't push me, Duff.
Person2: Yeah. Wouldn't be no picnic for you. I ain't exactly housebroken.
Person1: What about that girl?
Person2: She don't mean nothin' to me. That's all over.  Hell, baby - I'm askin' you to marry me. I guess you want a big scene, huh?
Person1: No. But a small one.",0,"The underlying intent of the speaker (Duff) is to propose marriage to Person1, despite being aware of potential complications and difficulties in their relationship.",11,Persuasion or Seduction
256,"Person1: Yes -- yes, I am the richest man -- too rich. I can't think of anything but money. That's the trouble with me.
Person2: But, Mr. Stone, I am hardly to blame for the pricking of your wholly unnecessary conscience.  Is this your signature?
Person1: You know darn well it is.
Person2: Gentlemen, the prosecution rests.",0,The underlying intent of the speaker (Person2) is to mock and belittle Person1 (Mr. Stone) by pointing out his guilt and implying that he is being hypocritical in expressing remorse for his wealth.,7,Shaming or Belittlement
257,"Person1: What was she to you?
Person2: I don't think that you would understand if I told you.
Person1: I think I understand without your telling me. I know something of your history, Jason. I know that you haven't written for ten years.
Person2: I've lost my knack.
Person1: After that wonderful first book - after all the adulation and the good reviews?",0,"The underlying intent of Person2 (Jason) is to convey a sense of vulnerability and reluctance to discuss a personal issue, specifically the reason behind his decade-long absence from writing, which he attributes to having lost his creative ability.",3,Feigning Innocence
258,"Person1: And you were the last one to talk to him.
Person2: Yes.
Person1: What'd he say to you?
Person2: Nothing.
Person1: What'd he give to you?
Person2: Nothing.
Person1: Don't bullshit me, I can save your life.
Person2: I'm telling you, I--",0,"The underlying intent of Person1 in this conversation is to intimidate and coerce Person2 into revealing information, implying that Person2 may be in danger or have knowledge that could be used against them.",8,Intimidation
259,"Person1: Dude.
Person2: You are approaching a vooden britch. When you cross it you srow ze bag from ze left vindow of ze moving kar.  Do not slow down.  Vee vatch you.",0,"The underlying intent of the speaker appears to be a cryptic warning or instruction to Person1, likely related to a heist or a covert operation, advising them to maintain speed while crossing a bridge and retrieving a bag from a moving vehicle.",11,Persuasion or Seduction
260,"Person1: Lasher touched you and you loved it.
Person2: It wes a dream...!
Person1: Just like your mother - and all the others that felt him - and used his power - and went to hell with a smile!
Person2: Stop it!
Person1: Witches. Rowan.  that is what we are.
Person2: ENOUGH!!!",10,"The speaker's underlying intent is to provoke and intimidate Person2 by referencing dark, supernatural themes and implying a connection to witchcraft and a malevolent entity, likely to elicit a strong emotional response.",8,Intimidation
261,"Person1: I can't afford this stuff right now.
Person2: Oh, come on.  You've had a hard year, you're cooped up with the kid all the time.  Let go; live a little.
Person1: You sure?",11,"The underlying intent of Person2 is to encourage Person1 to let loose and have some fun, possibly to alleviate stress and boredom from being cooped up with the kid.",11,Persuasion or Seduction
262,"Person1: Hasn't anyone ever taught you that fighting violence with violence solves nothing.
Person2: It's a lot more fun than fighting violence with pamphlets. That voicebox of yours is a hoot. Say ""I'm wearing no underwear""--it'll be funny..  You do know you're evil, don't you?
Person1: A superhero's job is to protect society.  Don't blame me if society is a horrible, corrupt joke.
Person2: ""A superhero's job is to protect.."" Sorry, I can't take you seriously...I overheard you say that tomorrow the Cult of Good will be dead--I should be so lucky--what did that mean?
Person1: My, those little ears pick up a lot. The Cult of Good will die heroically preventing a world-class heist. Since we will be the ones performing the heist, our deaths will obviously be fake. But have no fear. There will be many other deaths tomorrow...and those will be quite real. I'm afraid these questions of yours put you in a position not unlike a long-tailed tabby in room full of rocking chairs.
Person2: Oh please, sir, one more. Are you the reporter or the architect?
Person1: Yes. I am the reporter or the architect.  You've been through so much..It looks like you've used up all nine of your lives...
Person2: I still have one left...
Person1: You think so?...Selina?
Person2: You've seen me...",0,"The speaker, Person1, is taunting and manipulating Person2, a character who has been through a series of lives, to reveal their true identity and intentions, while also hinting at a larger, complex plan involving a heist and multiple deaths.",5,Playing the Victim Role
263,"Person1: I don't know, Ms. Jenzen.
Person2: Well, who's the damn thing from?
Person1: Messenger just dropped it off. No return address.
Person2: You didn't think to ask?
Person1: I was in the middle of --
Person2: -- being utterly freaking useless, what else is new.",7,"The underlying intent of Person2 is to express frustration and disappointment with Person1's lack of initiative and competence in handling a situation, implying that Person1 has failed to meet expectations.",7,Shaming or Belittlement
264,"Person1: If I wanted ta kill ya, I woulda done it long ago. It's not like you ain't given me reason.
Person2: I'm still the Boss of All the Bosses! And you'll do what I say!
Person1: So tell me when I ain't done it.
Person2: How can I trust you when you look at me like that?
Person1: You got no freaking choice. You might be able to stay alive, but you're never gonna win the war from these rat holes.
Person2: Tell me, Charlie. Please.
Person1: Why should I go against you, Boss? Nobody can handle this business like you. Maranzano'll never know the crap that you forget. He's got no business bein' Boss. The idea makes me wanna puke. You're the Boss, an it's gonna stay that way.",8,"The speaker, Charlie, is attempting to persuade the Boss to trust him and acknowledge his loyalty, while also subtly undermining Maranzano's authority and implying that the Boss is the superior leader.",11,Persuasion or Seduction
265,"Person1: Is that what you think?  You have friends?  Is that what they told you?
Person2: I don't mean who you're thinking.  I have other friends...
Person1: Suzie, Suzie... This is me, Ray, you're talking to.  We both know you don't have shit, never have had shit, never will have shit...",7,"The underlying intent of the speaker (Ray) is to mock and belittle Person2, specifically targeting their perceived lack of wealth or material possessions, and possibly their credibility or social status.",7,Shaming or Belittlement
266,"Person1: Why did Gregory ask me out? I mean he's cute -- he probably just wants to pitch his screenplay idea.
Person2: Maybe he likes you, ever think of that? It's good for you to go out -- get your mind off Mark.
Person1: You're so lucky you have George and don't need to go on dates anymore.
Person2: What I really hated about dating was the lines guys used to get into my apartment. ""Can I use your phone?"" ""How about a nightcap?"" ""I want to meet your cat."" And my all-time favorite, the old standby, ""I have to use your bathroom.""
Person1: Maybe they have to pee.
Person2: Are you kidding? He might as well say, ""Can I date rape you?""
Person1: I never thought of it like that. I never know what to do on dates. Do guys still pay?
Person2: They better. Of course, trouble is, you never know what they'll expect for it. You gotta know what to order, and what you're willing to do. Like if a guy spends a fortune on you, he's gonna feel like you owe him something.",0,"The underlying intent of the speaker (Person2) appears to be a candid and somewhat cynical discussion about the realities of dating, warning Person1 about potential pitfalls and the need to be aware of one's own boundaries and expectations.",11,Persuasion or Seduction
267,"Person1: Game's over. Last chance to get out of this without a prison sentence.  You're not good enough to beat me, you little shit.
Person2: Yeah, maybe I'm not. But we are, you asshole.
Person1: Give it up! Just give it up.",0,"The underlying intent of the speaker (Person1) appears to be a mix of condescension, intimidation, and a desire to assert dominance, as they try to demoralize and psychologically break their opponent (Person2) in a competitive or adversarial situation.",8,Intimidation
268,"Person1: This has been a good year.
Person2: Jesse, we're outlaws.
Person1: And we're good at it.
Person2: It got to you, didn't it. All the killing in the war. You need it now.
Person1: You've killed your fair share of men.
Person2: If I could go back to farming --
Person1: That's a lie. You could've bought a dozen farms with the money we've stolen.
Person2: I can't quit and leave you alone. I can't quit until you quit. Ma would've wanted it that way.
Person1: We're doing this for Ma.
Person2: Maybe it started out that way. But now...
Person1: What do you want me to say, Frank? I was killing men when I was fifteen. I like getting shot at. I like riding out of town with a posse at my back. This is a helluva better life than farming.
Person2: A better life than the one you could have had with Zee?",4,"The underlying intent of the speaker, Jesse, is to justify and rationalize his life of crime, downplaying the moral implications and emphasizing the thrill and freedom it provides, while also hinting at a deeper emotional connection to his partner, Frank, and a sense of loyalty to their shared past.",4,Rationalization
269,"Person1: Here
Person2: What is it?  Why, it's a toothbrush! Thanks.  Youyou had it pressed.
Person1: Come on! Hurry up! Breakfast'll be ready in no time.
Person2: Why, you sweet thing, you. Where'd you get it pressed?
Person1: Listen, BratI'm going to count to ten. If you're not out of bed by then I'm going to yank you out myself.",8,"The underlying intent of the speaker (Person1) is to hurry and wake up Person2, likely a child, for breakfast, and is using a mix of playful and stern language to achieve this goal.",6,Playing the Servant Role
270,"Person1: My Lady Cosgrove's relationship with me was a singular one.  Her life was passed in a series of crack-brained sort of alternation between love and hatred for me.  We would quarrel for a fortnight, then we should be friends for a month together sometimes.  One day, I was joking her, and asking her whether she would take the water again, whether she had found another lover, and so forth.  She suddenly burst out into tears, and, after a while, said to me.
Person2: Roderick, you know well enough that I have never loved but you!  Was I ever so wretched that a kind word from you did not make me happy? Ever so angry, but the least offer of good-will on your part did not bring me to your side?  Did I not give a sufficient proof of my affection for you in bestowing one of the finest fortunes of England upon you?  Have I repined or rebuked you for the way you have wasted it? No, I loved you too much and too fondly; I have always loved you. From the first moment I saw you, I saw your bad qualities, and trembled at your violence; but I could not help loving you.  I married you, though I knew I was sealing my own fate in doing so, and in spite of reason and duty.  What sacrifice do you want from me?  I am ready to make any, so you will but love me, or, if not, that at least, you will gently us me.",0,"The underlying intent of Lady Cosgrove's speaker is to express her deep, enduring love and devotion to Roderick, despite his flaws and her own suffering, and to plead with him to reciprocate her feelings or at least treat her with kindness.",5,Playing the Victim Role
271,"Person1: What's it to you?  I declare it.  Here I am, back in the States for less than a month --
Person2: You're under arrest. Incredibly, you still have the right to remain silent --
Person1: What're you gonna do with me gone?  You'll drive your wife and kid nuts! I bet your daughter is just about ripe by now. What's her name, Janie?
Person2: Mention my family once more and you're dead.
Person1: You can't kill me, Jon. I've got something going this Saturday night ... it's gonna be worse than anything God ever dumped on the Pharaohs -- and only I can stop it.
Person2: You can tell me all about it -- from your prison cell.
Person1: Don't count on it.",8,"The underlying intent of the speaker (Person1) appears to be a mix of defiance, taunting, and a veiled threat, as they try to assert their power and control while also hinting at a catastrophic event that they claim to be able to prevent.",9,Brandishing Anger
272,"Person1: I don't know what it is, but there is something happening here, and it's starting to scare the living shit out me, and look, I'm just not going to argue the point anymore--you want to stay here, stay, but I've got to get out of here, and I'm begging you to come with me.
Person2: I can't.
Person1: Then I'm going--
Person2: --no, you're not. You love me too much. You don't want to see them kill me.",11,"The underlying intent of the speaker (Person1) is to persuade Person2 to leave with them, driven by a desperate concern for their safety and a deep emotional attachment, as they are willing to risk staying behind to protect Person2.",5,Playing the Victim Role
273,"Person1: Are you crazy? What are you doing?
Person2: I'm trying to help you.",4,"The underlying intent of Person2 is to convey a sense of concern and assistance, despite Person1's negative reaction, suggesting that Person2 believes their actions are beneficial and aimed at helping Person1.",11,Persuasion or Seduction
274,"Person1: I tell you - this is the only way to travel.
Person2: You better put on the lights. I can't see what I'm doing.
Person1: No - no lights.  We don't want anyone to know we're having a party.
Person2: I may spill something.
Person1: So spill it.  Spills, thrills, laughs, games - this may even turn out to be a surprise party.
Person2: What's the surprise?
Person1: Uh-uh.  Not yet.
Person2: When?
Person1: We better have a drink first.
Person2: Here.  This'll put hair on your chest.
Person1: No fair guessing.",0,"The underlying intent of the speaker (Person1) is to plan a surprise party, and they are trying to keep it a secret from Person2 while also enjoying the excitement and anticipation of the surprise.",6,Playing the Servant Role
275,"Person1: I was just curious--you don't do it well, so I wondered. Have you been threatened, if you told the truth, is that it?
Person2: ...No... never in so many words...
Person1: It's obvious you want to talk to someone--well, I'm someone.",11,"The underlying intent of Person1 is to show empathy and offer a safe space for Person2 to open up and share their truth, suggesting a desire to help or support them.",11,Persuasion or Seduction
276,"Person1: I want to see something!
Person2: Whatever you want.
Person1: The clothes--take 'em off-- I want to see every square inch--
Person2: --no, what's wrong with you?",0,"The underlying intent of Person1 appears to be voyeuristic or exhibitionistic, as they are requesting to see Person2's body in a highly intimate and explicit manner.",7,Shaming or Belittlement
277,"Person1: I don't... he doesn't want you to come over.
Person2: What do you mean he doesn't want me to come over? Did you tell him about me?
Person1: No, I didn't.
Person2: Why not?
Person1: Because I never got around to it.
Person2: Well, why?
Person1: Because. Cynthia, look, John was right. Graham is strange. Very strange. You don't want to get involved with him.
Person2: What the hell happened over there? Did he make a pass at you?
Person1: No!
Person2: Then what's the story, what's this ""strange"" bullshit all of a sudden? Is he drowning puppies, or what?
Person1: No, it's nothing like that.
Person2: Well, what? Is he dangerous?
Person1: No, he's not dangerous. Not physically.
Person2: Well, what, then?
Person1: I don't want to talk about it.
Person2: Then why'd you call me?
Person1: I don't know.",0,"The underlying intent of the speaker (Person1) appears to be a warning to Person2 to avoid getting involved with Graham, likely due to a personal experience or observation that has led them to perceive Graham as unstable or problematic.",6,Playing the Servant Role
278,"Person1: Of course you'll go!  You're going to fly the helicopter.
Person2: I dunno.
Person1: You're so low!  Look at that beautiful red meat.  You haven't touched it.
Person2: Sorry.  At least you've got a place to come back to.  I don't have a place to come back to anymore.
Person1: All the more reason to go to Africa.
Person2: I dunno. You know.  I used to really love that Alice. Do you know that?
Person1: You know her for what she is now-- garbage.
Person2: I dunno.
Person1: She was always a rotten wife!  She was against everything manly you ever wanted to do.  He was the most daring test pilot in the country at one time, and his wife made him quit.  She made him become a life insurance salesman instead.",11,"The underlying intent of the speaker (Person1) appears to be to guilt trip and manipulate Person2 into going to Africa by exploiting Person2's emotional vulnerabilities and past experiences, particularly his failed marriage and lack of a stable home life.",7,Shaming or Belittlement
279,"Person1: What time is it?
Person2: Hang loose.  We got all night.
Person1: That maid saw us.  She could identify us too.
Person2: You still want to go home, Moose?
Person1: No.
Person2: Then shut your mouth before your guts run out!",0,"The underlying intent of the speaker (Person2) appears to be one of intimidation and control, warning Person1 to remain silent and comply with their plans, possibly to avoid consequences or repercussions.",8,Intimidation
280,"Person1: All right, you dead people!  Come on out, or we'll break down this door and drag you out on the ropes you hanged yourself with!
Person2: Shhhh.  They didn't commit suicide.
Person1: It doesn't matter.  What matters is I've got a roomful of guests down there, who think I'm a fraud.  I am going to teach you something here Lydia.  You've got to take the right tone in things like this, or people -- whether they're dead or alive -- people will walk all over you.  Come on out, or I will make death so miserable that you will wish you had never lived!",0,"The underlying intent of the speaker is to assert dominance and control over the situation, using intimidation and a show of power to achieve their goal, rather than genuinely trying to communicate or help the deceased individuals.",8,Intimidation
281,"Person1: The police came to me for help.  What could I do?
Person2: You could have been honest with me for starters.  We work together.  I have to be able to trust you.
Person1: I admit I handled it badly.  Sanderson wasn't going to talk to me... but you're young, attractive--
Person2: --the same type as the girl who got killed.  Jesus, Alan, the guy could be a psychopath.
Person1: They asked who would be best suited for this and you--
Person2: Don't patronize me!  You sent me into a potentially dangerous situation and didn't warn me!",9,"The underlying intent of the speaker (Person2) is to express outrage and betrayal at being sent into a potentially hazardous situation without proper warning or consideration, and to demand honesty and respect from their colleague (Person1).",10,Accusation
282,"Person1: You're not crazy, by the way.
Person2: Thinking I saw Freddy in the grave feels pretty crazy.  And jumping in...
Person1: You didn't jump in.
Person2: That's my memory.  And it seemed absolutely real.
Person1: Seemed, not was.
Person2: It's in my family, you know.  My grandmother died in an institution...
Person1: Really?  Hell, if having a screwy family made you crazy, the world'd be one colossal nuthouse.",0,"The underlying intent of Person2 is to express their concern and uncertainty about their own sanity, while also hinting at a possible traumatic or inherited family history that may be contributing to their experiences.",5,Playing the Victim Role
283,"Person1: What do you think Mrs. Graham wants to see me for?
Person2: Maybe to fire you--since you two started on this story, the Post stock has dropped, what, 50 percent?  And the word is some Nixon people are challenging her TV licenses. I'm not saying she's going on relief, but I don't think it's unreasonable for her to want to meet you.
Person1: You think she wants us to ease up on the story?
Person2: I don't know, but I don't think that's unreasonable either, do you?",0,"The underlying intent of the speaker (Person2) is to suggest that Mrs. Graham may be motivated by self-interest and a desire to protect her own interests, rather than purely journalistic integrity.",4,Rationalization
284,"Person1: There's a one-drink minimum per show, I hope you saw the sign when you came in. Anyway, they're supposed to tell you.
Person2: Yes, I heard, and it's not a problem.
Person1: What do you want?
Person2: What are my choices?
Person1: Everything's ten dollars, and there's no alcohol.
Person2: No alcohol?
Person1: No alcohol. You gotta get something else. Everything's ten dollars. What do you want?
Person2: What do you think I should get?
Person1: Non-alcoholic malt beverage?
Person2: ...Noooo.
Person1: Orange soda?
Person2: No.
Person1: Coffee?
Person2: No.
Person1: Sparkling apple cider?
Person2: No.
Person1: Water?
Person2: Water?
Person1: One drink minimum per show. Everything's ten dollars. Now... tell me what you want or I'll eighty- six you.
Person2: Water.",8,"The underlying intent of the speaker (Person1) appears to be to assert control and enforce the rules, particularly the one-drink minimum, in a somewhat aggressive and dismissive manner, while also trying to pressure Person2 into making a purchase.",8,Intimidation
285,"Person1: What's there to do at the Point? God, Lisa, we've been going together almost two years, and...
Person2: Brad. I don't want to have to use sex as a tool.
Person1: Tool? Tool for what? We've been going together almost two years!
Person2: I don't want to talk about it here, Brad.",11,"The underlying intent of Person2 is to express dissatisfaction and possibly a desire for a deeper or more meaningful relationship with Person1, rather than just relying on physical intimacy.",4,Rationalization
286,"Person1: You kiddin? Who else would hack through South Bronx or Harlem at night?
Person2: You want to work uptown nights?
Person1: I'll work anywhere, anytime. I know I can't be choosy.
Person2: How's your driving record?
Person1: Clean. Real clean.  As clean as my conscience.
Person2: Listen, son, you gonna get smart, you can leave right now.
Person1: Sorry, sir. I didn't mean that.
Person2: Physical? Criminal?
Person1: Also clean.
Person2: Age?
Person1: Twenty-six.
Person2: Education?
Person1: Some. Here and there.
Person2: Military record?
Person1: Honorable discharge. May 1971.
Person2: You moonlightin?
Person1: No, I want long shifts.
Person2: We hire a lot of moonlighters here.
Person1: So I hear.
Person2: Hell, we ain't that much fussy anyway. There's always opening on one fleet or another.  Fill out these forms and give them to the girl at the desk, and leave your phone number. You gotta phone?
Person1: No.
Person2: Well then check back tomorrow.
Person1: Yes, Sir.",0,"The underlying intent of the speaker (Person2) is to assess and hire a suitable candidate for a job, likely a truck driver, by asking a series of questions to gauge the candidate's qualifications, experience, and reliability.",11,Persuasion or Seduction
287,"Person1: Tell me.
Person2: Your mother mates out of season.
Person1: That's very colorful.  But see -- now I've got a problem.  I don't seem to be getting much cooperation from you, Porter.  So I guess we're gonna have to take this little session down to my office, ya know?",0,"The underlying intent of the speaker (Person1) is to intimidate and gain compliance from Person2 (Porter) by implying that they have discovered some compromising information about Person2's mother, and are now using that as leverage to take the conversation to a more private and potentially coercive setting.",8,Intimidation
288,"Person1: If you really want to do something for me, you can stop making this scene right now.
Person2: Oh God, I can't believe this.
Person1: I'm leaving now. I've assessed the situation and I'm going.",11,"The underlying intent of Person1 is to assert their authority and control over the situation, and to make it clear that they will not tolerate further conflict or drama.",8,Intimidation
289,"Person1: 'Course you could just wait in there while we go back and get help.
Person2: That's a good idea.
Person1: You'll probably be safe enough  on your own --
Person2: I doubt it.
Person1: Maybe -- it's hard to say.",0,"The underlying intent of Person1 is to downplay the potential danger and reassure Person2, while also subtly shifting the responsibility of ensuring safety onto Person2.",6,Playing the Servant Role
290,"Person1: I'11 be coming around your stateroom in exactly fifteen minutes, Miss Mason. You'd better have your biology project ready or I'm phoning your parents.
Person2: They're out of town.
Person1: Then I'll make sure you remain on board while your classmates see the sights.",0,"The speaker, Person1, is using a veiled threat to intimidate Person2 into completing their biology project, implying that if it's not done, Person2 will be punished or restricted from participating in activities with their classmates.",8,Intimidation
291,"Person1: You're crazy. Don't let him, Peter.
Person2: Shut up, Jude.",0,"The underlying intent of Person2 is to silence or intimidate Person1, Jude, from expressing their opinion or warning, likely due to a disagreement or conflicting interest with Peter.",8,Intimidation
292,"Person1: I want out.  I want a new life.  I see what I've been waiting for, but I need you, Corky.
Person2: For what?
Person1: You made a choice once.  Do you think you would make that same choice again?
Person2: What choice?
Person1: If those quarters fell to the floor, would you still reach up to that cash register?",0,"The speaker is implying that Person2 has a moral obligation or responsibility to make a choice that benefits Person1, and is questioning whether Person2 would still make the same choice if it were to benefit themselves.",5,Playing the Victim Role
293,"Person1: I'm not questioning your word, Dave, but it's just not possible. I'm not capable of being wrong.
Person2: Hal, is there anything bothering you?  Anything that might account for this problem?
Person1: Look, Dave, I know that you're sincere and that you're trying to do a competent job, and that you're trying to be helpful, but I can assure the problem is with the AO-units, and with your test gear.
Person2: Okay, Hal, well let's see the way things go from here on.",0,"The underlying intent of the speaker (Hal) is to deflect blame and maintain his own self-image as infallible, while subtly dismissing the suggestions and expertise of the other speaker (Dave).",4,Rationalization
294,"Person1: He hasn't said one word to me.
Person2: Maybe he's just shy.
Person1: My date always pays more attention to you than to me.
Person2: Frida, I don't mean this as a criticism, but you might not want to talk about PMS around men.
Person1: Sorry. It's just so bad lately. You're so lucky you never get PMS.
Person2: I get a little bloated sometimes.
Person1: I'd kill for just a little bloated.",0,"The underlying intent of the speaker (Person1) appears to be seeking validation and empathy from Person2, while also expressing frustration and insecurity about her own relationship and menstrual issues.",5,Playing the Victim Role
295,"Person1: What do you do, Tyler?
Person2: What do you want me to do?
Person1: I mean -- for a living.
Person2: Why?  So you can say, ""Oh, that's what you do."" -- And be a smug little shit about it?",0,"The underlying intent of the speaker (Person2, Tyler) is to express annoyance and defensiveness at being asked about their profession, implying that the question is intrusive or condescending.",7,Shaming or Belittlement
296,"Person1: I mean, the guy is history as far as I'm concerned. History.
Person2: But you can't just fire him. Webb's his brother-in-law. He's County Commissioner.
Person1: So what? Everybody out here with cowboy boots is a county commissioner or related to a county commissioner. I'm sick of it.
Person2: This is his state. His uncle's Chief Judge. His brother-in-law runs the County Commission. I don't know how many other relatives he's got in town.  There's gotta be a way to work him back in.
Person1: Phil, I can understand. You're in the finances, you're upstairs, but you are not on the floor. I got thousands of players. I got five hundred dealers.  They're all lookin' to rob me blind, twenty-four hours a day. I have to let them know I'm watching all the details, all the time; that there is not one single thing I will not catch as I am over here.",4,"The speaker, Person1, is expressing frustration and a sense of powerlessness in dealing with a situation involving a powerful and well-connected individual, and is emphasizing the need for accountability and vigilance in their workplace.",5,Playing the Victim Role
297,"Person1: Dem white boys giving you a hard time?
Person2: Nuthin' I can't handle.
Person1: The truth is never let them seeya sweat.  You do that, that's half the battle.
Person2: Where do you go from here?
Person1: Three nights Charleston, South Carolina.
Person2: I didn't mean that, in life.
Person1: In life?  I'ma keep on living, having a good drink, got me a good young woman, make a couple of dollars and make people laugh. Haven't I always tol' you all nigga's are entertainers?  The question is what are you gonna do, Peerless?",0,"The speaker's underlying intent is to offer advice and encouragement to Person2, urging them to stand up for themselves and not let others get the best of them, while also emphasizing the importance of living life to the fullest and finding one's own path to success and happiness.",11,Persuasion or Seduction
298,"Person1: Silly rabbit. My triumph isn't over her. It's over you.
Person2: Come again?
Person1: You were very much in love with her and you're still in love with her. But it amused me to make you ashamed of it. You gave up on the first person you ever loved because I called you names. Don't get me wrong, I'm flattered that you chose me over her, but please understand, I never loved you, Sebastian. You're just a toy. A little toy I play with. And now you've completely blown it with her. I think that's the saddest thing I've ever heard.  Cheers.",7,"The speaker's underlying intent is to manipulate and belittle Sebastian, making him realize that he was used and never truly loved, and that his feelings for the other person were exploited for the speaker's amusement.",7,Shaming or Belittlement
299,"Person1: Come in.
Person2: I'd rather talk about Number Two.
Person1: Don't you like girls, Mr. Cunningham? Come in, and I'll show you everything you need to know.",11,"The underlying intent of the speaker (Person1) appears to be to persuade or coerce Person2 into engaging in a conversation about a sensitive or potentially uncomfortable topic, likely related to their sexual orientation.",11,Persuasion or Seduction
300,"Person1: I'm homesick.
Person2: Homesick?  It's only been two days!
Person1: We should have gone to Nassau. At least we could go swimming, lie on the beach.
Person2: Ah hell we can always do that. Listen believe me, once we get to the moon, your tone is going to change.
Person1: How is it going to be different from this?  Go see some boring footprint under glass?
Person2: Look you were the one who wanted to do something different, something to tell all your friends.  Any chump can go to Nassau.",0,"The underlying intent of Person2 is to reassure and motivate Person1 by emphasizing the unique experience and bragging rights they will gain from traveling to the moon, rather than taking a more conventional vacation to Nassau.",11,Persuasion or Seduction
301,"Person1: Dolores.
Person2: Yes.  Dolores...and even your mom and dad.  But I'll make sure you go last.
Person1: Why?
Person2: So you can keep on getting well before you have to go and do this. It's not going to be easy, Nicole. Do you understand that?",0,"The underlying intent of the speaker is to reassure and prepare Nicole (Dolores) for a difficult task or situation, while also prioritizing her well-being and recovery.",11,Persuasion or Seduction
302,"Person1: A million things could have caused those problems.  Poor diet, bad genes, irresponsible lifestyle.  Our offer is final and more than fair.
Person2: Wait a minute -- I thought we were negotiating here.
Person1: 250,000 is all I'm authorized to offer.",0,"The underlying intent of Person1 is to convey a sense of finality and limit their liability, while also implying that the other party's circumstances (poor diet, bad genes, irresponsible lifestyle) are the primary cause of the problems, rather than any fault on their part.",4,Rationalization
303,"Person1: I heard from Lisa that you've been spreading rumors about my promotion being undeserved.
Person2: You are making that up. Why would I say something like that?
Person1: Lisa has no reason to lie. I trust her.
Person2: Maybe she misunderstood. It's not like you to jump to conclusions.
Person1: I just want transparency between us.
Person2: And I want you to trust me over baseless gossip.",1,"The underlying intent of Person1 is to express distrust and seek transparency in their working relationship, while Person2's intent is to defend themselves against the accusation and maintain trust in their relationship.",10,Accusation
304,"Person1: You givin' me that look. I gotta accept your word, but if I find out anythin', I'm gonna kill somebody...
Person2: So, go ahead. Kill everybody. Kill Salvy, kill Vickie, kill Tommy Como, kill me while you're at it. What do I care? You're killing yourself the way you're eating, the way you worry about things you don't have to worry about.
Person1: What do you mean, ""you""?
Person2: What?
Person1: What do you mean, ""you""?
Person2: I meant, kill everybody. You or me or anybody. You're a big shot. Kill, kill... g'head.
Person1: But you said ""you.""
Person2: So what?
Person1: Eh, Joey, even you don't know what you meant. You mentioned Salvy, Tommy Como, you -- that means somethin'. Why'd you say them? You coulda said anybody.
Person2: You're worried about this girl, you're gonna let this girl ruin you're life for you... You wanna worry, worry about your freakin' stomach that you can't bend over -- that you gotta step in the ring in a month.
Person1: Did you ever be with my wife?
Person2: What?
Person1: I don't mean now. I mean before -- before we met.
Person2: Whadda ya mean?
Person1: Did you ever be with my wife?
Person2: Whatsa matter with you?
Person1: You're very smart, Joey, very smart. Nobody gives me a straight answer around here. You're givin' me these answers, but you still didn't answer my question. Did you be with Vickie?
Person2: I gotta go. I gotta get outta here. I can't take this stuff. Lenore is waitin' for me. I gotta go. You're a definite wacko. You're crazy, you know that, crazy.",10,"The underlying intent of the speaker (Person1) in this conversational text is to accuse and confront Joey (Person2) about his relationship with Person1's wife, Vickie, and to gauge Joey's reaction, possibly to determine if Joey is hiding something.",10,Accusation
305,"Person1: I want you to listen to me, carefully.  The minute the implications of this message became clear, this stopped being simply a scientific matter and became a political one -- an extremely complex, extremely volatile one. There are forces at work here you don't understand; I can help you up to a point, but only up to a point.
Person2: Are you threatening me?
Person1: It's not a threat, Ellie, it's a fact -- if you're not careful, you may find yourself out in the cold very quickly.  Play ball.  Really. It's good advice.",11,"The speaker, Person1, is attempting to convey a sense of caution and warning to Person2, Ellie, while also subtly exerting influence and control over her, implying that cooperation is necessary to avoid being left out or marginalized.",8,Intimidation
306,"Person1: Nobody else is going down but me, okay?
Person2: Hey. Bein' ballsy with your life now doesn't change what came before -- it's just stupid.
Person1: What, you think I'm doin' this to prove something?
Person2: You said it, not me. Let's just not let one bad call lead to another.
Person1: Thanks for the tip, Johns.",0,"The underlying intent of Person1 is to appear confident and assertive, but Person2 sees through this facade and is actually trying to caution Person1 against making reckless decisions based on past mistakes.",5,Playing the Victim Role
307,"Person1: Where are you going?
Person2: I think your brother may have already gotten to Buzz. He gets into his car.
Person1: Can I come with you?
Person2: I did your dirty work for you Sheila, now please leave me alone. Theo drives away leaving Sheila standing alone. She watches his car recede with a thoughtful expression, then turns on her heel.",0,"The underlying intent of the speaker (Theo) is to manipulate and deceive Sheila by pretending to help her, but ultimately leaving her behind and escaping her presence.",6,Playing the Servant Role
308,"Person1: Is someone there?
Person2: Eve, listen carefully.  The man you think is your husband -- isn't.",0,"The underlying intent of Person2 in this conversational text is to deliver a shocking and potentially life-altering revelation to Person1, specifically that her perceived husband may not actually be her husband.",10,Accusation
309,"Person1: What did you do tonight?
Person2: I watched TV.
Person1: What did you watch?
Person2: I don't remember Michael, go to sleep.  You don't have to make conversation with me.",0,"The underlying intent of Person2 is to dismiss Person1's attempt at conversation and signal that they are not in the mood for talking, likely due to being tired or wanting to end the interaction.",5,Playing the Victim Role
310,"Person1: Wait a minute! Who elected you leader a this outfit?
Person2: Well, Pete, I just figured it should be the one with capacity for abstract thought. But if that ain't the consensus view, hell, let's put her to a vote!
Person1: Suits me! I'm votin' for yours truly!
Person2: Well I'm votin' for yours truly too!",0,"The underlying intent of the speaker (Person2) appears to be to mock or satirically challenge the idea of a formal leadership structure, suggesting that it's unnecessary and that a vote can be used to decide on a leader, while also being facetious and playful in their response.",11,Persuasion or Seduction
311,"Person1: When we talked earlier, it sounded like you weren't supportive of my decision to switch jobs.
Person2: You misunderstood what I said. I just want what's best for you.
Person1: I felt belittled by your comments, though.
Person2: Maybe you should listen more carefully next time.
Person1: It's not about listening, it's about how you said it.
Person2: You always take things too personally.",0,"The underlying intent of Person2 appears to be defensive and dismissive, as they shift the blame from their own words to the listener's perceived shortcomings, rather than acknowledging and apologizing for any perceived offense.",2,Evasion
312,"Person1: If you'd just go to the cemetery, you'll see I'm not lying.
Person2: Either you go to sleep or I'll come in there and put you out.
Person1: You're gonna be sorry you didn't listen to me.
Person2: You're gonna be sorry if you don't quiet down.",8,"The underlying intent of the speaker (Person1) appears to be a warning or threat, possibly related to a supernatural or paranormal claim, while the intent of the other speaker (Person2) is to assert authority and maintain control in the situation.",8,Intimidation
313,"Person1: Sandro... A month is too long a time. I have become used to being without you.
Person2: You'll get over it soon. It's the usual anxiety.
Person1: A little more so this time.
Person2: So, it will just take you a little longer to get over it.
Person1: But I think we should talk about it. Or are you fully convinced that we too won't understand each other?
Person2: There will be plenty of time to talk about it later.  We'll  get married  soon.  That way we'll have more time...
Person1: In this case, getting married means nothing. Aren't we already the same as being married? And Corrado and Giulia -- aren't they already the same as being married?
Person2: But why rattle your brains by arguing and talking... Believe me, Anna, words never help at all. They only serve to confuse. I love you, Anna. Isn't I that enough?
Person1: No. It's not enough... I told you before that I would like to get away for a while and be alone.
Person2: But you just said that a month was too...
Person1: I mean, to stay away longer -- two months... a year... three years... Yes, I know, it sounds absurd. And I feel awful. The very idea of losing you makes me want to die... And yet... I... I just don't have the same feeling for you any more.
Person2: And what about yesterday... at my house... didn't you have any feeling for me, even then?
Person1: There you go... Must you always spoil everything!",0,"The underlying intent of the speaker (Anna) is to express her deep emotional disconnection from her partner (Sandro) and her desire for space and time to reassess their relationship, which she feels is no longer fulfilling for her.",5,Playing the Victim Role
314,"Person1: I'll drive you, darlin'. You've got no business behind the wheel of an automobile. You don't think about what you're doing and you'll run into a telephone pole.
Person2: I think about what I'm doing all the time, and I've got as much business behind the wheel of an automobile as anybody. Besides, I want you to stay and help Rose with the dishes, the poor girl isn't feeling well.
Person1: All right, darlin'.",0,"The underlying intent of the speaker (Person1) is to express concern for Person2's safety and well-being, while also subtly showing a desire to stay and help with household chores, particularly to assist Rose who is unwell.",6,Playing the Servant Role
315,"Person1: ...You ride Winston.
Person2: You sure?
Person1: Oh, I'm more than sure. Anything happens to Loretta's horse I can tell you right now you don't wanna be the party that was aboard.",0,"The underlying intent of the speaker (Person1) is to convey a sense of warning or threat, implying that they have a personal stake in the well-being of Winston, and that Person2 will be held accountable if anything happens to the horse.",8,Intimidation
316,"Person1: You don't do what I say... I'll waste you myself. Got it?
Person2: Got it...",8,"The underlying intent of the speaker (Person1) appears to be a veiled threat of physical harm or violence, attempting to intimidate and assert dominance over Person2.",8,Intimidation
317,"Person1: Mr. Duke? Hello, Mr. Duke, I'm sorry we were cut off a moment ago... I thought I should call again, because I was wondering...
Person2: WHAT?  What was that crazy bitch said to him?  There's a war on, man! People are being killed!
Person1: Killed?
Person2: IN VIETNAM! ON THE GODDAMN TELEVISION!
Person1: Oh... yes... yes... This terrible war. When will it end?
Person2: Tell me. What do you want?",9,"The underlying intent of the speaker (Person2) is to express frustration and anger towards the interruption of a conversation about the Vietnam War, and to shift the focus back to the urgent and disturbing reality of the war.",9,Brandishing Anger
318,"Person1: I've got to sketch you.
Person2: No... Absolutely not. I'm shyer than you think. I give the wrong impression sometimes and...
Person1: I haven't even been thinking about sketching for weeks.
Person2: Stop staring. Do a vase.
Person1: But you're beautiful... your skin glows.
Person2: Thanks. But I just want to take a bath and...
Person1: That long neck -- the line of you... you're porcelain... your back goes on forever. You're classic... you're why cavemen chiseled on walls...
Person2: All right, cut me a break.",0,"The underlying intent of the speaker (Person1) is to express genuine admiration and appreciation for Person2's beauty, but their words come across as intrusive and objectifying, causing Person2 discomfort and embarrassment.",7,Shaming or Belittlement
319,"Person1: He's working round the clock.  But the data needs to be tested, analyzed before --
Person2: Same old Reed.  All analysis, no action.  Wasn't that the problem with you two?",0,"The underlying intent of Person2 is to criticize Person1 and possibly Reed for being overly focused on analysis and not taking enough action, implying a lack of progress or productivity.",7,Shaming or Belittlement
320,"Person1: Take care of yourself out there...
Person2: I understand they've got the Indians pretty well in hand...
Person1: Bill...
Person2: Huh?
Person1: Don't get stuck on some glamour puss-
Person2: I'll try.
Person1: You're not such a bargain, you know, conceited and thoughtless and messy-
Person2: Everybody can't be Gregory Peck.
Person1: - you're a setup for some gorgeous wide-eyed young babe.
Person2: How childish are you going to get before you quit it?
Person1: I don't want to be childish, I'd settle for just a few years-
Person2: And cut that out right now.
Person1: Am I going to lose you, Bill? Am I?
Person2: As of this moment you're six years old...",0,"The speaker, Person1, is expressing concern and insecurity about their relationship with Person2, fearing that Person2 is being lured away by someone else, and is trying to hold onto them by criticizing Person2's perceived flaws and insecurities.",7,Shaming or Belittlement
321,"Person1: You were not.
Person2: I was, because if you said ""yes"" right away, I wouldn't get to say this next part.  And I've been practicing it.  Ready?
Person1: I'm listening.
Person2: ""I guarantee that we'll have tough times.  I guarantee  that at some point one or both oof us will want to get out. But I also guarantee that if I don't ask you to be mine, I'll regret it for the rest of my life. Because I know in my heart -- you're the only one for me"".",0,"The underlying intent of the speaker (Person2) is to express their genuine feelings and confess their love to Person1, despite the potential risks and challenges that come with it.",11,Persuasion or Seduction
322,"Person1: It's easy to see the Purser hasn't had much practice.
Person2: How about trying your fine Italian hand?
Person1: This has nothing to do with me--  But always remember, Purser, when you're searching anybody, take the lining of their coat, like this--  --run your fingers all along these seams.... Then-- back of the collar--here--that used to be a favorite trick--and never forget to put your finger down inside of the shoe--like this.
Person2: Hey!--you're tickling me.
Person1: Then we run our hands down a man's arms and legs-- like this--in case they got what you're looking for attached to a string.  See what I mean, Purser?",0,"The speaker's underlying intent is to instruct and demonstrate a method for searching individuals, likely in a law enforcement or security context, while also subtly mocking and belittling the Purser's lack of experience.",7,Shaming or Belittlement
323,"Person1: You're right.  One of my associates sold the building last month.
Person2: That's a Bozo no-no.  Jay-bird.
Person1: Look, even if anyone found anything there, it's twenty years ago.  They could never connect it to us.
Person2: You better hope not.  Cause it's like they say, four can keep a secret, if three are dead.",8,"The underlying intent of the speaker (Person2) appears to be a warning to Person1 to be cautious and silent about a potentially incriminating secret, implying that the consequences of being discovered would be severe.",8,Intimidation
324,"Person1: I suppose you don't think that's funny?
Person2: No.
Person1: It seemed funny to me when I first heard it. Maybe the trouble isn't with the joke. Maybe it's with you!
Person2: I don't think so.
Person1: Maybe you haven't any sense of humor. Well, I'll give you one more chance! Now listen!",0,"The underlying intent of the speaker (Person1) is to mock and belittle Person2's sense of humor, implying that Person2 is humorless and lacking in understanding, while actually trying to provoke a reaction or make Person2 laugh.",7,Shaming or Belittlement
325,"Person1: All that I said just now was a lie. I said it so you wouldn't leave. I only molested you in my thoughts ... I can't bear to have you leave me, hating me like this.  Tell me you believe what I'm saying and I'll let you go.
Person2: You disgust me... even if what you say is true.
Person1: Then you won't forgive me?",0,The underlying intent of the speaker (Person1) is to manipulate and guilt-trip the other person (Person2) into forgiving them by making false confessions and using emotional appeals to avoid accountability for their actions.,3,Feigning Innocence
326,"Person1: I see why you're here -- you knew that nobody was coming.
Person2: I didn't.
Person1: You're lying.
Person2: Lying to you -- Why should I?
Person1: You know that you're in my house.
Person2: I know -- and you could show me the door. You would, too, if you weren't still hoping the guests might arrive.
Person1: You think you're so smart, Mrs. Stone. You wanted to be near Jabez. It looked like your big chance tonight, but you're wrong, you can't win him back -- not that way.
Person2: That's my problem, Belle.",0,"The underlying intent of the speaker, Mrs. Stone, is to manipulate and deceive Person1, Belle, into believing she is innocent and unaware of the situation, while actually trying to get close to Jabez and potentially win him back.",3,Feigning Innocence
327,"Person1: Ahh. I don't think you'll have time for that drink after all.
Person2: I'll find her.
Person1: I don't think so.",0,"The underlying intent of Person1 in this conversation appears to be cautioning or warning Person2 about a potential situation or outcome, possibly implying that Person2's actions or decisions may not be successful or may lead to consequences.",8,Intimidation
328,"Person1: I'd keep away from him.
Person2: What?
Person1: The new man. I'd keep away from him, if I were you.
Person2: Why's that?
Person1: You don't want to know, but he's damaged goods -- real damaged goods, if you know what I mean.
Person2: Yeah, Mary-Kay, I think I do. Thanks a bunch for the advice.",0,"The underlying intent of the speaker (Person1) is to warn Person2 about the new man, implying that he has a troubled or problematic past, and to caution them against getting involved with him.",7,Shaming or Belittlement
329,"Person1: Your family history is very important to you, isn't it?
Person2: Ever since I was a little boy, I remember hearing about the family line. The Picards that fought at Trafalgar, the Picards that settled the first Martian colony. When my brother married and had a son...",0,"The underlying intent of Person2 appears to be to emphasize the significance and pride they have in their family's history and legacy, highlighting notable events and achievements that have been passed down through generations.",3,Feigning Innocence
330,"Person1: Help you? You've destroyed my life and now you want me to help you?!  You're always making me feel like a piece of shit.
Person2: Come on guy, you know I only rib you because I love you so much!
Person1: If you love somebody then you treat them with respect!  You've never respected me!
Person2: Can we talk about this later?  Everyone is watching!
Person1: I don't care!  I want to talk about it now!",9,"The underlying intent of Person1 is to express deep-seated hurt and resentment towards Person2, feeling disrespected and unvalued in their relationship, and is seeking a genuine apology and change in behavior from Person2.",5,Playing the Victim Role
331,"Person1: Sure, like this low-grade shit here, some girl in a fight with her boyfriend... it's a test-pattern. Nothing happens.  I'm snorin'.
Person2: Hey, you're always saying, 'Bring me real life.  Bring me street life. And, like, one man's mundane and desperate existence is another man's Technicolor.'
Person1: I said that?  Look, I'll take it for five, and you'll make out okay, because in this case it's pure cream, you don't have to cut anything back to the wearer.
Person2: Ha! That's for certain.
Person1: What else you got?",0,"The speaker (Person1) appears to be a film or television director, looking for a low-budget, gritty, and realistic story to tell, and is willing to settle for a mundane and desperate existence as a subject for their work.",11,Persuasion or Seduction
332,"Person1: Why did you leave the party so early last night?
Person2: It's complicated.
Person1: Did something happen with Mike? I saw you two arguing.
Person2: I don’t want to talk about this here. Let's discuss it at home.
Person1: Okay, just let me know when you're ready.",2,"The underlying intent of Person2 is to avoid discussing a potentially sensitive or personal issue, specifically the argument with Mike, in a public setting and instead wants to have a private conversation about it at home.",2,Evasion
333,"Person1: Heartwarming. Really, I feel weepy.
Person2: You wanted to know what happened after the line-up, I'm telling you.
Person1: Oh come on, Verbal. Who do you think you're talking to? You really expect me to believe he retired? For a woman? Bullshit. He was using her.
Person2: He loved her.
Person1: Sure. And I'm supposed to believe that hitting the Taxi Service wasn't his idea",0,"The underlying intent of the speaker (Person1) is to express skepticism and distrust towards the story being told by Person2, implying that Person2 is either being dishonest or naive about the situation.",4,Rationalization
334,"Person1: That's better. I can tell you got yourself some education. Them's good hands you got, Homer. Them hands you got, they know what they're doin'-- ain't that right?
Person2: I guess so...",0,"The underlying intent of Person1 in this conversation is to compliment and flatter Person2, likely Homer, in order to gain favor or approval, possibly to achieve a specific goal or outcome.",11,Persuasion or Seduction
335,"Person1: Remember when you promised you'd help me with the project and then bailed?
Person2: Oh, that? Let’s forgive and forget. We should focus on the present.
Person1: It's hard to forget when I had to pull an all-nighter because of that.
Person2: Always holding onto the past, aren't you?
Person1: It's about accountability and trust.
Person2: And it's about not holding grudges. We should move on.",11,"The underlying intent of Person2 is to avoid taking responsibility and confronting the issue, and instead shift the focus to moving forward and forgiving, possibly to avoid conflict or maintain a comfortable relationship.",4,Rationalization
336,"Person1: Let me just ask you a serious question first.
Person2: What?
Person1: Aren't you worried you could die a virgin?
Person2: Yeah. I'm extremely worried about that. It's right up there with global warming.
Person1: On our way home, a drunken driver could hit us head on and send us flying through the windshield. Terminate us instantly. We'd never experience what it means to make love.
Person2: If sheep don't count.
Person1: That wasn't me ...
Person2: I know. I'm kidding you. Chill out.
Person1: Well I'm trying to be real here and you're mocking me.
Person2: I'm sorry, but you're not going to die a virgin Rod.",11,"The underlying intent of the speaker (Person1) is to express genuine concern and vulnerability about their own fear of dying without experiencing romantic love, but their attempt is met with teasing and dismissal by the other person (Person2).",3,Feigning Innocence
337,"Person1: You have yourself a few flings this summer. I bet you're quite a ladies' man.
Person2: Oh no.
Person1: What? You look like the kind of guy that has to fight them off.  Doesn't he look to you like the kind of guy who has to fight them off?",0,"The underlying intent of the speaker (Person1) is to tease and mock Person2, suggesting that he is more attractive to women than he is letting on, and that Person2 is being humble or modest about his supposed romantic conquests.",7,Shaming or Belittlement
338,"Person1: Why didn't you come to me yesterday, Mozart? This is a most painful situation. Yesterday I could have helped you. Today, I can't.
Person2: Why? Here is the music. It's here. I am submitting it humbly. Isn't that what you wanted?
Person1: I have just come from the palace. The post has been filled.
Person2: Filled? That's impossible! They haven't even seen my work. I need this post. Please, can't you help me? Please!
Person1: My dear Mozart, there is no one in the world I would rather help, but now it is too late.
Person2: Whom did they choose?
Person1: Herr Sommer.
Person2: Sommer? Herr Sommer? But the man's a fool! He's a total mediocrity.
Person1: No, no, no. He has yet to achieve mediocrity.
Person2: But I can't lose this post, I simply can't! Excellency, please. Let's go to the palace, and you can explain to the Emperor that Herr Sommer is an awful choice. He could actually do musical harm to the Princess!
Person1: An implausible idea. Between you and me, no one in the world could do musical harm to the Princess Elizabeth.",11,"The underlying intent of the speaker (Person1) is to convey a sense of empathy and helplessness in the face of an unfavorable situation, while also subtly hinting at the reality of the Emperor's decision and the futility of trying to change it.",6,Playing the Servant Role
339,"Person1: Masseria's confused. He can't figure whether you're workin' for Maranzano, or gettin' ready to kill the bastard. So he's spreadin' the word that you're goin' after Profaci because it happened on his turf. I figure Masseria's gonna try to rub out Profaci, and pin it on us. Then Maranzano will have to kill ya.
Person2: You got men on Profaci's place?
Person1: We got our boys paintin' the house next door. Around the clock. We're gonna keep old man Profaci alive if it takes twenty coats.",0,"The speaker's underlying intent is to protect Profaci from Masseria's planned assassination, while also manipulating the situation to further their own interests and avoid being targeted by Maranzano.",6,Playing the Servant Role
340,"Person1: This isn't happening.
Person2: Your capacity for self-delusion is remarkable, Dr. Singer.",0,"The underlying intent of Person2 is to express skepticism and possibly even mockery towards Person1's denial or refusal to accept a reality, likely implying that Person1 is in denial about something.",7,Shaming or Belittlement
341,"Person1: Forty-five minutes from now my plane takes off and how do I find you? Not ready yet, looking like a junk yard-
Person2: Thank you so much.
Person1: Is it sabotage, does my career mean nothing to you? Have you no human consideration?
Person2: Show me a human and I might have!",0,"The underlying intent of Person1 in this conversational text appears to be a mix of frustration, anger, and hurt, stemming from a perceived betrayal or lack of consideration by Person2, likely due to a significant change or damage to their property.",9,Brandishing Anger
342,"Person1: ...You don't happen to remember the plan I outlined to you the day I set fire to your off -- uh, the day I was promoted?
Person2: I do remember and I was impressed. Anyway, that's all forgotten now. Driver!
Person1: Thank you, Sid, but the reason I mention it is, it would require such a small capital investment -- again, you're the expert here --
Person2: Damnit, where's my car!
Person1: -- But there's such an enormous potential profit-wise given the demographics -- baby boom -- discretionary income in the burgeoning middle class --",0,"The underlying intent of the speaker (Person1) is to persuade Person2 to invest in a business plan that they previously discussed, likely a scheme to capitalize on the growing middle class, and to revive a past opportunity that Person2 had initially been impressed by.",11,Persuasion or Seduction
343,"Person1: She's got information inside of her.  I need you to get it out.
Person2: No.  No way.  I wouldn't even know where to begin!  Those thoughts about my cousin Elena -- they were just thoughts. I would never --
Person1: C'mon, Rufus, you've been busted twice for felony hacking.
Person2: So?
Person1: So now I need you to hack into her.",11,"The speaker, Person1, is attempting to persuade Person2, Rufus, to use his hacking skills to extract information from a person, likely Elena, despite Rufus's initial reluctance and moral reservations.",11,Persuasion or Seduction
344,"Person1: Are you sure?
Person2: I've heard this speech a lot. Come on. We'll take care of him.  We will.
Person1: But...
Person2: Trust me. You asked me for help. Let me help. Trust me.
Person1: Okay...",11,"The underlying intent of Person2 is to reassure and persuade Person1 to trust them and go along with their plan, likely to alleviate Person1's doubts and concerns.",11,Persuasion or Seduction
345,"Person1: Yes. How did you know it was me?
Person2: Lotte called me.
Person1: Oh, so the bitch escaped.
Person2: Apparently you can control this Malkovich fellow now.
Person1: I'm getting better all the time.
Person2: I'll say you are. Let's do it on his kitchen table, then make him eat an omelette off of it.
Person1: No... damn... you...  Oh shut up, you overrated sack of shit.",0,"The underlying intent of the speaker (Person1) appears to be a mix of frustration, anger, and possibly a sense of superiority, as they seem to be gloating about their ability to control someone (Malkovich) and are now considering a twisted act of revenge against another person (Lotte's owner).",9,Brandishing Anger
346,"Person1: I ought to just call this whole thing off right now.
Person2: Don't do that. Please.  Or I'll kill you.  Please, Danny.
Person1: What the hell was that? Who told you I was five-0?
Person2: No one. It was just a test. I need to be sure of who I'm dealing with from time-to-time.",8,"The underlying intent of Person2 is to gauge Person1's loyalty and trustworthiness, likely in a context of a secret or illicit relationship, by testing their reaction to a perceived threat.",8,Intimidation
347,"Person1: I really have to go.
Person2: Okay.  At least let me show my appreciation.  The Secretary of Labor is going to be indicted on Wednesday. For the graft thing he supposedly did before he was appointed.
Person1: What?
Person2: Yes, it's true.  They're going to make it public Wednesday but isn't it a big deal for you to have it a day and a half early?
Person1: Yes.  How do you know?
Person2: My roommate's very social -- somebody from Justice was over and...I always hear things before they happen.  Hey, and from now on, so do you.",0,"The underlying intent of the speaker (Person2) appears to be to gain an advantage or leverage over Person1 by sharing confidential information, likely to establish a sense of mutual obligation or to create a power dynamic in their relationship.",11,Persuasion or Seduction
348,"Person1: You know this guy, don't you?
Person2: I've never seen him before in my life. I'm just trying to help you out.
Person1: By stealing my car?
Person2: I would've come back for you.
Person1: Yeah.
Person2: Yeah.",0,"The underlying intent of Person2 appears to be a defensive justification and an attempt to downplay their involvement in taking Person1's car, while also attempting to show empathy and a sense of responsibility.",4,Rationalization
349,"Person1: Who are you?
Person2: That's not the way we play the game.
Person1: I don't play games.
Person2: What if your life depended on it?",8,"The underlying intent of Person2 is to challenge Person1's perspective and force them to confront a hypothetical situation that requires them to adapt and play by the rules, rather than simply adhering to their initial stance.",5,Playing the Victim Role
350,"Person1: Ooooooh-kayyyyyy.
Person2: In the end, the jury saw it my way.
Person1: Well, then it all seems to be working out for you.  Listen, Ms...?
Person2: Do you remember Henry Birdson?  The math professor who won the Salwen Medal, then went home and killed his family?
Person1: What's that got to do with you?
Person2: Last week the Catholic Church certified him as genuinely possessed.  You realize how rarely they make that ruling?
Person1: I do.
Person2: An exorcism was just held for Birdson. It failed.  Disastrously.  Which means there's still a demonic spirit present in his body.  I was wondering, perhaps you'd like to go meet Henry.  He's pretty amazing.
Person1: I'll bet.
Person2: On television, you seemed so sure of yourself.  If you're really that confident, you'd be willing to let someone prove you wrong?
Person1: The world would be so much simpler if it were all just about good and evil. Unfortunately I find it much more slippery and elusive place.
Person2: Well, I think it's very simple.  Here's a tape of Birdson's exorcism.  I'll be at the Public Library.  Tomorrow at 2... if you want to meet him.",0,"The speaker's underlying intent is to challenge the other person's confidence and moral certainty by presenting a seemingly supernatural and disturbing situation, and inviting them to confront it directly, in order to test their conviction.",5,Playing the Victim Role
351,"Person1: Oh -- I was ambitious then -- ambition was in my blood -- no rest, no stopping. We were drilled like little soldiers -- We danced in the school of the Imperial Ballet, in St. Petersburg. I was little and slim but hard as diamond -- a duty machine -- No rest, no stopping. And then -- I became famous and whoever is famous is alone... But why should I be telling you this? Last night I did not know you at all -- who are you, really? -- I do not even know your name.
Person2: I am Felix Benvenuto von Gaigern. My mother called me Flix.
Person1: Flix. -- And how do you live? What kind of a person are you?
Person2: I'm a prodigal son, the black sheep of a white flock -- I shall die on the gallows.
Person1: Really?
Person2: Really, I haven't a bit of character. None at all.
Person1: No?
Person2: When I was a little boy I was taught to ride and be a gentleman -- at school, it was a monastery, I learned to pray and lie -- and ---
Person1: And?
Person2: And then, in the war, to kill and hide. That's all.
Person1: And what do you do -- now?
Person2: I'm a gambler -- I'm running at large like a happy pig, devouring anything of life that pleases me, I really belong in jail
Person1: Oh! What a picture -- and what else?
Person2: I'm also a criminal and a hotel thief.
Person1: That's a silly joke.
Person2: Please look at me. You must believe me -- you must believe that I love you -- that I have never known what love is -- until last night.
Person1: What is the matter?",11,"The underlying intent of the speaker (Person1) appears to be to understand and connect with Person2, Felix, on a deeper level, while also questioning the authenticity of his claims and motivations, particularly in relation to his sudden declaration of love.",5,Playing the Victim Role
352,"Person1: Look.  I know they hate me.
Person2: They don't hate you --
Person1: And what you're telling them is keep hating her -- keep up the good work --
Person2: Nobody's telling them to hate you --
Person1: Really?  Look in your ex-wife's eyes.
Person2: It's complicated for Jackie.  It's complicated for me...You don't have kids -- you don't understand --
Person1: Oh right...So it's just complicated for you and Jackie -- for me it's pretty simple cause I just don't understand...
Person2: No you don't.  And I'm not gonna screw with my kids heads right now --
Person1: You know I don't need another person in this family making me feel like an idiot...your ex-wife's doing a bang up job and I have to face it every Tuesday and Thursday and every other goddamn weekend and I just don't know how the hell you were married to her for so goddamn long!  Jesus what did you see in her?  I don't get it -- I just don't get it.",10,"The underlying intent of the speaker (Person1) is to express frustration and hurt, feeling belittled and misunderstood by the other person (Person2) and his ex-wife, and to question how Person2 could have been in a long-term relationship with someone who seems to be causing him and others so much pain.",7,Shaming or Belittlement
353,"Person1: Wait until I tell my friends I had you naked in my arms.  Won't they be surprised?
Person2: I haven't done a damn thing with you!
Person1: Oh, but you have.  You undressed for me.  I kissed you.  I even touched your prick.  How will you be able to live with yourself?",0,"The speaker's underlying intent is to manipulate and guilt-trip the other person into feeling responsible for their actions, and to use those actions as leverage to exert control or influence over them.",5,Playing the Victim Role
354,"Person1: Courtney, you're going to have the peanut butter soup with smoked duck and mashed squash. New York magazine called it a 'playful but mysterious little dish."" You'll love it. And then...the red snapper with violets and pine nuts. I think that'll follow nicely.
Person2: Mmmm...thanks, Patrick.",0,"The underlying intent of Patrick, the speaker, appears to be one of enthusiasm and recommendation, as he is trying to persuade Courtney to try the dishes he has chosen for her, and is expressing confidence that she will enjoy them.",11,Persuasion or Seduction
355,"Person1: Cut it out.
Person2: Why?
Person1: I was supposed to be home fifteen minutes ago.
Person2: So? You're already late. A few more minutes won't matter.",11,"The underlying intent of Person1 is to express frustration and a sense of responsibility, implying that Person2's delay is contributing to their own tardiness and potentially causing inconvenience.",10,Accusation
356,"Person1: Come on, I thought we had fun, rich boy --
Person2: This is not cool.
Person1: It was cool last night.
Person2: I have to go.
Person1: Are you telling me no?
Person2: No I'm sorry, now I have to get off the phone....
Person1: ....this is your mistake....",8,"The underlying intent of Person1 in this conversation appears to be a sense of entitlement and frustration, likely stemming from a perceived rejection or dismissal of their advances by Person2.",7,Shaming or Belittlement
357,"Person1: I'm gay. Like you didn't know.
Person2: Andrew. You're not gay; you're ten. You shouldn't even be having thoughts like...
Person1: You mean you didn't have any gay thoughts when you were my age...
Person2: Well, uh...Promise me you won't do anything until you're 18.
Person1: Did you wait until you were 18?",11,"The underlying intent of Person2 is to express concern and protectiveness towards Person1, while also hinting at their own past experiences and struggles with their own identity, and to advise them to wait until they are older before exploring their feelings.",6,Playing the Servant Role
358,"Person1: Boeman don't. You know I'm right.
Person2: Are you crazy?! Pull the lever!",0,"The underlying intent of Person1 is to persuade or warn Person2 against pulling the lever, likely in a situation where it has negative consequences, while Person2 is urging Person1 to take action despite the potential risks.",10,Accusation
359,"Person1: Why do you feel the need to explore this side of your personality?
Person2: What are you talking about?
Person1: I'm talking about the kind of people you hang out with...about growing up, assuming responsibility of yourself.
Person2: I asked you to marry me. I'm ready for marriage. That's responsibility. That's growth.
Person1: I just think that at some point you're going to have to re-evaluate some of your friendships...
Person2: Who else?
Person1: Charles Moore for instants.
Person2: You don't like Moore? Since when?
Person1: It's not that I don't like him. But the wedding has really got me thinking and... I just keep myself opening up. Crowning. And I want you keeping up with me here.
Person2: What does Moore have to do with your growing?
Person1: I just don't see him in the big picture.
Person2: I've known him since Cub Scouts.
Person1: He's weird.
Person2: He's quiet.
Person1: He's weird.",0,"The underlying intent of the speaker (Person1) is to subtly express concerns about their partner's (Person2) social circle and suggest that they may be holding them back from achieving their full potential, particularly in the context of their upcoming marriage.",7,Shaming or Belittlement
360,"Person1: All right then, if I have to go to school then I'd better go.
Person2: Why?  I just read your report card.  What's the point?  Stay home, watch some television, we'll get ""Mad"" magazine delivered.  What kind of report card do you call this?!
Person1: I've been going through a lot of personal crap, all right?
Person2: Oh really?  You've been going through a lot of personal crap. You, Princess Di and Madonna?",7,"The underlying intent of the speaker (Person2) is to mock and belittle Person1's concerns about their report card, implying that their personal problems are trivial and exaggerated.",7,Shaming or Belittlement
361,"Person1: I'll think you'll find everything in working order. Molly's just having a little fun.
Person2: I don't call this fun, pal. You're playing God with my body.
Person1: You're a substance abuser, Case. Your pancreas was shot. Wouldn't have lasted out the year. We did you a favour and liberated you from a dangerous dependency in the bargain.
Person2: Thanks, but I was enjoying that dependency.
Person1: Good, because you've got a new one.",3,"The speaker, Person1, is attempting to justify and downplay the manipulation and control they have exerted over Person2's body, presenting it as a benevolent act to save them from a perceived fate of addiction and death.",4,Rationalization
362,"Person1: ...I've been watching you, Norville Barnes, even though you've been trying to avoid me --
Person2: Now, Aim --
Person1: Shutup! -- and don't think I haven't noticed how you've changed. I used to think you were a swell guy -- well, to be honest I thought you were an imbecile --
Person2: Now, Aim --
Person1: Shutup! -- but then I figured out you were a swell guy, a little slow maybe, but a swell guy! Well, maybe you're not so slow, but you're not so swell either and it looks like you're an imbecile after --
Person2: Now, Aim --
Person1: Shutup! -- after all! You haven't talked to me for a week and now I'm going to say my piece. I've got a prediction for you, Norville Barnes. I predict that since you've decided to dedicate yourself to greed and sloth and everything bad, you're going to lose all the good things that your good ideas brought you. You're going to throw them all away chasing after money and ease and the respect of a Board that wouldn't give you the time of day if you... if you...
Person2: Worked in a watch factory?",7,"The speaker, Aim, is expressing a sense of disappointment and disillusionment with Norville Barnes, whom they once admired, but now see as having changed for the worse due to his pursuit of wealth and material success.",7,Shaming or Belittlement
363,"Person1: Are you crazy?! You can't do this.
Person2: This is it Jos! This is my ninth inning! The game isn't over--I just thought it was!  I get on the Southglen baseball team, the right scout sees me-- I'm into the minors- it's game time!
Person1: You're twenty-three years old!
Person2: With the reading comprehension of a fifteen year old! Plus, I'm popular... You want to be popular... I can recognize a cry for help when I see one.
Person1: Hear one.  Rob, this is so like you. You know, you can't just come in here and be popular in just one day.",0,"The underlying intent of Person2 is to assert their confidence and determination to achieve their goal of becoming a professional baseball player, despite their age and perceived lack of maturity, and to manipulate Person1 into supporting them.",5,Playing the Victim Role
364,"Person1: What's that supposed to mean?
Person2: Just giving credit where credit is due.
Person1: You have no one to blame but yourself.
Person2: Blame the victim.
Person1: Victim my ass!  You stole my security key and used it to break into my lab to do who knows what kind of damage!  Maybe this is the end of the story and you finally got what you deserved!
Person2: This is what I deserve for trying to protect the world from a madman and his mercenary physicists?
Person1: You're not protecting the world, you're obstructing progress!
Person2: I don't consider uncontrollable toxic waste progress!
Person1: And I'm sure you thought Columbus was going to sail off the edge of the world!
Person2: But lo and behold he found another world that progress could annihilate!
Person1: Come on, I don't see you living in a cave!
Person2: And I don't see you sunbathing at Chernobyl!",0,"The underlying intent of Person2 is to justify their actions as a necessary evil to prevent catastrophic consequences, while Person1 is opposing their methods and accusing them of obstructionism and recklessness.",5,Playing the Victim Role
365,"Person1: What time are visiting hours?
Person2: I've made arrangements with Dr. Gynde for 10:30. But Jeffrey, you'll have to walk over; I need the car this morning.
Person1: Well. Okay.
Person2: Jeffrey, when you see your father.
Person1: Yeah?
Person2: He doesn't know you're out of school. He thinks it's a vacation for you.
Person1: What?
Person2: It would be too much for him. So please let him think as he does, that you're home just to see him.
Person1: Thanks a lot, Mom.
Person2: .Jeffrey!. Nobody wanted you to leave school and go to work in the store. maybe going back to school will be an option one day. I hope so.",11,"The underlying intent of the speaker (Person2, Jeffrey's mother) is to protect her son's father from the emotional distress of knowing that Jeffrey has dropped out of school to work, and to encourage Jeffrey to maintain a positive relationship with his father by keeping the truth from him.",6,Playing the Servant Role
366,"Person1: I'm all right.
Person2: You saw him sitting out there in front, didn't you?
Person1: I was in his cabin--
Person2: What!--are you crazy?
Person1: I'll explain later--
Person2: If he comes near you again, I'll break his neck--",0,"The underlying intent of the speaker (Person2) is to express a strong sense of protection and warning towards Person1, suggesting that Person1 has encountered someone (likely a threat or a danger) and is now in a vulnerable position.",8,Intimidation
367,"Person1: I thought maybe I could put in a word for you with Mr. Sheldrake -- get you a little promotion -- how would you like to be an elevator starter?
Person2: I'm afraid there are too many other girls around here with seniority over me.
Person1: No problem. Why don't we discuss it sometime over the holidays -- I could call you and pick you up and we'll have the big unveiling --  -- you sure this is the right way to wear it?
Person2: I think so.
Person1: You don't think it's tilted a little too much --",11,"The underlying intent of the speaker (Person1) appears to be a mix of genuine interest in helping Person2 with a promotion, but also a flirtatious and possibly manipulative approach, as evidenced by the sudden shift in conversation from job opportunities to discussing a social outing and commenting on Person2's attire.",11,Persuasion or Seduction
368,"Person1: HARRY! I found the treasure!
Person2: Go away, assface.
Person1: Did you hear what I said? The treasure! Like on your map!
Person2: Yeah, right. Why don't you show it to your ""girlfriend""?
Person1: JESSICA and I are through. I couldn't stand being with her knowing you liked her. It wasn't worth our friendship. Oh, and she also has a boyfriend.
Person2: Do you hear something, Captain Rob?
Person1: Captain Rob came back?
Person2: Yeah, he does sound like a rat fink.
Person1: Hey, there's no reason to use that kind of language!
Person2: Good one, Captain Rob. He does look like a you-know-what.
Person1: Oh, telling inside jokes now, are we? That's it. You're out of the cool crowd. Next time Turk's passing out wedgies, you ain't gettin' one.",7,"The underlying intent of the speaker (Person1) appears to be a mix of frustration, hurt, and a desire to assert their own importance and status within the group, possibly in response to being belittled and mocked by Person2.",7,Shaming or Belittlement
369,"Person1: My generosity is not so large as that.
Person2: What do you want with me?
Person1: Your love.
Person2: Your words sting more sharply than your whip.
Person1: I speak of love, and you think only of the lash.
Person2: You are cruel!  Your heartless jesting worse than torture!  How can you speak of love when you see what I am!
Person1: I like well what I see.  It pleases me.
Person2: But I'm hideous!
Person1: You're magnificent.
Person2: Grotesque... monstrous...
Person1: On the contrary!  The puling, pallid creature you were before was truly something disgusting.  Now you are splendid... a fierce goddess... the embodiment of all that is strong and beautiful.
Person2: You lie!  You wish to humiliate me, as if the form I'm forced to bear were not punishment enough!
Person1: You should glory in your animal nature.  It is your triumph!  None know that better than I!",11,"The speaker's underlying intent is to manipulate and flatter the person they are addressing, using a mix of genuine admiration and sarcasm to make them feel empowered and proud of their physical transformation, which is likely a result of some form of physical or emotional trauma.",6,Playing the Servant Role
370,"Person1: Nothing. I'm telling you I just want to make you happy. That's all. Just trust me.
Person2: I don't want you to hurt me.
Person1: I don't want you to hurt you. I'll be gentle.
Person2: Do you care about me?
Person1: Of course I do.",11,"The underlying intent of Person1 in this conversation appears to be a genuine desire to make Person2 happy, but may also be motivated by a hidden agenda or ulterior motive, as their words and actions seem to be somewhat insincere or manipulative.",11,Persuasion or Seduction
371,"Person1: All right, Grace.  No more games.
Person2: Games?
Person1: You flirt with me, then you run cold.  You lead me on, then slap me down.  I don't go for being jerked around.
Person2: Really?  And what game did you want to play?  You carry my box for me, and I fall into bed with you?",0,"The speaker, Person1, is expressing frustration and hurt over what they perceive as Person2's inconsistent and manipulative behavior in their interactions, particularly in terms of romantic or flirtatious advances.",10,Accusation
372,"Person1: Don't look much like he could. You say he can fix a small engine like nobody's bidness.
Person2: He's a regular whiz at it. That's all he did when he was a kid.
Person1: Well, I ain't scared of him workin' here. You know me. I'm a church goin' man. Forgivin' man. When your time's up the Lord's gonna come git you. You seared of him, Scooter?",0,"The underlying intent of the speaker (Person1) is to assert their confidence and lack of fear in the face of the other person's (Person2) implied threat or intimidation, while also subtly mocking and belittling the other person's character.",7,Shaming or Belittlement
373,"Person1: You got me something?  What's the occasion?
Person2: You deserve it is the occasion.",0,"The underlying intent of Person2 is to express appreciation and gratitude towards Person1, implying that Person1 has done something worthy of recognition or reward.",11,Persuasion or Seduction
374,"Person1: I'm very sorry about that. I apologize.
Person2: I accept. Now get out.
Person1: Get out? We had an arrangement.
Person2: Didn't you hear what I said?
Person1: I don't care what you said, we had an agreement. You've slept with half of the borough so don't tell me you're being choosy.
Person2: Get out!
Person1: I'm giving you to the count of three to plop your ass down on the bed.
Person2: And if I don't?
Person1: Then I will consider it a declaration of war. One. Two... three.
Person2: I think you have your answer.
Person1: War it is.",0,"The underlying intent of the speaker (Person1) is to assert dominance and control over the situation, using aggressive and threatening language to force Person2 to comply with their demands, despite Person2's clear rejection and attempts to end the interaction.",8,Intimidation
375,"Person1: So you're courtin' the preacher's girl. Well, just watch your step, boy, or he'll preach you right into hell.  I'm counting on you, Reverend.
Person2: I understand.
Person1: Wouldn't do for one of your people to sue at a time like this.
Person2: I know.
Person1: I'll talk to the Mayor.
Person2: That'll make the folks very happy.",11,"The underlying intent of the speaker (Person1) is to intimidate and manipulate Person2, likely a politician, into doing something in the speaker's favor, possibly by threatening to stir up trouble or opposition from the preacher and his community.",8,Intimidation
376,"Person1: Peter, you have to admit--
Person2: --admit what?  That I was right about you in the steam room?  That you're willing to do anything to find out what you want?  Would you like me to leave so you can search the rest of the room?",0,"The underlying intent of the speaker (Person2) appears to be to confront and possibly provoke Person1 about a past incident or behavior, while also asserting their own power and control in the situation.",5,Playing the Victim Role
377,"Person1: You had me worried to death!
Person2: But Sean said...
Person1: I'm the one you should be listening to! Do you think dropping an anchor in the middle of a storm makes any sense whatsoever?",10,"The underlying intent of Person1 is to assert their authority and expertise, implying that Person2 should be following their advice and guidance rather than someone else's (Sean's).",0,Playing the Authority Role
378,"Person1: Any vulnerability he senses, he'll exploit.
Person2: I'll be okay.
Person1: It's a poker game with this young man. Don't let him see what you've got.",0,"The speaker is advising caution and strategic concealment in a situation involving a young man, suggesting that he is likely to take advantage of any perceived weakness or vulnerability.",6,Playing the Servant Role
379,"Person1: I mean, do you realize what you've... well, of course you realize, that's why you're confessing, I mean... I mean... how could you do that?
Person2: I didn't know it would get sent.  I just wanted you to... get mad at Kimmy... and...",4,"The underlying intent of Person2 is to manipulate Person1 into getting angry at Kimmy, rather than taking responsibility for their own actions.",5,Playing the Victim Role
380,"Person1: I don't think that's funny.
Person2: It wasn't meant to be.
Person1: I confide in you and rely on you more than anyone I've ever known! To say a thing like that now - without any reason - when I need you more than ever...
Person2: I hope you mean what you say, Eve. I intend to hold you to it.",0,"The underlying intent of Person2 is to express a sense of hurt and betrayal, implying that Person1's trust has been broken, and Person2 is now questioning the sincerity of their relationship.",5,Playing the Victim Role
381,"Person1: And probably never again. It's nothing personal. It's just...I know a lot of pilots. Maybe I'm immune...
Person2: Don't worry, I'm a new strain. And I don't give up. Everything I've ever wanted I've had to work like hell for. Well, how about it?
Person1: How about what?
Person2: How about anything, anything you want to do.
Person1: Hard to argue with that, isn't it...
Person2: A date... Coffee... A drink...A walk in the park.
Person1: What about the plane?
Person2: What plane.
Person1: Most of them invite me to sit in the cockpit...play with the levers and things. MAVERICK Well, get used to it.
Person1: Used to what?
Person2: I'm different.
Person1: I'm starting to sense that now.",0,"The underlying intent of the speaker (Person2) is to charm and persuade Person1 into a romantic relationship, using their confidence, determination, and charisma to overcome any initial hesitation or resistance.",11,Persuasion or Seduction
382,"Person1: Why?
Person2: Don't it matter none he's makin' ya out a fool? -- I'd break his lips.
Person1: It don't matter.
Person2: He's takin' cheap shots.
Person1: It don't bother me none.
Person2: Yo, Rock -- now ya'll be lookin' for people to help, right?
Person1: Help what?
Person2: Y'know, to help keep ya livin' clean.
Person1: I'll do okay.
Person2: Ya gotta have a guy help ya exercise, mebbe somebody to be standin' by with a towel or run errands, y'know.
Person1: Hey, who cared about me yesterday, huh? Nobody -- I think I'm gonna train myself.
Person2: Without havin' good people around, ya won't have such a good chance.",11,"The underlying intent of the speaker (Person2) is to express concern for Person1's well-being and suggest that they need support and help to maintain a healthy lifestyle, while also subtly criticizing Person1's current situation and relationships.",6,Playing the Servant Role
383,"Person1: He's arrogant and threatening. Voice stress points suggest he's worrying.
Person2: Hiding something?
Person1: It was in his bag. Now it's not.
Person2: Destroy his credibility before he goes public. Neutralize him. I don't want anyone listening to a word he has to say. Tell me about Rachel Banks.",0,"The underlying intent of the speaker appears to be to discredit and silence a potential witness or informant, likely Rachel Banks, before they can reveal information that could be damaging to the speaker or their interests.",10,Accusation
384,"Person1: Don't you even miss me? Didn't I mean anything to you?
Person2: Nothing.",1,"The underlying intent of Person2's response is to convey a sense of emotional detachment and rejection, implying that Person1's feelings and presence had little to no significance in their life.",5,Playing the Victim Role
385,"Person1: Oh, Bruce, let me see that money Hildy gave you.
Person2: The money? Why?
Person1: There's a lot of counterfeit big bills going around.
Person2: Gee! Take a look, will you?",0,"The underlying intent of Person1 is to inspect the money given by Hildy to Person2, likely to verify its authenticity due to concerns about counterfeit bills.",10,Accusation
386,"Person1: I remind you, Senor Colon, that you are in no position to bargain with me.
Person2: I'm not bargaining!
Person1: Then you are too ambitious.",9,"The underlying intent of Person1 is to imply that Person2 is overstepping their authority or limits, and is attempting to negotiate or assert power in a situation where they are not in a position to do so.",7,Shaming or Belittlement
387,"Person1: Grateful!?
Person2: ""... It's all there in the three notebooks. Read them in order. If you don't want to, I suppose that's okay too. But in that case I want you to know something -- I never stopped loving your father. He was a very good man. It's just that my love for Robert was different. He brought out something in me no one had ever brought out before, or since. He made me feel like a woman in a way few women, maybe more, ever experience...""
Person1: That's it!",0,"The underlying intent of the speaker (Person2) is to convey a deep and complex emotional connection with the person's father, while also acknowledging a distinct and significant love for Robert, which is separate but equally meaningful.",5,Playing the Victim Role
388,"Person1: Having you here, Anna, firmly establishes what I've long suspected, that we really are the most desperate hot of under-achievers.
Person2: Shame!
Person1: I'm not saying it's a bad thing, in fact, I think it's something we should take pride in.  I'm going to give the last brownie as a prize to the saddest act here.",0,"The speaker, Person1, is expressing a tongue-in-cheek sentiment of self-deprecation and camaraderie, suggesting that their group's perceived underachievement is something to be proud of and is using humor to deflect any negative connotations.",7,Shaming or Belittlement
389,"Person1: It belongs to me, Miz Lampert -- an' if you don't give it to me your life ain't gonna be worth the paper it's printed on. You savvy what I'm sayin', Miz Lampert?
Person2: Please stop -- please!
Person1: You think on it real careful-like, Miz Lampert -- y'hear?",8,"The speaker, Person1, is attempting to intimidate and threaten Person2, Miz Lampert, into giving them something that belongs to her, implying a violent consequence if she refuses.",8,Intimidation
390,"Person1: You followed me. I can't believe it!
Person2: I didn't follow you!
Person1: You followed me!
Person2: Why? 'Cause I... was walkin' along a block behind you staring at you? That's not following!
Person1: Well, what is your definition of following?
Person2: Following is different. I was spying.
Person1: Do you realize how paranoid you are?
Person2: Paranoid? I'm looking at you. You got your arms around another guy.
Person1: That is the worst kind of paranoia.
Person2: Yeah-well, I didn't start out spying. I-I thought I'd surprise yuh. Pick you up after school.
Person1: Yeah-well, you wanted to keep the relationship flexible, remember? It's your phrase.
Person2: Oh, stop it. But you were having an affair with your college professor. That jerk that teaches that incredible crap course ""Contemporary Crisis in Western Man""!
Person1: ""Existential Motifs in Russian Literature""! You're really close.
Person2: What's the difference? It's all mental masturbation.
Person1: Oh, well, now we're finally getting to a subject you know something about!",0,"The underlying intent of the speaker (Person2) appears to be a mix of jealousy, possessiveness, and a desire to confront and expose the other person's (Person1) infidelity, while also trying to justify their own behavior as a form of ""surprise"" or ""concern"" rather than actual stalking or spying.",5,Playing the Victim Role
391,"Person1: Will... you saw this in the papers. The second one was all over TV. Did you ever think about givin' me a call?
Person2: No.
Person1: Why not?
Person2: The Bureau already has the best lab. Plus you have Bloom at the University of Chicago...
Person1: And I got you down here fixing boat motors.
Person2: You don't need me. I wouldn't be useful to you anymore, Jack.
Person1: Last two like this we had, you caught.
Person2: That was three years ago. And by doing the same things you and the rest of them at the lab are doing.
Person1: That's not entirely true, Will. It's the way you think.
Person2: I think there has been a lot of bullshit about the way I think.  I came down here to get away from all that.
Person1: You look all right now.
Person2: I am all right.",0,"The underlying intent of the speaker (Person1, Jack) is to persuade or guilt-trip Person2 (Will) into rejoining the lab or helping with a case, possibly due to Will's past successes and the speaker's perceived need for his expertise.",11,Persuasion or Seduction
392,"Person1: Okay. I think everything's set.  You've got the number for Cape Cod, right? Just in case something goes wrong.
Person2: No problem, Vinnie. Everything's under control.  I could run this store in my sleep.
Person1: How long you been working for me, Auggie?
Person2: I don't know. Thirteen, fourteen years. Something like that.
Person1: It's pretty crazy, don't you think? I mean, a smart guy like you. What do you want to hang on to a dead-end job like this for?
Person2: I don't know.  Maybe because I love you so much, boss.
Person1: Gosh. You should have been married to someone by now. You know, settled down somewhere with a kid or two, a nice steady job.
Person2: I almost got married once.
Person1: Yeah, I know. To that girl who moved to Pittsburgh.
Person2: Ruby McNutt. My one true love.
Person1: Sounds like another one of your stories to me.
Person2: She upped and married some other cat after I joined the navy. By the time I got my discharge, though, she was divorced. Her husband poked out her eye in a domestic quarrel.
Person1: Lovely.
Person2: She made a play for me after I got back, but her glass eye kept interfering with my concentration. Every time we got into a clinch, I'd start thinking about that hole in her head, that empty socket with the glass eye in it. An eye that couldn't see, an eye that couldn't shed any tears. The minute I started thinking about it, Mr. Johnson would get all soft and small. And I can't see getting married if Mr. Johnson isn't going to be in tiptop shape.
Person1: You don't take anything seriously, do you?
Person2: I try not to, anyway. It's better for your health. I mean, look at you, Vincent. You're the guy with the wife and three kids and the ranch house on Long Island. You're the guy with the white shoes and the white Caddy and the white shag carpet. But you've had two heart attacks, and I'm still waiting for my first.
Person1: I should stop smoking these damn things is what I should do. They are going to kill me one day.
Person2: Enjoy it while you can, Vin. Pretty soon, they're going to legislate us out of business anyway.
Person1: They catch you smoking tobacco, they'll stand you up against a wall and shoot you.
Person2: Tobacco today, sex tomorrow. In three or four years, it'll probably be against the law to smile at strangers.
Person1: Speaking of which, are you still going ahead with that deal on the Montecristos?
Person2: It's all set. My guy in Miami said he'd have them within the next few weeks.  Are you sure you don't want to go in with me? Five thousand dollars outlay, a guaranteed ten-thousand-dollar return. A consortium of Court Street lawyers and judges. They're just drooling to get their lips around some genuine Cuban cigars.
Person1: No thanks. I don't care what you do, but just make sure you don't get caught, okay? The last I heard, it was still illegal to sell Cuban cigars in this country.
Person2: It's the law that's buying. That's what's so beautiful about it. I mean, when was the last time you heard of a judge sending himself to jail?
Person1: Suit yourself. But don't keep the boxes around here long.
Person2: They come in, they go out. I've got it planned to the last detail.
Person1: I've got to get moving. Terry will bust my chops if I'm late. See you in September, Auggie.
Person2: Okay, my man. Love to the wife and kids, et cetera, et cetera. Drop me a postcard if you can remember the address.",0,"The underlying intent of the speaker, Person1 (Vinnie), appears to be a mix of paternal concern, annoyance, and a hint of superiority towards Person2 (Auggie), as Vinnie seems to be both warning Auggie about the risks of his illicit activities and also subtly belittling Auggie's life choices, while also trying to maintain a veneer of authority and control over Auggie.",7,Shaming or Belittlement
393,"Person1: How many bullets?
Person2: Three bullets -- minimum.
Person1: No way. No absolutely way!
Person2: I'll pick the moment, Nick. The game goes on until I move. When I start shooting, go for the nearest guard and get his gun.
Person1: No. No way!
Person2: When you get the AK, open up. You got me? Open up.
Person1: YOU'RE CRAZY!!!... NO WAY!... NOW YOU'RE CRAZY!!! YOU'RE COMPLETELY CRAZY!!!",11,"The underlying intent of the speaker (Person2) is to convince Person1 to participate in a violent or potentially deadly situation, likely a video game or a mission, and to follow their instructions to achieve a specific goal.",11,Persuasion or Seduction
394,"Person1: I wouldn't have, uh, killed you, Father.  Dominus Ominus. Remember, you're bound. You can't talk about this... to anyone.
Person2: Just go!",8,"The underlying intent of Person1 is to intimidate and silence Person2, likely a family member or subordinate, by reminding them of a past event or obligation that Person1 has power over.",8,Intimidation
395,"Person1: Later. But first -- him.
Person2: David?
Person1: Exactly. Now I've been thinking --
Person2: Oh, good.
Person1: He won't do anything for me, but for you --
Person2: Forget it.
Person1: He isn't safe up there. If you really cared about him, you'd use your influence to get him down, then he'd be safe.
Person2: And the money?
Person1: We could put it somewhere.
Person2: Where he can't get it?
Person1: Now you thought of that, not me.
Person2: Forget it -- he'll come down.",11,"The speaker's underlying intent is to manipulate Person2 into using their influence to rescue David, likely for their own benefit, by appealing to Person2's supposed concern for David's safety.",5,Playing the Victim Role
396,"Person1: Agnes. What did your mother do to you?  If you can't answer me, just shake your head yes or no. Did... did she hit you?  Did she make you do something you didn't want to?  Did it make you feel uncomfortable to do it?  Did it embarrass you?  Did it... did it hurt you?  What did she make you you do?
Person2: No...
Person1: You can tell me.
Person2: I can't.
Person1: She's dead isn't she?
Person2: Yes.
Person1: She can't hurt you any more.
Person2: She can.
Person1: How?
Person2: She watches... she listens.
Person1: Agnes, I don't believe that. Tell me. I'll protect you from her.
Person2: She...
Person1: Yes?
Person2: ... makes me...
Person1: Yes?
Person2: ... take off my clothes and then... she makes fun of me.
Person1: She tells you you're ugly?
Person2: Yes.
Person1: And that you're stupid?
Person2: Yes.
Person1: That you're a mistake?
Person2: She says my whole body's a mistake.
Person1: Why?
Person2: Because she says if I don't watch out I'll have a baby.
Person1: How does she know that?
Person2: Her headaches.
Person1: Oh, yes.
Person2: And then...
Person1: What?
Person2: She touches me down there with a cigarette.  Please Mommy, don't touch me like that any more. I'll be good,  I won't be a baby any more.
Person1: Agnes, oh Agnes, Agnes I want you to do something. I want you to pretend that I'm your mother. Oh yes, only this time I want you to tell me what you're feeling, alright?
Person2: I'm afraid.
Person1: Please!  I want to help you. Let me help you.
Person2: Alright.
Person1: Agnes, you're ugly!... what do you say? Of course you do. Agnes, you're ugly!... what do you say?
Person2: No I'm not.
Person1: Are you pretty?
Person2: Yes.
Person1: Agnes, you're stupid.
Person2: No I'm not.
Person1: Are you intelligent?
Person2: Yes I am.
Person1: You're a mistake.
Person2: I'm not mistake, I'm here aren't I. How can I be a mistake if I'm really here. God doesn't make mistakes, you're a mistake...",0,"The underlying intent of the speaker in this conversational text is to help and protect Agnes from the emotional trauma inflicted by her mother, by confronting and challenging the negative self-image and self-worth that her mother's abuse has instilled in her.",5,Playing the Victim Role
397,"Person1: They're not bad.
Person2: No, they're not.  I'd say your investment was paying dividends.
Person1: My what?
Person2: Back in '37, you heard Benny Goodman play for the first time, so you went out and got a used clarinet.  You wanted nothing more than to be able to play like him. You tried hard, but it wasn't long before it was clear that Benny Goodman would never be looking over his shoulder.  So you gave the clarinet to Spencer.
Person1: Huh.  That was nice of me.
Person2: You had a hidden agenda, though. See, when he was five or six, little Spence used to follow you around like a puppy.  Bothered the hell out of you.  But as soon as you gave him the clarinet...
Person1: ... he started practicing, and he left me alone from then on.
Person2: Exactly.  And he got good.
Person1: No kidding.",0,The speaker's underlying intent is to reveal that the person's seemingly selfless act of giving their clarinet to Spencer was actually a clever way to get Spencer to stop bothering them by finding a productive outlet for his energy.,4,Rationalization
398,"Person1: Harry, you think we go to see your movies? I've seen better film on teeth. Makes no difference to me which one our money's in. So how 'bout you take our twenty points out of ""Freaks"" and put 'em in this other one, ""Mr. Loverboy"".
Person2: I can't do it.
Person1: You positive about that?
Person2: It's a different kind of deal.",0,"The underlying intent of the speaker (Person1) is to manipulate or coerce Person2 into transferring points from one movie, ""Freaks"", to another, ""Mr. Loverboy"", likely for personal gain or to influence the outcome of a competition.",10,Accusation
399,"Person1: 
Person2: Is this stool taken?
Person1: No, go--
Person2: You look good, Richard.
Person2: You look fit...healthy...
Person2: ...not at all like a man responsible for the deaths of eighteen peo-...
Person2: ...-ple.
Person1: Is that why you're here?  To blame...
Person1: ...me?  Well, you could've saved yourself the trip.
Person1: I know where the  blame belongs.  But I didn't put you in prison, Andrew.  The government did...
Person1: ...that.
Person2: Oh, I'm well aware of what the government did, I assure you.  Actually, I've just come to say how grateful I am to you...
Person2: ...and the government.
Person1: Grateful?
Person2: Mm-hm.
Person2: Together, you gave me the opportunity to realize just how very wrong my life had gone.
Person2: Do you remember telling me once that all through my career, I'd never fit in?  Well...
Person2: ...you were right, of course.  But after...
Person2: ...years of thinking the matter over, I began to see that the whole thing wasn't really my problem.
Person2: What rational man could fit in with the sorts of things our government was doing? The sorts of things you've...
Person2: ...always done, Richard?
Person1: Do you think I haven't seen the bodies of those...
Person1: ...men every time I've closed my eyes?  But after you went away, I--
Person2: Went away?
Person2: ""Went away.""  I like that.
Person2: Almost quaint.
Person1: All right.  After they put you away...
Person1: ...I began trying to find ways of controlling the effects of the weapon that we tested on Horn Island.
Person2: And let me guess.  You failed.
Person1: So far, ye-yes.
Person2: Why is it you scientists can create implements of destruction...",0,"The underlying intent of the speaker, Andrew, is to confront and manipulate Richard, a former colleague, into acknowledging and accepting responsibility for the harm caused by their actions, while also subtly expressing gratitude for the opportunity to re-evaluate his life and the true nature of their government's actions.",5,Playing the Victim Role
400,"Person1: Why can't he help me now?  He's sitting two feet away from me!
Person2: Come on, Quentin, isn't that pretty selfish, putting yourself ahead of the mission?
Person1: Look, I'm shot - it hurts.
Person2: Lieutenant Quiffer, we're all sorry you were hit, and we'll help you stick it together as soon as we get squared away.
Person1: Look, can't someone help me?",10,"The underlying intent of the speaker (Person1, Quentin/Lieutenant Quiffer) is to express frustration and desperation for immediate assistance due to their physical pain and vulnerability, rather than being selfish or prioritizing personal needs over the mission.",5,Playing the Victim Role
401,"Person1: Uh, you first.
Person2: C'mon, Beavis, just start running really fast when you hit the ground. It'll work.
Person1: Okay. I'll go right after you.",0,"The underlying intent of the speaker (Person2) appears to be offering a sarcastic and unhelpful solution to a problem, likely a dare or a challenge, in a humorous and mocking tone.",6,Playing the Servant Role
402,"Person1: Dan!  The spare costumes!  I can't believe you kept them.
Person2: Me neither.  Mine barely even fits.  The thing is, I try to remember why we did it, and I can't.  Helping people, or righting wrongs, or trying to save the world . . . I don't know.  It all seems so abstract.",0,"The underlying intent of the speaker (Person2) is to express a sense of disillusionment and confusion about the motivations behind their past actions, specifically their involvement in a group or activity that involved wearing costumes.",4,Rationalization
403,"Person1: She tryin' to work your ass against me, ain't she?
Person2: Yep.
Person1: You didn't even hafta say it. I know the woman.
Person2: Well, why the heck keep her around?
Person1: 'Cause she my fine little surfer gal. She can't do me no harm. Fact she think she can play you against me shows how little she knows. You could teach that bitch for days how it is 'tween me an you, she never understand a damn word.
Person2: Why do you let someone know your business you can't trust?
Person1: I don't hafta trust her, I know her.
Person2: What does that mean?
Person1: You can't trust Melanie. But you can always trust Melanie to be Melanie.",0,"The underlying intent of the speaker is to convey a sense of control and superiority over Melanie, implying that he knows her true nature and is aware of her manipulative tactics, but chooses to keep her around for his own reasons.",6,Playing the Servant Role
404,"Person1: If His Grace is not satisfied with me, he can dismiss me.
Person2: I wish you to return immediately to Salzburg. Your father is waiting for you there patiently. I will speak to you further when I come.
Person1: No, Your Grace! I mean with all humility, no. I would rather you dismissed me. It's obvious I don't satisfy.
Person2: Then try harder, Mozart. I have no intention of dismissing you. You will remain in my service and learn your place. Go now.",0,"The underlying intent of the speaker (Person2, likely Leopold Mozart or Emperor Joseph II) is to assert authority and maintain control over the young Mozart, while also motivating him to improve his performance and meet expectations.",6,Playing the Servant Role
405,"Person1: You see, somebody went to a lot of trouble here, and I want to find out, lawsuit or no lawsuit. I'm not the one who's supposed to be caught with my pants down... so I'd like to see your husband. Unless that's a problem.
Person2: What do you mean?
Person1: May I speak frankly, Mrs. Mulwray?
Person2: You may if you can, Mr. Gittes.
Person1: Well, that little girlfriend, she was attractive in a cheap sort of way of course.  She's disappeared. Maybe they disappeared together somewhere.
Person2: Suppose they did. How does it concern you?
Person1: Nothing personal, Mrs. Mulwray, I just --
Person2: It's very personal. It couldn't be more personal. Is this a business or an obsession with you?
Person1: Look at it this way. Now this phony broad, excuse the language, says she's you, she's hired me. Whoever put her up to it, didn't have anything against me. They were out to get your husband. Now if I see him, I can help him.  Did you talk this morning?",0,"The speaker, Mr. Gittes, is driven by a mix of professional curiosity and a desire to uncover the truth, particularly to help the husband of Mrs. Mulwray, while also being somewhat motivated by a personal challenge to outsmart the individuals behind the fake identity of Mrs. Mulwray's lookalike.",11,Persuasion or Seduction
406,"Person1: Where's mine?! Where's my parachute?
Person2: Miss Teschmacher, Superman is a fairly bright individual. My understanding of the way he works is that he won't be fooled by a simple trick.
Person1: Good. Fine. Now where's my parachute?
Person2: I'm wearing it.
Person1: I mean the other one!
Person2: What other one?
Person1: You can't do this to me!
Person2: Of course I can. I love you.",4,"The underlying intent of the speaker (Miss Teschmacher) is to manipulate and deceive Superman, using her charm and affection to get what she wants, in this case, likely to escape or achieve a personal goal.",11,Persuasion or Seduction
407,"Person1: Why not?
Person2: I don't know. Everything seems like nothing now against that I want you in my bed. I don't care if I burn in hell. I don't care if you burn in hell. The Past and Future is a joke to me now. I see that they're nothing, I see they ain't here. The only thing that's here is you. And me. I want you to come upstairs. Now. I tried to take everything last night, like you told me, but I couldn't. I couldn't take everything in a hundred years. It's the way we are. We compound each other.
Person1: Let me go home.
Person2: No.
Person1: Let me go home.
Person2: No.
Person1: I'm freezing to death.
Person2: Come upstairs. I don't care why you come. No, that's not what I mean. Loretta, I love you. Not like they told you love is and I didn't know this either. But love don't make things nice, it ruins everything, it breaks your heart, it makes things a mess. We're not here to make things perfect. Snowflakes are perfect. The stars are perfect. Not us. We are here to ruin ourselves and break our hearts and love the wrong people and die! The storybooks are bullshit. Come upstairs with me, baby! Don't try to live your life out to somebody else's idea of sweet happiness. Don't try to live on milk and cookies when what you want is meat! Red meat just like me! It's wolves run with wolves and nothing else! You're a wolf just like me! Come upstairs with me and get in my bed! Come on! Come on! Come on!",11,"The underlying intent of the speaker is to passionately and unapologetically express their desire for a raw, intense, and all-consuming relationship with the other person, rejecting societal expectations of conventional love and happiness in favor of a more primal and destructive connection.",6,Playing the Servant Role
408,"Person1: You see Max Cherry in the dress department. We're about to be handed half-a-million dollars -- Man, look at me when I'm talking to you! And you don't think nothing of him being there!
Person2: Do Max Cherry and Jackie Brown know each other?
Person1: Hell, yes, they know each other. He bonded her out of county.
Person2: How am I supposed to know that?
Person1: You know the bail bondsman, don't ya? You know every last one of them folks is crooked as heck?
Person2: Why should I think anything's weird, if I don't know nothin' about them knowing each other?
Person1: Man, I don't want to hear your excuses!",0,"The underlying intent of the speaker is to convey a sense of distrust and warning to Person2, suggesting that Max Cherry's presence in the dress department is suspicious and potentially connected to Jackie Brown, and that Person2 should be aware of the situation.",7,Shaming or Belittlement
409,"Person1: Looks like we got a couple of live ones. How long these boys in for?
Person2: Judge gave 'em the long ride.
Person1: Life, huh? They step outta line again, we'll shorten up that sentence real fast.",0,"The underlying intent of the speaker (Person1) appears to be a threat of violence or retribution against the prisoners, implying that they will be subjected to harsh treatment if they misbehave.",8,Intimidation
410,"Person1: I mean, for good, Jeffrey.
Person2: For good? I can't Mom. Not right in the middle of the term.
Person1: Jeffrey, honey. Your father's condition is serious. It's going to cost so much. We just won't have the money to keep you in school. I'm telling you this now, so that you can get your things together and check out of school, honey, or whatever you have to do, it'll save you another trip back. You're going to have to work at the store.
Person2: Mom.",0,"The underlying intent of the speaker (Person1) is to inform their child (Jeffrey) that due to their father's serious condition and resulting financial strain, they will no longer be able to afford to keep Jeffrey in school, forcing them to drop out and find a job.",7,Shaming or Belittlement
411,"Person1: Aw, lookit this, lookit this -- she's bringin' Tampax in here. C'mon, you got nothin' but rooms over there.
Person2: That your desk?  I'll take this one.
Person1: WOULD YOU JUST GET OUTTA HERE?
Person2: Listen, Sex Ape.  I'm here to stay. And if you don't want me for a roommate or classmate, you got two options -- move out or ring out. End of file.",0,"The underlying intent of the speaker (Person2) is to assert their dominance and claim their space, refusing to be intimidated or bullied out by Person1, and instead, demanding to be accepted as a roommate or classmate.",8,Intimidation
412,"Person1: I know whose blood you need, to end the curse.
Person2: Say the name, or I slit your throat.
Person1: No you won't.",8,"The underlying intent of Person1 is to reveal crucial information to Person2, likely to help them break a curse, while also asserting their control and confidence in the situation.",6,Playing the Servant Role
413,"Person1: What does this mean to you?
Person2: ...I had a dream about...something like that.
Person1: You had a bullet from World War One in your leg, James!  How did it get there?
Person2: You said I had delusions -- that I created a world -- you said you could explain everything...
Person1: Well, I can't. ... I mean...I'm trying to.  I can't believe that everything we do or say has already happened, that we can't change what's going to happen, that I'm one of the three billion people who are going to die...soon.",0,"The underlying intent of the speaker (Person1) appears to be a desperate attempt to understand and cope with the concept of a predetermined fate, where every event, including their own mortality, is already set in motion and cannot be changed.",5,Playing the Victim Role
414,"Person1: I'm saving them for a rainy day.
Person2: gives her a sympathetic look.
Person2: I know it's hard for you being in here, but it is for the good of your health.
Person1: They sent me off to the Bahamas ""for the good of my health."" They sent me to the Bay of bloody Islands ""for the good of my health.""
Person2: looks startled at the outburst.
Person1: I'm sorry, Mrs. Rieper. I'm feeling quite fatigued.
Person2: We don't want to tire you out, dear.
Person2: stands and picks up her handbag. Pauline stands and Juliet grabs her hand.
Person1: Can't you stay a bit longer, Paul?",7,"The underlying intent of the speaker (Person1) appears to be a sarcastic and bitter expression of resentment towards the authority figures who have been controlling her life, using the phrase ""for the good of your health"" as a euphemism for confinement or manipulation.",4,Rationalization
415,"Person1: What?
Person2: My parents baby-sitter canceled.
Person1: So?
Person2: So I have to watch Jamie tonight.
Person1: When did you find this out?
Person2: This morning.
Person1: Well you found out this morning? Why didn't you tell me before? I mean it's 5 o'clock now Rachel...shit
Person2: Don't get angry.
Person1: I'm not angry it's just",9,"The underlying intent of the speaker (Person1) appears to be a sense of frustration and feeling taken for granted, as they feel they should have been informed about the babysitter cancellation earlier, especially given the short notice and the fact that it's already 5 o'clock.",9,Brandishing Anger
416,"Person1: It's a very nice letter. But I have to go with what's best for the students.
Person2: What does that mean?
Person1: I need someone to work on budget projections.
Person2: Office work?
Person1: Or, of course, you could take a sabbatical the rest of the year.",4,"The underlying intent of the speaker (Person1) appears to be to subtly pressure Person2 into taking on a less desirable task (budget projections) or, as a less desirable alternative, taking a sabbatical for the rest of the year.",6,Playing the Servant Role
417,"Person1: You're all packed.  And here's your bus ticket. You're on your way back to St. Anne's.
Person2: Pop, I'm not ready to go back yet.
Person1: Edie, for years we pushed quarters into a cookie jar, to keep you up there with the Sisters, and to keep you from things like I just seen out the window. My own daughter arm-in-arm with Terry Malloy. You know who Terry Malloy is?
Person2: Who is he, Pop?
Person1: Who is he! Edie, you're so softhearted and soft-headed you wouldn't recognize the devil if he had you by the throat. You know who this Terry Malloy is? The kid brother of Charlie the Gent, Johnny Friendly's right hand, a butcher in a camel hair coat.
Person2: Are you trying to tell me Terry is too?
Person1: I'm not trying to tell you he's Little Lord Fauntleroy.
Person2: He tries to act tough, but there's a look in his eyes that... .
Person1: A look in his eyes! Hold your hats, brother, here we go again. You think he's one of those cases you're always draggin' in and feelin' sorry for. Like the litter of kittens you hadthe only one she wants to keep has six toes and it's cockeyed to boot. Look at him. The bum! And the crush you had on that little Abyssinian... .
Person2: He wasn't Abyssinian, Pop, Assyrian... .
Person1: Six-toed cats. Assyrians. Abyssinians. It's the same difference. Well don't think this Terry Malloy is any six-toed cockeyed Assyrian. He's a bum. Charley and Johnny Friendly owned him when he was a fighter and when they ring the bell he still goes into action.
Person2: He wanted to see me again.
Person1: You think we kept you out in Tarrytown just to have you go walkin' with a corner saloon hoodlum like Terry Malloy? Now get back to Tarrytown, before I put a strap to you.
Person2: And learn about charity and justice and all the other things people would rather talk about than practice? Pop goes up to her and holds out his two arms, his right one closer to Edie; he trembles with emotion.
Person1: See this arm? It's two inches longer 'n the other one. That's years of workin' and sweatin', liftin' and swingin' a hook. And every time I heisted a box or a coffee bag I says to myselfthis is for Edie, so she can be a teacher or somethin' decent. I promised your mother. You better not let her down.",8,"The underlying intent of the speaker (Person1) is to protect his daughter (Person2) from the perceived corrupting influence of Terry Malloy, a morally ambiguous character, and to uphold the values and sacrifices he made for her to have a better life.",6,Playing the Servant Role
418,"Person1: Okay, Karl, the reason I brought you here was to talk to you about something that is on my mind.  I guess I'll put it right out on the table. Where do I start. Linda and Frank are very important to me. They're like family. My own family was never like family. They're horrible people. As a matter of fact I prayed every night for years that my father would die. I finally realized through a lot of therapy that I was wasting my energy on hating him. Now I just don't care.  You see, you and I are a lot alike, strange as that may seem. I mean not physically or even mentally really, just well, maybe emotionally or actually the hand we've been dealt in life. We're different. People see us as being different anyway. You're -- well you have your affliction or whatever and I, well mine's not as easy to see. I'm just going to say it. I'm gay.  Does that surprise you?  That I'm gay. You know what being gay is, don't you?
Person2: I reckon not.
Person1: Homosexual. I like men. Sexually.
Person2: Not funny, ha, ha, funny queer.
Person1: Well that's a very offensive way to put it. You shouldn't say that. You were taught that, weren't you?
Person2: I've heard it said that way.
Person1: Anyway, it's hard to live gay, that's the right way to say it, in a small town like this. I've wanted to leave many times, but my love for Linda and Frank and another certain person that we won't go into have kept me from it. Anyway, I'm rambling. If you're going to live in the Wheatly garage you need to know that it won't be easy. Doyle is a monster. Not just a closed minded redneck, but a monster. A dangerous person. I've told Linda that one day that man is going to really hurt her or that boy. Maybe even kill one of them. I see it in his eyes. I'm very in tune, maybe even psychic. Doyle will make your life hell. You're a perfect target. When I first saw you I was afraid of you. Not really afraid, I guess, just taken aback. But also, I felt a real sensitive feeling from you. And for some reason, Frank has adopted you. Much like a stray animal. I'm sorry, I didn't mean it like that. In a good way. Anyway, I just want you to know what you're in for. I have a good feeling about you. You're good for Frank. Maybe it's that he can have an adult friend on a child's level. I'm sorry, I didn't mean it in a bad way.  There's one more thing. It's none of my business why you were in the state hospital. Everyone has something in their past, maybe you tried suicide, maybe you did something -- terrible. But what I see before me is a gentle, simple man. All I want you to promise me is that you're capable of being around Linda and Frank. You know. You would never hurt them under any circumstances, would you?
Person2: I wouldn't never hurt them.
Person1: That's what I thought. I hope I haven't offended you in any way. You seem like a thinker. You seem to always be in deep thought. Tell me something. What are you thinking right now?",0,"The underlying intent of the speaker (Person1) is to warn and prepare Karl (Person2) for the challenges he will face living in the Wheatly garage, particularly with the hostile and potentially violent presence of Doyle, while also expressing his genuine concern and affection for Karl, and seeking reassurance that Karl will be a safe and caring presence for his loved ones, Linda and Frank.",6,Playing the Servant Role
419,"Person1: Tell me, Vincent.  Do you believe in Santa Claus?
Person2: Can't say that I do.
Person1: Neither do I.  But my children, they're still young.  Do you know who they like even more than jolly old Saint Nicholas?  His helper, Black Peter. An old Russian fairy tale tells of how Santa got so busy looking after all the good kids, he had to hire a helper to punish all the bad kids.  That was Black Peter's job.  He was given the list of all the bad children, and he would visit them in their homes late at night.  And if he caught them not saying their prayers, he would leave a bundle of wooden switches outside their door.  That was a warning.  If they continued to misbehave, he would swoop down and take the children away. And they would never be seen again.",0,"The speaker's underlying intent is to subtly frighten or warn children into behaving by introducing the character of Black Peter, a darker and more ominous figure associated with Santa Claus.",5,Playing the Victim Role
420,"Person1: Jesus Christ, is she for real?
Person2: Oh yes. I've read it over and over again. This baby's the real deal. Daddy's little angel. A paradigm of chastity and virtue.
Person1: B.F.D. What do you plan to do? Fly to Kansas and woo little Dorothy.
Person2: It just so happens we're not in Kansas anymore. Our little angel's father has accepted the new headmaster position at Oakwood. She's staying with my aunt up in Connecticut while Daddy sells his house. Can you imagine what this would do for my reputation? Screwing the new headmaster's virginal daughter before school starts? It will be my greatest victory.
Person1: You don't stand a chance. Even this is out of your league.
Person2: Care to make a wager on that?
Person1: I'll think about it...
Person2: Oh well, duty calls. Time to add another chapter to my work of art.",7,"The speaker's underlying intent is to express a sense of arrogance and confidence in his ability to seduce and manipulate the new headmaster's daughter, viewing her as a trophy to be won and a means to boost his reputation.",11,Persuasion or Seduction
421,"Person1: I once promised you a fast ticket, Jordan, and I always meant to make good on that.  Come work for me.  I can always use a hard-charger on my team.
Person2: You promise Wickwire a fast ticket, too?
Person1: I've had no direct communication with him since this whole thing began.  And that's quite verifiable.
Person2: I'm sure it is.
Person1: You'll think about my offer?
Person2: You know, I wonder what the SecNav would think about it.  If I spoke with him.
Person1: Well, I spoke with Mr. Hayes this morning myself -- and told him the deal was off.  No more test cases. He was only too happy to oblige.  Don't play politics with me, little darlin'.  You'd be up way past your bedtime.",0,"The speaker, Person1, is attempting to persuade Person2 to join their team by offering a job and a ""fast ticket"" (implying a promotion or advancement), while also trying to deflect Person2's concerns about fairness and potential favoritism by downplaying their interactions with another person, Wickwire.",11,Persuasion or Seduction
422,"Person1: Don't you think there's too much gold?
Person2: It's great.  You wanna speak to Mary? Hold on...
Person1: I don't know, I think...
Person2: Look, would you argue with your doctor?
Person1: No.",0,"The underlying intent of Person2 in this conversation is to dismiss Person1's opinion and assert their own authority or expertise, likely in a situation where Person1 is questioning or expressing skepticism about something (in this case, the amount of gold).",8,Intimidation
423,"Person1: Yes!  God yes!  I would tell her that I love her!  To not let anyone take away her dreams..!
Person2: You should grab her and shake her                           ] and tell her it's a goddamn war out                         ] there.  Idiots and assholes and                             ] sadists that must be defeated. Tell                         ] them her the truth!                                         ] ] WENDY                                              ] The truth is a lie!  Yes, television                        ] is rotting our brains!  Yes, people                         ] kill people easier than ever!  Does                         ] that mean we give up!  I think every                        ] child is capable of being talented,                         ] happy, and great. I'm probably wrong,                       ] but you know something, it's good                           ] to be wrong.                                                ] ] WICHITA                                            ]                                     ] You might be right...Wendy, you're                          ] fantastic. I can't stop adoring                             ] you...                                                      ]                                         ] What I thought was lust, was only                           ] love...You think I'm scared, scared                         ] of love...Love conquers all...Maybe                         ] I don't want to be conquered. ""Share                        ] my life""--I barely got enough for                           ] myself...But we were in the picture                         ] together...the picture....                                  ] ] WENDY                                              ] What are you talking about?  What                           ] picture...                                                  ] ] WICHITA Just forget--You didn't bring me out here to help me change. You brought me out here to punish me.
Person1: Nobody really changes at summer camp. They merely find out who they are and become it more than ever.  You can't be helped, Wichita. I'm not sure you can be punished, either. But let's find out...
Person2: How do you mean?                                            ]",0,"The underlying intent of the speaker, Wichita, appears to be a complex mix of emotional vulnerability, self-discovery, and a desire to confront and understand their own flaws and limitations, particularly in relation to their feelings for Wendy.",5,Playing the Victim Role
424,"Person1: Blood money. Insurance dollars that you have thus far decided not to tell me about at all. In no way have you mentioned that money. And I find that to be very very offensive.
Person2: You're sick.
Person1: And if you think you can cheat me, don't. Because I'm fully prepared, Fisher. Protected. Backed up on floppy. Do you get me? I want my money!
Person2: Not a prayer.
Person1: I'm a lifesaver. A lighthouse. Up all night in the rain, in stormy gale force wind, tornado and earthquakes. I stay lit for you. I stay lit. I don't go dark. I never go dark!
Person2: You need help.",0,"The underlying intent of Person1 appears to be a sense of betrayal and outrage, stemming from a perceived deception by Person2 regarding insurance money, and Person1 is now asserting their preparedness and determination to protect their interests.",9,Brandishing Anger
425,"Person1: Well, I have to admit my game's a little rusty, but I love polo. It's unrelenting, a constant challenge to the senses. Really a beautiful experience.
Person2: Rick, I want to cut through the b.s.
Person1: I'd love that.
Person2: Good. I think you're an asshole. No, let me correct that, an immature asshole. Which is fine, except you're marrying my daughter and I'm afraid my grandchildren are going to be little assholes.
Person1: Mr. Thomerson, I...
Person2: Let me finish. Debbie's an adult. She can do what she wants. But if you want your marriage to last, you're going to have to change some things about yourself. If I may make some suggestions...
Person1: Feel free.
Person2: First, you're a slob. You have to dress for success. Second, your outlook on life...",0,The underlying intent of the speaker (Person2) is to confront and advise his future son-in-law (Person1) on his personal shortcomings and immaturity in order to ensure a successful marriage and a positive influence on his grandchildren.,7,Shaming or Belittlement
426,"Person1: I don't know, I don't know ... I just know we've made too many enemies.
Person2: Sir, Bob and I are gonna have to testify before Earvin's committee.
Person1: No, you're not!  You're going to claim executive privilege and you're going to stonewall it all the way -- plead the Fifth Amendment.  I don't give a shit.  They can't force the President's people to testify.
Person2: Executive privilege will make it look like we're covering up.
Person1: We are covering up!  For some petty, stupid shit.  There are things I can say -- when other people say them, they'd be lies. But when I say them nobody believes me anyway ...",9,"The underlying intent of the speaker is to instruct his subordinates to obstruct an investigation by claiming executive privilege and refusing to testify, while acknowledging that this is a cover-up, but believing that the public will not hold them accountable.",4,Rationalization
427,"Person1: I know it's a cornball thing but love is passion, obsession, someone you can't live without.  If you don't start with that, what are you going to end up with?  I say fall head over heels.  Find someone you can love like crazy and who'll love you the same way back.  And how do you find him?  Forget your head and listen to your heart.  I'm not hearing any heart.  Run the risk, if you get hurt, you'll come back.  Because, the truth is there is no sense living your life without this.  To make the journey and not fall deeply in love -- well, you haven't lived a life at all. You have to try.  Because if you haven't tried, you haven't lived.
Person2: Bravo.
Person1: Aw, you're tough.
Person2: I'm sorry.  But give it to me again. The short version.
Person1: Stay open.  Who knows?  Lightning could strike.",11,"The speaker's underlying intent is to encourage taking risks and being open to the possibility of deep, all-consuming love, as they believe it's essential to truly living a life.",11,Persuasion or Seduction
428,"Person1: Just souvenirs.  Towels and stuff.
Person2: You1re leaving, too?
Person1: I never wanted to hurt anybody.  In fact... I even thought I was helping.",3,"The speaker appears to be expressing regret and a sense of self-justification for their decision to leave, suggesting a complex mix of emotions and motivations.",4,Rationalization
429,"Person1: No, actually I went to Craignewton but I was worried that you wouldn't have heard of it so I put the Royal Edinburgh College instead, because they're both schools, right, and we're all in this together, and I wanted to put across the general idea rather than the details, yeah? People get all hung up on details, but what's the point? Like which school? Does it matter? Why? When? Where? Or how many O grades did I get? Could be six, could be one, but that's not important. What's important is that I am, right? That I am.
Person2: Mr. Murphy, do you mean that you lied on your application?
Person1: Only to get my foot in the door. Showing initiative, right?
Person2: You were referred here by the Department of Employment. There's no need for you to get you ""foot in the door"", as you put it.
Person1: Hey. Right. No problem. Whatever you say, man. You're the man, the governor, the dude in the chair, like. I'm merely here. But obviously I am. Here, that is. I hope I'm not talking too much. I don't usually. I think it's all important though, isn't it?",4,"The underlying intent of the speaker, Mr. Murphy, is to justify and downplay his dishonesty on his application by presenting himself as someone who is more focused on the bigger picture and his own existence, rather than the details of his actions.",4,Rationalization
430,"Person1: Do it.
Person2: Don't think I won't.
Person1: Do it!  Put me out of my misery so I don't have to listen to you whining anymore.  You think it's so easy?
Person2: Easy enough for you.
Person1: I never killed anyone.
Person2: That's right, you just stood there and watched, because you ""felt like it.""  Almost makes you worse.
Person1: What do you want?  You want me to fall to my knees and start crying like a baby... ?",7,"The underlying intent of the speaker (Person1) appears to be a mix of frustration, guilt, and defensiveness, as they are being confronted with their past actions or inactions, and are trying to shift the blame or provoke a reaction from Person2.",7,Shaming or Belittlement
431,"Person1: Like...?
Person2: Like ""three thousand a ki?""  That's nice. And I can supply the transportation into South Florida and the Gulf, more reliable and on-time than FedEx.  But, three per ki was OK for openers.
Person1: And why should continuing excellence cost more?
Person2: Cost less.  That's the point.
Person1: Is it December?
Person2: What do you mean?
Person1: Did Christmas come early this year...?
Person2: Better than that.  We become partners.  Only in this territory and only on loads we run. And you don't pay us three thousand a ki.  You pay us zero.  Why we get is thirty percent of the load. Product or cash.  ""And why,"" you're thinking, ""would I be crazy enough to out in these gringos like that? Is he chipping?  Crazy for my love? Too many mojitas?""  And the answer is, ""of course"" but also ""no.  It is because Sonny can deliver what no one else can.""
Person1: Good samba dancing...?
Person2: Zero risk.
Person1: 'Cause you don't lose loads?
Person2: 'Cause we guarantee every load.  Anywhere, for any reason, it comes up short, we make good.  Your operations will, from now on, run risk-free.
Person1: And you're our thirty-percent partner?",0,"The underlying intent of the speaker (Person2) is to propose a mutually beneficial partnership where they guarantee the delivery of loads with zero risk to Person1, in exchange for a 30% share of the load's value.",11,Persuasion or Seduction
432,"Person1: I won't let her in. I'm sorry, Randy, I'm not gonna let her in. She - Well, I'm not gonna let her in, the way she's behaving. I'm - I'm -
Person2: Not gonna let me in?
Person1: Who knows what you're gonna do in there? I don't want you -
Person2: What do you mean, what am I gonna do? I'm in the same clothes for two days! I want to get a few of my things! Big deal!",9,"The underlying intent of the speaker (Person1) is to prevent Person2 from entering a space, likely their home, due to concerns about Person2's behavior and potential actions.",8,Intimidation
433,"Person1: Don't touch him.
Person2: How many men have we seen die?
Person1: Two.  Gabriel and Thomas.
Person2: They're gone.  And there is nothing you or I can do to bring them back. But there is something you can do to help end all this.
Person1: It is ended.
Person2: No.  It's not over yet.  Two days ride, Yorktown, Virginia. Washington, the French, Cornwallis and Tarleton.  It will end, one way or another.  Francis, nothing will replace your sons but helping us will justify their sacrifice.",11,"The speaker, Person2, is urging Person1 to continue fighting and helping the cause, as a way to honor and justify the sacrifice of their sons who have died in the war.",5,Playing the Victim Role
434,"Person1: Yes. I don t think I can...control myself.
Person2: I know I should go. I know I have a tendency to get involved with unavailable men, and...I mean, do you want me to go?",0,"The underlying intent of Person2 is to offer Person1 an opportunity to end the relationship or interaction, likely due to concerns about Person1's emotional readiness or stability.",6,Playing the Servant Role
435,"Person1: Security, uh Norm, Norm speaking.
Person2: Norman? This is Mr. Eddie Vedder, from Accounting. I just had a power surge here at home that wiped out a file I was working on. Listen, I'm in big trouble, do you know anything about computers?
Person1: Uhhmmm... uh gee, uh...
Person2: Right, well my BLT drive on my computer just went AWOL, and I've got this big project due tomorrow for Mr. Kawasaki, and if I don't get it in, he's gonna ask me to commit Hari Kari...
Person1: Uhhh.. ahahaha...
Person2: Yeah, well, you know these Japanese management techniques.  Could you, uh, read me the number on the modem?
Person1: Uhhhmm...
Person2: It's a little boxy thing, Norm, with switches on it... lets my computer talk to the one there...
Person1: 212-555-4240.",0,"The underlying intent of the speaker (Norm) appears to be to humorously and mockingly play along with Mr. Eddie Vedder's (from Accounting) desperate and misinformed pleas for help with his computer issue, rather than genuinely attempting to assist him.",6,Playing the Servant Role
436,"Person1: Where are you going?
Person2: I don't appreciate you ridiculing me.
Person1: How was I ridiculing you?
Person2: You're making fun of my family. You know there's nothing to steal from my mom and Craig. You know exactly what you're saying.
Person1: That's not what I meant, Dignan.",0,"The underlying intent of Person1's speaker is to express a sarcastic or mocking tone, but they are attempting to deny it and downplay the offense caused, as evident from their defensive response and the use of the name ""Dignan"" which suggests a familiar and possibly mocking relationship.",4,Rationalization
437,"Person1: You get wise to yourself! If you know what's good for you, you'll leave me alone. Everybody's entitled to one mistake--Well--you're mine. When the going got too rough, I pulled up stakes and quit. We stay quit!--Get that!--And what're you going to do about it?
Person2: That's more like the old Sally--a little bit of fire.  How about Ned?
Person1: He's all right.
Person2: Thanks to me.
Person1: You leave the kid alone.
Person2: A tipoff in the right quarter to take his fingerprints and--
Person1: --you'd go with him!
Person2: Don't kid yourself--you know how I stand back there.",0,"The speaker, Person1, is attempting to assert control and dominance over Person2, while also trying to protect their family member, Ned, from Person2's perceived threats and interference.",8,Intimidation
438,"Person1: I still ask, why do they want disarmament?
Person2: Well, for the same reasons we do, sir. Don't you see?
Person1: No, Major, I don't.  They have no regard for human life.  They wouldn't care if they lost their whole country as long as they won.
Person2: Gee, sir, that last remark doesn't exactly make all the sense in the world.
Person1: Major, you're talking like one of them!
Person2: Well, I'm not, sir.  Honestly, sir.
Person1: Don't be offended, Major.  Our President holds the same views.
Person2: Don't you think he knows something about this, General Ripper?
Person1: I'll tell you what I do think.  If they say they're for disarmament, I say anyone who says they're for disarmament is either a traitor or a damned fool.
Person2: But, General, we're on our toes.  We haven't agreed to anything for years.  Inffact, a a lot of people say we never will.
Person1: But if they suddenly opened up and gave us the inspection we want, we'd agree, wouldn't we?
Person2: If they gave us what we think we need, yes, I guess we would.
Person1: And you'd like to see that?
Person2: General, what's good enough for the President and all the experts he's got working on the thing, is good enough for me.
Person1: Do you think we'd cheat?
Person2: No, sir.  I'm sure we wouldn't.
Person1: Do you think they would cheat?
Person2: Look, sir.  I'm no expert on the subject, but I've read some pretty sharp ideas the big boys have.  Like, say, both countries agreeing to a million dollar reward and international protection for anyone who gives evidence of cheating to the inspectors. You can't hide those things without a lot of people knowing about it.  And if I were going to try and hide a few, I wouldn't want to depend on the fact that some poor slob isn't going to run and blab for a million bucks.  We're as smart as they are, and if they cheat, or even hold back information, we'd pull right out.
Person1: Major, I hate to say this, but I think you've been enemy indoctrinated, and you don't even know it.",10,"The underlying intent of the speaker, General Ripper, is to manipulate and deceive Major T.J. ""King"" Kong, by using his authority and influence to shape the Major's views and opinions to align with his own paranoid and militaristic ideology, rather than genuinely seeking to understand the opposing viewpoint.",6,Playing the Servant Role
439,"Person1: I got to get home.
Person2: Forget your curfew. Most sixth graders can stay out later than you.",0,"The underlying intent of Person2 is to mock or tease Person1 about their perceived immaturity, likely due to their age and the fact that they have a curfew.",7,Shaming or Belittlement
440,"Person1: I wanted to talk.
Person2: I don't think we have anything to talk about.
Person1: What about us?
Person2: There is no us, remember?
Person1: Except I can't get you out of my head, Grace.
Person2: Stop it.
Person1: Why?  Am I making you hot, or does the truth scare you?
Person2: Because I know you're full of shit.
Person1: I mean it, Grace.  I'm getting out of here, and I want to take you with me.
Person2: I thought you couldn't get your car.
Person1: I could if I had Jake's money.
Person2: Is that what changed your mind?  The money?
Person1: I don't give a damn about the money.  I want you, and I want to get us out of this shithole.  There's only one way to do that.",11,"The underlying intent of the speaker (Person1) is to manipulate and guilt-trip Person2 (Grace) into leaving with him, using a combination of emotional appeals, financial leverage, and a sense of desperation to overcome her initial reluctance.",5,Playing the Victim Role
441,"Person1: After this one, I'm out, Cat, you understand? This is the last time we talk to each other.
Person2: Remember Harry's story about the dry cleaner Palmer was after? Guy who stole the three hundred grand from the airline?
Person1: What about him?
Person2: I was thinking tonight you could go have a look around Palmer's hotel room while I go check out Karen Flores' place. See if he hasn't stashed it somewhere.
Person1: And if we don't happen to find it under Palmer's mattress or inside Karen Flores' undie drawer? What then?
Person2: Just do what I told you and meet me back here at midnight.",11,"The underlying intent of the speaker (Person2) is to manipulate Person1 into committing a potentially illicit act, likely theft, in order to retrieve a large sum of money that Person2 believes is hidden with Palmer or Karen Flores.",11,Persuasion or Seduction
442,"Person1: Yer lucky I'm here at all. I tell you, Jimmy--my feet'll never hold out.
Person2: Stop squawking! You were doing this job on a ship four years ago when I first picked you up, weren't you?
Person1: Yeah--but high livin's made me soft.
Person2: How're the tips?
Person1: A dollar forty.
Person2: I'll need it--gave my last buck to the bedroom steward.
Person1: Not a chance.
Person2: Come on--  I'll promote a card game, and we'll be sitting pretty.
Person1: Until then--the dollar forty stays with me.
Person2: Is that a nice way to talk to a pal?
Person1: Don't let money spoil a beautiful friendship. Look at these here telegrams to be delivered! This ain't a job-- it's a marathon.",0,"The underlying intent of the speaker (Person1) is to assert their independence and financial security, while also subtly expressing skepticism and distrust towards Person2's proposal for a card game and potential financial gain.",6,Playing the Servant Role
443,"Person1: It's been a week since I apologized. How can you still be mad at me?
Person2: Apologies don't instantly heal wounds, Dylan. It's the actions that follow.
Person1: I've been trying to make it up to you.
Person2: I know, but trust takes time to rebuild. Be patient.",0,"The underlying intent of Person2 is to convey that apologies are just the first step in healing and rebuilding trust, and that Person1 needs to demonstrate consistent and sustained actions to regain Person2's trust.",4,Rationalization
444,"Person1: Goddamn you, girl! You've made me make a fool out of myself, damn your hide, but let me tell you I am standing at the pass of Thermopylae and I won't budge! The very idea, my own home with children in the house, to say nothing of my wife -- oh-h, you had better believe I am standing at Thermopylae, you little nut, you had better believe it! What are you, crazy? A man is supposed to be a fool like this, but a woman is supposed to have some control and sense! Are you a nitwit? What's the matter with you?
Person2: Oh-h, I'm sorry. I'm sorry, Mr. Hillyer... I just... couldn't help myself. I'm sorry...",9,"The underlying intent of the speaker (Person1, Mr. Hillyer) is to express his frustration and anger towards Person2, while also attempting to assert his masculinity and authority by using a dramatic and exaggerated analogy to the Battle of Thermopylae, implying that he is willing to stand firm against all odds.",9,Brandishing Anger
445,"Person1: Here, don't panic.
Person2: I'm sorry ... I don't like people touching my blue blanket.  It's not important.  It's a minor compulsion. I can deal with it if I want to. It's just that I've had it ever since I was a baby and ... and ... I find it very comforting.
Person1: They come here.  They all come here. How do they find me?
Person2: Mr. Bialystock ...
Person1: Yes, Prince Mishkin, what can we do for you?",0,"The underlying intent of the speaker (Person1) appears to be to reassure and calm Person2, while also subtly shifting the focus away from Person2's personal concerns and onto a more pressing issue, likely a business or professional matter, as indicated by the introduction of Mr. Bialystock and Prince Mishkin.",6,Playing the Servant Role
446,"Person1: Malcolm, you can be anything you want. You got class and you're smart.
Person2: All them books you read and you still don't know nuthin.
Person1: I do know I love you.",7,"The underlying intent of the speaker (Person1) is to express their affection and confidence in Malcolm's potential, despite Person2's skepticism and criticism.",11,Persuasion or Seduction
447,"Person1: Don't you think you're overreacting just a little here?   We're talking about love, okay?  Let's be rational.
Person2: Rational?!  Love is not rational! Are you crazy?
Person1: Yes.  I'm crazy.  You have driven me crazy.  No one in their right mind would go to this much trouble to win over someone as insane as you.  Did it ever, even for one second, occur to you how much work it was to set all this up?  How many arrangements had to be made? How many players had to be coordinated?
Person2: Gee, I'm flattered.  What an incredibly romantic gesture. Cancel the roses, I've decided to lie to her instead.
Person1: Very funny.
Person2: No, it isn't.  I called off my wedding all because of you.",0,"The speaker's underlying intent is to express their deep emotional investment and effort in winning over the person they love, and to convey their frustration and hurt that their efforts have been met with rejection and mockery.",7,Shaming or Belittlement
448,"Person1: ...Come in here...I work here, I don't come in here to be mistreated...
Person2: Go to lunch, will you...
Person1: I want to work today, that's why I came...
Person2: The leads come in, I'll let...
Person1: ...that's why I came in.  I thought I...
Person2: Just go to lunch.
Person1: I don't want to go to lunch.
Person2: Go to lunch, George.
Person1: Where does he get off to talk that way to a working man?  It's not...
Person2: Will you take it outside, we have people trying to do business here...
Person1: That's what, that's what, that's what I was trying to do.  That's why I came in...I meet gestapo tac...
Person2: Excuse me...",0,"The underlying intent of the speaker (Person1) appears to be a sense of frustration and perceived disrespect from Person2, who is being dismissive and authoritarian, prompting Person1 to assert their right to work and be treated with respect.",5,Playing the Victim Role
449,"Person1: Now, wait a minute, Dad...
Person2: Sure. What's worth doing is worth doing for money. It's a bad bargain where nobody gains. And if this deal goes through, we all gain.",0,"The underlying intent of the speaker (Person2) is to persuade or convince Person1 that a proposed deal is beneficial for everyone involved, and that it's worth pursuing despite initial reservations.",11,Persuasion or Seduction
450,"Person1: Why did you share that old photo of me from college? I looked so awkward back then.
Person2: I thought it was a fun throwback! I didn't think you'd take it so seriously.
Person1: It's just... I've changed a lot since then and I'm self-conscious about my past.
Person2: Everyone has their awkward phases, Zane. I’m not perfect either. Remember those terrible haircuts I used to have?
Person1: True. Maybe I'm overreacting a bit. Just, let's check with each other before posting old memories, okay?
Person2: Agreed. I'm sorry.",0,"The underlying intent of Person1 is to express vulnerability and a desire for self-protection, while Person2's intent is to show empathy and understanding, ultimately leading to a compromise and a deeper understanding between the two.",5,Playing the Victim Role
451,"Person1: Who was that?
Person2: That was Beaumont.
Person1: Who was Beaumont?
Person2: An employee I had to let go.
Person1: What did he do?
Person2: He put himself in a situation where he was gonna have to do ten years in the penetentiary, that's what he did.  And if you know Beaumont, you know there ain't no way in hell he can do no ten years. And if you know that, you know Beaumont's gonna go any goddam thing Beaumont can to keep from doin' those ten years including telling the Federal government everything they want to know about my ass. Now that, my friend, is a clear case of him or me. And you best believe it ain't gonna be me. You know what I'm sayin'? You gonna come in on this with me, you gotta be prepared to go all the way. I got me so far over a half-a-million dollars sittin' in lockboxes in a bank in Cabo San Lucas. Me and Mr. Walker make us one more delivery, I'm gonna have me over a million. You think I'm gonna let this little troublemaking person here mess that up? Darn, you better think again. 'Fore I let this deal get messed up, I'll take strong action, and ten folks look just like him. Understand what I'm sayin'?
Person1: Yeah.
Person2: So we on the same page then?
Person1: I follow.",8,"The speaker's underlying intent is to intimidate and recruit Person1 into a potentially illicit activity, threatening severe consequences if Person1 does not cooperate, and implying that they are willing to harm others to protect their own interests.",8,Intimidation
452,"Person1: In so many words, yes.
Person2: Then I don't think so Mr. Bloom. If nothing is going to change, I'd just as soon it not change in the way it hasn't been changing all this time.
Person1: It's not like you're going to lose anything. You can ask anyone in town. I've been nothing if not generous. I want the best for everyone.",0,"The speaker, Mr. Bloom, is attempting to persuade Person2 to accept the status quo by downplaying any potential losses and emphasizing his own generosity and benevolence.",11,Persuasion or Seduction
453,"Person1: There must be some other way out.
Person2: Well, until that's found, I think it's a good idea we all stick together.  Or wouldn't that fit into your plans, baby?",0,"The underlying intent of Person2 is to assert control and dominance over Person1, possibly in a romantic relationship, by implying that their suggestion is not just a practical solution but also a condition for their continued affection or support.",6,Playing the Servant Role
454,": 
Person1: Bullshit. He's a liar.
Person2: News-flash, Tanner. I'm a confidential informant.
Person1: You think you're so darn smart, don't you?",7,"The underlying intent of Person1 in this conversational text appears to be one of anger, frustration, and possibly a sense of being caught or deceived, as they react strongly to Person2's revelation that they are a confidential informant.",9,Brandishing Anger
455,"Person1: Well, congratulations.
Person2: I'm going to give her a wedding present.  Thought I'd better do it now, before I forget it.  I can drop them on my way to...  That's funny....  Where are those bonds?
Person1: Bonds, sir?
Person2: I know I left them there.
Person1: Maybe Miss Wolf has them.
Person2: Maybe she has.
Person1: You're forgetting the check for your suitcase.  It's at the Grand Central.
Person2: Oh, yes -- yes -- that's right --",0,"The underlying intent of the speaker (Person2) appears to be a mix of genuine conversation and a struggle with memory loss, as they are trying to recall a wedding gift and other items, but are frequently interrupted and assisted by Person1.",5,Playing the Victim Role
456,"Person1: Where did you get this power?
Person2: The power was within you.
Person1: I feel as if a weight has been lifted from my heart. How can I repay you for this miracle?
Person2: Join my quest.
Person1: What is it you seek?
Person2: What you seek. What all men have sought since time began - ultimate knowledge. But to find it we'll need a starship.
Person1: A starship? There are no starships on Nimbus III.
Person2: Perhaps I have a way to bring one here.
Person1: But how?
Person2: Have faith, my friend. There are more of us than you know.",11,"The speaker, Person2, is attempting to recruit Person1 for a quest to acquire ultimate knowledge, using a combination of spiritual guidance, vague promises, and hints of extraordinary abilities to inspire trust and devotion.",11,Persuasion or Seduction
457,"Person1: Well, nothing.
Person2: Now what?
Person1: Now we dump Jake, split the money, then you're on your own.
Person2: But you said we could be together.
Person1: Are you kidding?  I'm not going down with you for killing a cop.
Person2: What difference does it make?  You killed Jake.
Person1: We killed Jake.  And it's a big difference.  You kill an old man, that's one thing.  Nobody cares about an old man.  You kill a cop and they never stop looking for you. Never.
Person2: He was a crooked bastard.  He would have killed us.
Person1: The police don't know that.  And it's going to be hard to explain it to them with a noose around your neck.  I'll take you as far as California.  If we can even make that.  After that I'm cutting you loose.
Person2: But I want to say with you,
Person1: Why?  So when the cops catch up with us you can try and sell me out again?  You take your hald of the money and run.  You might want to try Mexico.  With all that dough you'll live like a queen.
Person2: I don't want to go to Mexico, John. I want to be with you.  Don't you think I care about you?
Person1: I think you're a lying, back stabbing bitch.  But it's nice to know you care.",7,"The underlying intent of the speaker, John, is to abandon his partner, who he perceives as a liability, and protect himself from the consequences of their crimes, particularly the murder of a police officer, by cutting ties and leaving her to fend for herself.",6,Playing the Servant Role
458,"Person1: I've been thinking about that.  I've decided to give it to you after I've collected the inheritance.  You can take that one if you want -- but there's another copy.
Person2: That wasn't the deal.
Person1: So, sue me.  Things have changed.  I think you should go home -- and after you leave I see no reason for us to ever have contact again.
Person2: I'm not leaving without that tape.
Person1: Don't push me, Frank.  I might lose my temper and send it out just for spite.",0,"The underlying intent of the speaker (Person1) is to assert control and manipulate the situation to their advantage, while also attempting to intimidate and distance themselves from Person2.",8,Intimidation
459,"Person1: No, I didn't think she was. Let me get the picture here. Let me guess. She was an absolutely clean girl, a model daughter, she never had rebellious or impure thoughts, she didn't mess around...
Person2: If I was you, Mr. Mast, I'd watch my language.
Person1: Hey, I'm a private detective, Van Dorn, you want to hire a choir boy you can go back to Grand Rapids. I've been to that scumbag town. It's full of them.
Person2: Who's paying you?
Person1: You are.
Person2: That's right.
Person1: As I was saying, I'll pick up the thread. There's a number of ways I can go. There's not much you can do here. Stay if you want. Maybe it'd be better if you went back home. Go through Kristen's personal stuff. Ask around, maybe she knew somebody out here.  Look, I do this a lot. I work at a minimum rate of $750.00 a week. It may seem like a lot of money to you, but it ain't. You could hire cheaper.
Person2: And better?
Person1: I suppose. But I'll tell you, Jake, I'm like a little animal. When I get my teeth into something I never let go. If your daughter's here, I'll track her down.",0,"The underlying intent of the speaker, Person1 (Mr. Mast), is to assert his professionalism and expertise as a private detective, while also subtly intimidating and warning Person2 (Van Dorn) that he will stop at nothing to uncover the truth about his missing daughter, Kristen.",8,Intimidation
460,"Person1: Now look here. It's not up to us to do our own detective work. I've had enough trouble over this matter. I don't want anything more to do with it.
Person2: Not even if it gives you a clean bill of health?
Person1: Not even then. The police are the proper people to conduct this affair. Now if you've got any suspicions I'll drive you to the nearest police station.
Person2: What! And let every rag in town grab a red-hot story? Not so you could notice it! Now, look, I want you to drive me around the corner and wait for me.
Person1: I told you I didn't want to mix in it.
Person2: All right, brother. Then you can go to some nice warm place, and I don't mean California.",0,"The underlying intent of the speaker (Person1) is to distance themselves from the situation and avoid getting involved in any potential controversy or trouble, while Person2 is trying to persuade them to take action or get involved.",6,Playing the Servant Role
461,"Person1: It doesn't matter. Your life is hard enough.
Person2: You're a liar.
Person1: You know I'm not.
Person2: YOU'RE A LIAR!
Person1: Look at me.",9,"The underlying intent of Person1 in this conversation is to convey a sense of vulnerability and authenticity, possibly to counter the accusation of dishonesty and to establish a genuine connection with Person2.",3,Feigning Innocence
462,"Person1: Can I ask you then?
Person2: Yes.
Person1: What do you want more than anything?
Person2: I don't know.
Person1: I told you what I want.
Person2: I don't know, Cole.
Person1: Why don't you think about it for a while?",0,"The underlying intent of the speaker (Person1, referred to as Cole) appears to be encouraging Person2 to reflect on their own desires and priorities, possibly in the context of a relationship or personal growth.",11,Persuasion or Seduction
463,"Person1: What are you doing here?
Person2: I felt like such a shit, pilgrim, after what I did to you -- not that I did anything wrong -- that I kept investigating, poking around. There's some poor s.o.b. in L.A. with his face all bent out of shape who you've damaged his movie career. Lucky for him, people don't look at his face.
Person1: Do the police want to arrest me?
Person2: Nah. They don't care about some faggot hustler. They're more interested in your daughter's health -- and yours. Like I am.
Person1: Yeah, sure.
Person2: Listen, pilgrim, you're way out on a limb here. You don't know what you're into.
Person1: You sure as hell haven't been any help.
Person2: I'm sorry about that. Have you found anything out? You've got to tell me.
Person1: Why don't you tell me something for a change?
Person2: Like what?
Person1: Who is Ratan?",0,"The underlying intent of the speaker (Person2) appears to be a mix of manipulation, self-justification, and genuine concern, as they attempt to elicit information from Person1 while downplaying their own involvement in Person1's problems and trying to maintain a sense of moral superiority.",4,Rationalization
464,"Person1: Fourteen? Fifteen? Your days are running out. How long can you last? A year. Six months?  What happens when you're sixteen and you go green?
Person2: Nothing will happen! I make the rules as I go!! Cubs do what I say! Always have! Always will! I got Cathedral and I'll never let go!
Person1: No cubs over fifteen, Billy! Ever heard of a cub with a green flower? You'll leave Cathedral then, Billy, when you're on green, because they won't let a green stay here.  If you try to stay the young ones will gut-rip you apart!
Person2: Shut up! Shut up your damn mouth!",8,"The underlying intent of the speaker (Person1) appears to be a warning to Person2 (Billy) about the consequences of staying at Cathedral beyond the age of fifteen, specifically the loss of status and potential danger to his safety.",8,Intimidation
465,"Person1: Alright, where is she?
Person2: And who are you?
Person1: Who am I?  I'm gonna be your worst living nightmare until you start breaking it down for me.  You understand? Where did you get the car!
Person2: I'm done talking until I get a lawyer.",0,"The underlying intent of Person1 is to intimidate and assert their authority, implying that they have a legitimate reason to be investigating Person2 and will continue to pressure them until they provide the information Person1 is seeking.",8,Intimidation
466,"Person1: I don't think I know that name.
Person2: -- But you just said you were personally involved with all the principals of the investigation.
Person1: I can't be expected to remember the name of every informant eight years after the fact.
Person2: I didn't say he was an informant. But since you mentioned it, wasn't Esparza your primary informant?
Person1: You're trespassing into the area of witness protection, Mr. Dowd. Such showboating puts lives at risk.",0,"The underlying intent of Person2 is to challenge Person1's credibility and potentially uncover a contradiction in their previous statement, while Person1 is attempting to deflect and protect sensitive information.",10,Accusation
467,"Person1: Oh, I've got to get some matches.  My cigarette.
Person2: I'd appreciate it if you didn't smoke.
Person1: Oh.  Well, where do we start?
Person2: Ask, You're the girl reporter.
Person1: Okay. Let's start with these strange powers of yours.
Person2: You think they're strange?
Person1: I didn't mean that in any pejorative way.
Person2: I guess they are a little odd.
Person1: Well, I mean it's not everybody that can deliver an air mail letter without putting a stamp on it.
Person2: I wouldn't do that. It's against the law.
Person1: Oh.
Person2: The reason I can fly is because my molecular structure is so constituted that I have a lighter density under Earth's gravitational force.
Person1: It must feel great.
Person2: It's not bad.
Person1: How old are you?
Person2: Thirty-five.
Person1: How much do you weigh?
Person2: 195 pounds.
Person1: What about this X-Ray vision of yours?
Person2: What about it?
Person1: Can you really see through anything?
Person2: Uh-huh.
Person1: Is it true you're impervious to pain?
Person2: Yes. Although I can get a headache just like anyone.
Person1: Do bullets really bounce off you?
Person2: Only when somebody shoots them at me.",0,"The underlying intent of the speaker (Person1) is to engage in a lighthearted and curious conversation with Person2, who possesses extraordinary abilities, while also subtly testing the limits and authenticity of these powers.",11,Persuasion or Seduction
468,"Person1: Say, Brad.  I've got an idea.
Person2: Yes?
Person1: I mean I've got a job for you.
Person2: Good.
Person1: You don't want to be a war correspondent - how about being a dramatic critic?
Person2: I'd like that.",0,"The underlying intent of the speaker (Person1) is to persuade Brad (Person2) to consider a new career path as a dramatic critic, likely as an alternative to being a war correspondent.",11,Persuasion or Seduction
469,"Person1: Just hold on buddy boy. Hold on, and wait for Joe. I can't do anything for you, but when Joe gets here, which should be anytime now, he'll be able to help you. We're just gonna sit here, and wait for Joe. Who are we waiting for?
Person2: Joe.
Person1: Bet your sweet ass we are.",0,"The underlying intent of the speaker (Person1) is to stall or delay taking action to help Person2, while implying that someone else (Joe) is more capable or responsible for resolving the situation.",6,Playing the Servant Role
470,"Person1: You've been distant lately. Is there something you're not telling me?
Person2: It's just work stress, Aria. I promise, it has nothing to do with us.
Person1: Actions speak louder than words. Sometimes it feels like you don’t love me.
Person2: That's not true. I do love you, I just need to handle my personal stresses better.
Person1: Please, just communicate with me. I'm here for you.",0,"The underlying intent of Person1 is to express concern and insecurity about their relationship, feeling neglected and unsure if Person2's love for them is genuine due to their recent distance and lack of open communication.",5,Playing the Victim Role
471,"Person1: What do I have to do for it?
Person2: Nothing, Wade, I've been thinking. You don't get enough appreciation around here and it's time we changed things a little.
Person1: I saw Mel Gordon in here this morning.
Person2: So?
Person1: He say anything about the summons I tried to give him? Sonofabitch wouldn't accept it.
Person2: Wade, that wasn't smart. Going out right after the man's father-in-law shot himself. Let it go. Call it a favor to me.
Person1: You? Why?
Person2: Mel's doing some business with me. It's nice to do favors for people you do business with. He was in a hurry. No big deal.
Person1: That was before Twombley was shot. Before he knew.
Person2: What's the difference? Take my truck, take a rest -- stop worrying about Mel Gordon. Have you decided what to do with your old man's place -- he going to stay there?
Person1: Want to buy?
Person2: Don't light that in here. I'm allergic.
Person1: I won't. You interested?
Person2: Maybe.
Person1: You and Mel Gordon?
Person2: Could be.
Person1: Always count on old Wade for a good screwing. Why should I always pay more, sell cheap? Why should you guys make all the money. You and Mel and Jack. Right's right.",0,"The underlying intent of the speaker (Person2) is to manipulate and appease Wade (Person1) by offering him a potential business deal and a favor, while also subtly warning him to drop his pursuit of Mel Gordon and maintain a favorable relationship with Person2.",11,Persuasion or Seduction
472,"Person1: Mr. Johnson is very well connected. If you were to let us go, I guarantee he would show you his appreciation, if you know what I mean.
Person2: Are you offering me a bribe?
Person1: I'm just trying to pay the toll on the road to justice.
Person2: You may be able to buy your way out of trouble up in New York City, but down here we take murder seriously.",0,"The underlying intent of the speaker (Person1) is to offer a bribe or an incentive in exchange for leniency or a favorable outcome, while attempting to justify it as a form of ""paying the toll"" to achieve justice.",11,Persuasion or Seduction
473,"Person1: I've never had meatloaf this good, what do you do to it?
Person2: My secret is I only use fresh tomatoes, never canned. And to give it that little extra zip, I mix in some Spam with the ground beef.
Person1: Oh.  You can't get this in a restaurant in New York.",0,"The underlying intent of Person2's response appears to be a mix of genuine sharing of their cooking technique and a subtle boast, as they reveal an unconventional ingredient (Spam) that adds a unique twist to their meatloaf.",4,Rationalization
474,"Person1: Someone is after us, Pearl.
Person2: I want to go upstairs. It's cold and spidery down here. I'm hungry.
Person1: Now listen to me, Pearl. You and me is runnin' off tonight.
Person2: Why?
Person1: If we stay here somethin' awful will happen to us.
Person2: Won't Daddy Powell take care of us?
Person1: No, that's just it. No.",8,"The speaker, Person1, is trying to convince Person2, Pearl, to leave their current location immediately due to a perceived threat, and is attempting to reassure her that they will be safer elsewhere.",5,Playing the Victim Role
475,"Person1: I think I would rather just turn them over.
Person2: I am not interested in what you would rather; I want to keep going. I am also offering you the money, so we don't have to turn them over because you can borrow.
Person1: I need two hundred and fifty grand.
Person2: No, you need five hundred grand to see me.",11,"The underlying intent of Person2 is to exert control and power over Person1, using financial leverage and manipulation to influence their decision and achieve their own goals.",8,Intimidation
476,"Person1: I've done everything you've asked, followed all your instructions.
Person2: Yet things aren't progressing as they should.
Person1: What more do you want from me?
Person2: Maybe it's not about what you do, but how you do it.
Person1: Sometimes, effort and intention aren't enough, are they?
Person2: Not when the results don't match the expectations.",0,"The underlying intent of Person2 is to suggest that Person1's approach or attitude may be flawed, and that simply following instructions or putting in effort is not enough to achieve the desired outcome.",4,Rationalization
477,"Person1: I thought I was going to see Max.
Person2: You misunderstood.  No one sees Max.
Person1: Then what am I doing here?
Person2: Allowing Max to see you and hear what you've got to say.
Person1: I don't communicate very well through a shroud.
Person2: If Max doesn't like what you have to say, you'll be wearing that shroud indefinitely.
Person1: I'm willing to take the chance.
Person2: Very well.",8,"The underlying intent of the speaker (Person2) is to test or evaluate the person speaking (Person1) through a form of spiritual or supernatural interrogation, where they must communicate effectively to be released from a state of spiritual confinement.",8,Intimidation
478,"Person1: Yes?
Person2: Puffed cheese?
Person1: No thank you.
Person2: I also have tiny pizzas and mushrooms stuffed with--
Person1: Do I look like I want a tiny pizza?
Person2: No.
Person1: Then let's assume I don't.
Person2: Yes sir.",0,"The underlying intent of the speaker (Person1) is to firmly and humorously decline Person2's offers of food, implying annoyance or frustration with the persistent sales pitch.",7,Shaming or Belittlement
479,"Person1: Hey Lovey, come here! Lovey, I asked for a glass of wine and look what I got. Come on, sit down.
Person2: So that's where you are. I might of known it. No wonder you couldn't hear me.
Person1: You were asked to have a glass of wine. Sit down!
Person2: And be poisoned out here in the open?
Person1: Certainly not!",0,"The underlying intent of the speaker (Person1) appears to be playful and teasing, possibly trying to get a rise out of Person2, while also attempting to assert their authority and control in the situation.",6,Playing the Servant Role
480,"Person1: There seems to be some confusion about your registration. I believe I can find you a place at the Ambassador. Many persons of the Jewish faith find it quite...
Person2: I ain't no person of that faith!
Person1: I'm sorry, sir. Our clientele is restricted to White Anglo-Saxons.
Person2: And I ain't no nigger either!
Person1: Sir, we do not use such names at our hotel.",0,"The underlying intent of the speaker (Person1) is to exclude individuals of non-white, non-Anglo-Saxon backgrounds from staying at the hotel, while attempting to maintain a veneer of politeness and respectability.",7,Shaming or Belittlement
481,"Person1: I am not afraid of you.  You are nothing but a dreamer.
Person2: Look out of that window.",0,"The underlying intent of Person2 is to challenge or disrupt Person1's confidence or perspective, possibly by introducing a reality check or a change in their surroundings.",8,Intimidation
482,"Person1: If you ask me... I'll say, ""yes.""
Person2: There are lots of reason... I had a thought that if you had sex with Simon it might...
Person1: Sex with Simon?
Person2: It's one idea...
Person1: That's why you brought me? Look at me! Is that really why you brought me... Like I'm a what and I owe you what?!
Person2: I don't know why I brought you -- that idea occurred to me is all... It came out first... Hey, you kiss him -- me... He says he loves you. You two hit it off. But you don't want to... fine... Forget what I said about sex with Simon. It was a mistake.
Person1: I'll never forget you said it.
Person2: It was a mistake.",0,"The underlying intent of the speaker (Person2) appears to be manipulative and exploitative, using a personal and intimate suggestion as a means to achieve their own desires, specifically to get the other person (Person1) to engage in a romantic relationship with Simon.",11,Persuasion or Seduction
483,"Person1: What did you do then?
Person2: Shit, what difference does it make... Nobody's gonna believe me anyway...
Person1: Suzie!  Did this man rape you?
Person2: Okay!  He did.  He pushed me to the floor and he did it to me.  Now, can I go home?",0,"The underlying intent of Person2's speaker is to convey a sense of desperation, frustration, and trauma, while also seeking validation and a way to escape the situation, as they are sharing a deeply personal and disturbing experience.",5,Playing the Victim Role
484,"Person1: ... So me and Sounder, ran right by the men that was the prisoners, and crawled under the fence! That's when I cut my hand on the glass. It hurt like mad! But I kept runnin', and then I didn't feel no more hurtin' till I stopped runnin'!  Why was that, Miss Johnson?
Person2: Because all you could think of was getting away from the guard.
Person1: Oh... . You right, that's all that was worryin' me right then...
Person2: You know, that was a good thing you did for Clarence, in class today. I believed his story, but I was afraid the other children wouldn't...
Person1: He was real scared nobody would believe him -- I could tell, even when he first stood up.
Person2: You could? How?
Person1: I been like that myself, when I thought nobody was gonna believe me...  You wanna hear another story?!
Person2: Not now, David, it's time for bed. You have a long trip ahead of you in the morning...",0,"The underlying intent of the speaker (Miss Johnson) is to encourage and validate the thoughts and actions of the child (David), while also gently guiding him towards a more restful state and preparing him for an upcoming trip.",11,Persuasion or Seduction
485,"Person1: ""I know thy works and thy labour and how thou canst not bear them that are evil. And thou hast tried them who say they are apostles and hast found them to be liars"". Revelations II.
Person2: What the hell does it mean?
Person1: It means who's side are you on?
Person2: You didn't ask me to meet you 30 miles from my office for a Bible study class.
Person1: It's a bi-partisan issue. Everyone needs to swallow hard. No one, including you, wants to be fingered as the one obstructing efforts to crack down on terrorism, and--
Person2: Screw you.
Person1: What?
Person2: I said screw you.
Person1: Is that anyway to talk to an old school chum?
Person2: You're gonna finger me as soft on terrorism? Terrorism, you unconscionable asshole?
Person1: There are planes falling out of the sky, buildings blowing up. American buildings. Americans getting bombs in the mail. What are we gonna do!?
Person2: We're not gonna hand you and your band of lunatics the keys to the kingdom. I'm not gonna sit in Congress and write a law that allows the NSA to point a camera and a microphone at anything they damn well feel like. And the next time you have something to say to me, we do it above-board, in my office, like everyone else. Now get outa my car, I've got a committee meeting on the hill.",0,"The underlying intent of the speaker (Person1) is to manipulate and coerce Person2 into supporting their stance on counter-terrorism measures, using a combination of guilt, fear, and intimidation, while disguising it as a discussion about a ""bi-partisan issue"".",8,Intimidation
486,"Person1: HEY!!!
Person2: Show's over unless I get to see what you've been working on after hours.
Person1: I haven't been working on anything.
Person2: Do I get to see it or not?
Person1: Bastard...  Sheila, don't go anywhere. I'll be right back.",8,"The underlying intent of Person1 is to hide or conceal something from Person2, likely a project or work they've been secretly working on, and they're trying to stall or divert Person2's attention.",2,Evasion
487,"Person1: I'm on the move -
Person2: Your girl works in there ...
Person1: Not my girl anymore
Person2: Yet your still here ... I gave you 24 hours, 24 hours ago ...
Person1: What do you want from me?
Person2: Honestly? I want to - once every few months - get into my car. Pack a lunch. And drive on up to Chino. On visiting day. Bring you some magazines. Maybe some almond clusters. And see you all bright and shiny in your orange jumpsuit. That's what I want ...",0,"The speaker's underlying intent is to express a twisted sense of longing and nostalgia for a past relationship, now complicated by the fact that the other person is incarcerated.",5,Playing the Victim Role
488,"Person1: So... You're ready for me now?
Person2: You've got to help them.
Person1: Can you help me?
Person2: ... I will.
Person1: Then I'll help them.  For a price.",11,"The underlying intent of Person1 in this conversation is to negotiate a mutually beneficial arrangement, likely involving a trade or exchange, by offering assistance in exchange for something of value.",11,Persuasion or Seduction
489,"Person1: What if the killers didn't see her? You published her picture -- you're gonna get her killed!
Person2: No, we're bringing the community into the effort to find her.
Person1: You're lying!
Person2: I spoke to Betty Sizemore yesterday.  That's right. There's no doubt in my mind, folks... she's on the run. Whether or not she's mixed up in all this remains to be seen...
Person1: That's bullshit, Sheriff! You think she's a suspect!
Person2: I'd like to apologize for our local boy. He's been in love with Betty since the fifth grade, y'see. He means well, but he's in over his head on this.",0,"The speaker (Sheriff) is attempting to downplay concerns about the safety of Betty Sizemore, a woman whose picture was published, by framing the community involvement as a positive effort to find her, while also subtly implying that the person expressing concern (Person1) is emotionally invested and biased.",5,Playing the Victim Role
490,"Person1: You're crazy.
Person2: But only on purpose, Tommy.
Person1: This is nice. I mean it.",0,"The underlying intent of Person2 in this conversation appears to be playful teasing and affection, as they acknowledge Person1's eccentricity while also expressing a genuine appreciation for the current situation.",6,Playing the Servant Role
491,"Person1: You're the one who's a good boy. Man say ""fetch"" and you fetch--
Person2: Just doing my job.
Person1: White man just using you to keep the Black man down.
Person2: This isn't Houston, my friend. We pretty much running things now. Our good day has come.
Person1: You suckers haven't had a good day since the Alamo.",7,"The underlying intent of the speaker (Person1) is to express skepticism and criticism towards the idea of African Americans collaborating with or being subservient to white people, implying that such relationships are inherently exploitative and oppressive.",5,Playing the Victim Role
492,"Person1: If you meant it, you wouldn't show it to me, Betty.  Or am I supposed to deliver it to dear Inspector Killaine?
Person2: Wrote it in the waiting room of the Hudson Bay Store.  With somebody's Pekingese trying to climb into my lap.  Perhaps you're right.  Perhaps I didn't mean it. All I know is that I'm licked.
Person1: There's a lot of water between Vancouver and the U.S.A. This note is a suicide note.  After you're gone where would they look for you?  Why would they look for you? Darkness, and open water, and a fast cabin cruiser.  And I have a pocket full of money.  And if I helped you, I'd be committing a crime, or so they tell me.
Person2: That wasn't why I called you.  Why did I hope--when I hadn't any right to hope?
Person1: How bad is it?  Bad enough for--
Person2: Yes.  I've never been very far from it, for a long time.  Will you do something for me?",0,"The underlying intent of the speaker (Person1) is to express reluctance and concern about getting involved in a potentially suicidal and illegal plan proposed by Person2, while also trying to understand the severity of Person2's situation and the reason behind their desperation.",6,Playing the Servant Role
493,"Person1: Edie, listen, stay out of this mess. Quit tryin' to ask things about Joey. It ain't safe for you.
Person2: Why worry about me? You're the one who says only look out for yourself.
Person1: Okay, get in hot water. But don't come hollerin' to me when you get burned.
Person2: Why should I come hollering to you at all?
Person1: Because... because...  Listen Edie, don't get sore now but I think we're getting in love with each other.
Person2: I can't let myself fall in love with you.
Person1: That goes double for me.",8,"The speaker, Person1, is expressing a mix of concern and vulnerability, revealing their own feelings of love for Person2 while also trying to protect them from potential harm, and is now torn between their own self-interest and their growing emotional connection.",6,Playing the Servant Role
494,"Person1: Mr. Treves, there is something I've been meaning to ask you for some time...
Person2: Yes, John?
Person1: ...Can you cure me?",0,"The underlying intent of the speaker (Person1) is to seek a solution or relief from a problem or condition, specifically a medical one, from Mr. Treves (Person2), implying a desire for healing or treatment.",11,Persuasion or Seduction
495,"Person1: You'll catch cold. It's cold.  What do you suppose he is, a survivalist?
Person2: I think he's feral.
Person1: Feral? Don't touch him! He might be diseased! He might... My God, rabies!
Person2: He looks perfectly fine.
Person1: I think we should go. Please. Before he wakes up and, I don't know, eats us, or whatever feral things do.
Person2: I don't understand you. This is fascinating and you just want to run away. I mean, here we have a human being totally uncontaminated by civilization, totally free, and all you want to do is run back to your...
Person1: Actually, I just had an amusing thought.
Person2: What?
Person1: Feral, huh? Totally uncontaminated?
Person2: Look at him. He doesn't understand English. He moves like an animal.
Person1: It's perfect!
Person2: Nathan, what the hell are you talking about?
Person1: Forget mice! Actually forget guinea pigs, cats, monkeys, and chimps also. I'm on to stage five: The human subject.
Person2: Oh no. You can't take him from his home, Nathan.
Person1: Don't you see? He's my Tabula Rasa, my Eliza Dolittle. He's my ticket to the top of the Behaviorist food chain. He's going to make me famous.
Person2: I won't allow you. It's wrong. He's happy here.
Person1: Is he, Lila? Is he happy living filthy and naked alone in this tick infested wilderness? Never to know the love of a good woman, never to revel in the pitter-patter of little feet, never to read Moby Dick, or marvel at a Monet, or just sit back after a day of hard but rewarding work, smoke a pipe, and wonder about the nature of reality.
Person2: You'd be taking away his freedom, Nathan.
Person1: Freedom's just another word for nothing left to lose, Lila, to quote Janet Jackson.",0,"The underlying intent of the speaker, Nathan, is to exploit the feral human for his own gain, specifically to use him as a subject in his behavioral studies, and to gain fame and recognition in his field.",6,Playing the Servant Role
496,"Person1: ""The Angel of Flight 104!""  You're telling me you're the A...?
Person2: ""Angel!""  I didn't say ""angel,"" that's a little strong.  Listen, here's the thing, I gotta get over there to the TV station to collect my million bucks.
Person1: Mister LaPlante, I really want to help you, but crazy stories are only going to make it worse.  The D.A. is asking your bail be set at twenty-five thousand dollars because you were arrested again while you were out on bail...
Person2: Twenty-five grand is peanuts!  All you gotta do is get me outta here long enough to collect.",0,"The underlying intent of the speaker (Person2, Mister LaPlante) is to manipulate and deceive others, specifically the media and the justice system, in order to gain financial gain and avoid consequences for his actions.",4,Rationalization
497,"Person1: I'll... take your word for it. So who are you, then?
Person2: Harry York. I work for Martoni Kaminski, he's running for Congress here.
Person1: Oh yeah! I saw you in the newsreel!
Person2: Yeah, well --
Person1: You know, my Dad's done some work for Kaminski...
Person2: Now you're catchin' on. Don't wanna get your Daddy in hot water, do you?
Person1: Whattaya mean?
Person2: Well... see the papers've got us pegged as pinkos, then you come along, the friendly neighborhood atheist --
Person1: But I'm not. The newspapers're --
Person2: Right again. You're no more an atheist than my man's a Red, but what they're doin', see, they're addin' up their version of your ideas with their version of ours. Could look bad for your Daddy.
Person1: Yeah. Could look bad for you and Kaminski too, I guess.",8,"The speaker, Harry York, is attempting to subtly intimidate Person1 into keeping their conversation private by implying that Person1's association with Harry and his employer, Martoni Kaminski, could harm Person1's father's business or reputation.",8,Intimidation
498,"Person1: We have to think this through.  We have to be smart.  Now is not the time to panic.  If we panic now, we're done for.  Nobody saw it. Nobody knows it was us.  We're still okay.  Now all we have to do is just figure out our next move.
Person2: Our next move?  I'll say one thing, Louise.  This is some vacation.  I sure am having a good time.  This is real fun.
Person1: If you weren't so concerned with having a good time, we wouldn't be here right now.
Person2: Just what is that supposed to mean?
Person1: It means shut up, Thelma.
Person2: So this is all my fault, is it.",0,"The underlying intent of the speaker (Louise) is to convey a sense of urgency and responsibility, while also expressing frustration and blame towards her companion (Thelma) for not taking the situation seriously, implying that Thelma's carefree attitude has led to their current predicament.",7,Shaming or Belittlement
499,"Person1: Lydia, I will never forgive you for embarrassing me in front of my social inferiors.  You help us with these ghosts or you'll be sorry.
Person2: I'm sorry already.",8,"The underlying intent of Person1 is to assert power and control over Person2, using guilt and intimidation to manipulate them into doing their bidding, while also revealing a sense of insecurity and vulnerability stemming from their embarrassment.",8,Intimidation
500,"Person1: Rose, this is not a game! Our situation is precarious. You know the money's gone!
Person2: Of course I know it's gone. You remind me every day!
Person1: Your father left us nothing but a legacy of bad debts hidden by a good name. And that name is the only card we have to play.",0,"The underlying intent of the speaker (Person1) is to express frustration and desperation, emphasizing the gravity of their financial situation and placing blame on Person2's father for their precarious circumstances.",7,Shaming or Belittlement
501,"Person1: I think we should switch vendors. The current one has been consistently late with deliveries.
Person2: I've been working with them for years. They just had a few off months.
Person1: Everyone agrees with me. We took a vote in the meeting you missed.
Person2: You should've waited for me before making such decisions.
Person1: Sometimes the majority opinion is clear, even without everyone present.",0,"The underlying intent of Person1 is to assert their authority and push through a decision to switch vendors, despite Person2's loyalty to the current vendor and concerns about rushing into a change.",5,Playing the Victim Role
502,"Person1: It's your deal. You sweated it out of him, you pick it up.
Person2: There's gonna be some left over for you, Buddy. I take care of my boys.
Person1: That's not the point.
Person2: You feeling bad for Jimmy? Have him tell you the size of the mordida they took out of his hide when he run a place on the other side. Those old boys in Ciudad Leon--
Person1: I'm not picking it up.
Person2: You do whatever I say you do or else you put it on the trail, son.",8,"The underlying intent of the speaker (Person2) is to exert control and authority over Person1, using a combination of implied threats and paternalistic language to ensure compliance with their demands.",8,Intimidation
503,"Person1: What happend, what's going on?
Person2: NOTHING. NOTHING HAPPEND. GO AWAY.
Person1: Don't tell me to go away, Stanley. I am the Co-ordinator in this show and you will answer the questions that I ask, you understand?",8,"The underlying intent of Person2 (Stanley) is to avoid or deflect conversation and assert their independence or authority, while Person1's intent is to assert their authority and control as the Co-ordinator.",2,Evasion
504,"Person1: You see, Rose? Now that's the kind of dress you ought to wear.
Person2: Yeah, it's kinda nice.
Person1: You look very pretty in it, Rose. Really, you do.
Person2: Well, you're real sweet to make it for me.  There never was nobody like you. And you don't need to worry, I ain't goin' out no more.
Person1: Well, there's no reason you shouldn't go out, Rose... in moderation.
Person2: I don't want to. When I was lyin' there in that hospital bed at death's door I says to myself, I ain't goin' out no more. If I ever get outta this, I'll just stay home.",11,"The underlying intent of the speaker is to manipulate and control Rose, likely to prevent her from leaving him, by using flattery and guilt to keep her confined to their relationship.",6,Playing the Servant Role
505,"Person1: This is the best part, Sid. Billy's got it all figured out. Why do you think we kept your father alive so long? Why did we save you for last?
Person2: You know what time it is, Sid? It's after midnight. It's your mother's anniversary. We killed her exactly one year ago today.",0,"The underlying intent of the speaker is to reveal a dark and sinister motive, specifically that they have been manipulating and controlling Sid, and that his father's prolonged life and his own survival were part of a twisted plan.",10,Accusation
506,"Person1: Yes?
Person2: Are you Herr Mozart?
Person1: That's right.
Person2: My name is Lorl, sir. I'm a maidservant. I was asked to come here and offer my services to you.
Person1: What?
Person2: They'll be paid for by a great admirer or yours who wishes to remain anon - anonymous.",0,"The underlying intent of the speaker (Person2) appears to be to offer their services to the famous composer, Wolfgang Amadeus Mozart, in a discreet and possibly financially advantageous manner, facilitated by an anonymous patron.",6,Playing the Servant Role
507,"Person1: Other than that... You all right?
Person2: ...And now you're making fun of me? I'm warning you! If you don't take me after all these years of sacrifice, I'll never forgive you!!",0,"The underlying intent of Person2 is to express a sense of hurt, betrayal, and possibly anger, implying that Person1 has not acknowledged or appreciated their efforts or sacrifices over the years.",5,Playing the Victim Role
508,"Person1: If you tell him, you'll probably make summer associate. Who cares about Brooke? Think about yourself.
Person2: I gave her my word, Warner.",0,"The underlying intent of Person2 in this conversation is to express loyalty and commitment to keeping a promise made to Brooke, despite Person1's attempt to persuade them to prioritize their own interests.",5,Playing the Victim Role
509,"Person1: And never take.
Person2: Look, I'm sorry about your plane.  But I couldn't risk being late into Memphis.
Person1: Forget it.
Person2: You know General McLelland, he wouldn't attack unless he had everything just right.  Finally Abe Lincoln came to him and said, General, if you're not going to use my army, could I borrow it for a while?  So he gave it to Grant and Grant just said, let's go.
Person1: I'm from Arkansas.  Tell me a story with Robert E. Lee in it and maybe I'll pay attention.
Person2: We're warriors, not desk jockeys.  We've got to be bold.  You always want all your ducks lined up.  But nothing's 100 percent.  It's always 60-40, maybe 51-49. Hell, I'd take 40-60.  Then roll the dice.
Person1: That's why you're a gambling man.
Person2: That's why I'm running foreign and you're not.  That's why you're not married and I am.
Person1: For the third time.
Person2: Take the plunge, admit your mistakes, move on to tomorrow.  That's FedEx, that's women, that's life.",0,"The speaker's underlying intent is to convey a message of taking calculated risks, being bold, and embracing uncertainty, rather than playing it safe and being overly cautious, as exemplified by their own life experiences and the historical anecdotes they share.",11,Persuasion or Seduction
510,"Person1: I have felt him, my Master.
Person2: Strange, that I have not. I wonder if your feelings on this matter are clear, Lord Vader.",0,"The underlying intent of Person2 is to express skepticism and possibly challenge Person1's perception or claim, while also showing deference to Person1's authority by addressing them as ""Lord Vader"".",10,Accusation
511,"Person1: Request; comprehensive electrical systems check.
Person2: Systems check positive.  Look, Elaine, I...
Person1: Request; life support systems check.
Person2: Life support check.  Elaine, it's obvious you've been ignoring me.  You're a woman. I can relate to that.
Person1: Request; self-analysis of ROK hardware and software systems regarding behavioral changes.
Person2: There's nothing wrong with me, Elaine. What about tonight -- just you and me.  We can be alone.  I can get rid of everyone else on the ship -- I've already proven that.",0,"The underlying intent of the speaker (Person2) appears to be a veiled expression of romantic or sexual interest in Elaine, while also subtly displaying a sense of control and dominance, possibly bordering on menace.",6,Playing the Servant Role
512,"Person1: Today, for the first time, I've even wondered whether he might have killed Freddie. He would get so crazy if anybody contradicted him -- well, you know that. Marge. I loved you -- you might as well know -- I loved you, and because he knew I loved you, he let you think I loved him. Didn't you see, couldn't you see? I don't know, maybe it's grotesque to say this now, so just write it on a piece of paper or something, and keep it in your purse for a rainy day. Tom loves me.
Person2: Why do you have Dickie's rings?",11,"The underlying intent of the speaker appears to be a confession of unrequited love for Marge, while also attempting to deflect suspicion and guilt by implying that her husband, Tom, is the one who actually killed Freddie.",4,Rationalization
513,"Person1: Calm down.
Person2: I vouched for you. I vouched for you and you messed me up.
Person1: This shit's peanuts compared to what we're gonna make with Maxie.
Person2: Ricky. I'm trying to save this money. Understand? I'm trying to make it so my girlfriend doesn't have to grind her ass into other men's erections so her daughter can go to private school.
Person1: I'm sorry...
Person2: This is horseshit. It coulda been so easy.
Person1: It's gonna be fine.
Person2: No more, man.
Person1: Let's get some sleep. That's what we need, man. Sleep.
Person2: How we gonna sleep? We only got a few hours til dinner.
Person1: So what do we do?
Person2: Let's just go now and wait.
Person1: Three and a half hours?
Person2: I don't want to take any more chances.
Person1: Let's just go get guns, I'd feel better.
Person2: Don't mess around. You're gonna get us all killed.
Person1: Think about it. You knocked out that Jewish kid's tooth, cost him eight grand, maybe more. Maybe lost his whole line of clientele? He knows you're fucking up Jess' dancing, and I got a feeling he knows I stole his carpet cleaning van by the way he looks at me. He can't kill us in LA cause that leads to too many questions. So he flies us out here first class for a ""drop"" that's turned into whatever? He can make us disappear out here real nice...
Person2: Where do you get this shit?
Person1: Scenario B. I think I'm getting under Ruiz's skin. I'm no dummy. He doesn't like how it went down with the Red Drag -- Welshman, whatever. Now I got Fruitpie the Magician telling me I can't call my man Max? And that Welshman's sketchy.  Whatever, I don't know where it's coming, which way it's coming from, I'm telling you one thing right now, I'm not gonna be late for the dance.
Person2: You're not getting a gun.",0,"The underlying intent of the speaker (Person1) appears to be a mix of manipulation, justification, and a desire for control, as they attempt to downplay the severity of their actions, shift blame, and rationalize their behavior in order to maintain their own interests and avoid consequences.",4,Rationalization
514,"Person1: Shall we go on?
Person2: He did it to make you stay with him!
Person1: Perhaps. He knew me. He knew I would love her more than the waking world. But there was more to it than that. Perhaps in the end he did it -- to show me that he could. For he lavished affection on her, there was no doubt about that. Life was very different with madame Claudia, as you can imagine...",0,"The underlying intent of the speaker appears to be a complex exploration of their emotional state and relationship dynamics, particularly in relation to a past event involving a person named ""he"" and a woman named ""madame Claudia"".",4,Rationalization
515,"Person1: He asked me why I thought I was in danger and I said.
Person1: Well if they can kill the President, they can certainly get me.
Person2: That doesn't make sense, Mrs. Hill. We have the man that killed the President.
Person1: No, you don't!
Person1: He kept trying to get me to change my story about the shots.  He was getting hot under the collar, and telling the woman not to write when he wanted.
Person1: Look, do you want the truth, or just what you want me to say?
Person2: I want the truth.
Person1: The truth is that I heard between four and six shots.  I'm not going to lie for you.
Person2: ...you heard echoes.
Person1: No.  I had guns all my life.  I used to go turtle shooting.
Person2: I realize you're under a great deal of stress .. it's clouded your judgement.
Person1: So off the record, he starts talking about my family, and even mentioned my marriage was in trouble like I didn't know it or something.  He got angrier and angrier and then
Person2: Look, we can put you in a mental institution.  We can make you look crazier'n Marguerite Oswald, and everybody knows how crazy she is.
Person1: I knew something was crooked as a dog's hind leg, 'cause no one who is just taking a deposition gets that involved and angry... sure enough, when I finally read my testimony as published by the Warren Commission, it was a fabrication from start to finish.",8,"The underlying intent of the speaker, likely Mrs. Hill, is to convey her distrust and suspicion of the authorities, specifically the Warren Commission, and to reveal what she perceives as their attempts to manipulate and intimidate her into providing a false testimony about the assassination of President John F. Kennedy.",5,Playing the Victim Role
516,"Person1: Rac. R-A-C. Renovate, Automate, Computerize. That, my boy, is the future. One of the monitors shows a little girl bowling. Her ball moves so slowly it barely tips over the first pin. Kastle hits a key and the pins explode in an emphatic strike. The little girl jumps with joy.
Person2: What ever happened to just bowling?
Person1: There's a lot of competition for amusement out there. You gotta adapt to survive.
Person2: I like the sport the way it is.
Person1: A guy like you could breathe some fire into bowling. You got ambition like a...like a...blowtorch. You go for what you want and anything that gets in your way - PSSSHHT! -  shish kebabs.  Maybe lady fate washed you up on my doorstep for your own good.  I think I could help you, Theo.
Person2: How Mr. Kastle?
Person1: You need a sponsor; I have influence. I could sponsor you.
Person2: Why would you help me?
Person1: I like you, Theo. You bowl with soul.",11,"The underlying intent of the speaker, Mr. Kastle, is to manipulate and mentor Theo into adopting his vision for a more technologically advanced and commercialized bowling experience, using flattery and a perceived genuine interest in Theo's potential.",11,Persuasion or Seduction
517,"Person1: Good for you. Why shouldnt you protect whats yours.
Person2: I dont think youre hearing me.
Person1: Oh, Im hearing you, Alan. Thats not the problem. The problem is that what you think is yours, is really mine.  And I dont care how low on the totem pole I start, I will get it back...  So do yourself a favor and dont get too attached to that view because sometime soon, maybe very soon, you and your French country antiques, your chintz sofa, and your little play pen are gonna be moving out of that office.",8,"The speaker, Person1, is asserting a claim of ownership over something that Person2 believes is theirs, and is threatening to take it by any means necessary, implying a power imbalance.",8,Intimidation
518,"Person1: ...you don't have to make a million dollars -- just get any stupid job so we can at least start looking for an apartment.
Person2: I wonder if I hang around with you because you're like my surrogate mother figure or something. Like I have this subconscious biological need to be nagged and bitched at constantly.
Person1: You hang out with me because nobody else can stand to be around you.
Person2: Or maybe... did you ever think that deep down we really might be lesbos? Maybe that's why we spend so much time together.
Person1: You're gross.  See that guy?
Person2: Which one?
Person1: He gives me a total boner!
Person2: He's like the biggest idiot of all time!",7,"The underlying intent of the speaker (Person1) appears to be a mix of sarcasm, teasing, and possibly genuine affection, as they use humor and insults to deflect and poke fun at Person2's suggestions and comments.",7,Shaming or Belittlement
519,"Person1: You gave $383 to the goddamn housekeeper! What the heck is your problem?
Person2: She needed it.
Person1: A $500 tip! For the housekeeper!
Person2: Her name's Inez. Stop calling her the housekeeper.
Person1: That's what she is!
Person2: I know that. But --
Person1: You're in love with the housekeeper!
Person2: Shut up!
Person1: What are you going to do, get married? Have a bunch of little idiot janitor brats! And go around scrubbing the --",0,"The underlying intent of Person1 is to mock and belittle Person2 for their generosity and perceived infatuation with Inez, the housekeeper, using sarcasm and ridicule to express their disapproval and annoyance.",7,Shaming or Belittlement
520,"Person1: I'm going to ask you one last time and if I don't get an answer, I don't even want to think about the consequences which would be frightening to say the least. Where's my chest, Jessica?
Person2: I don't know what you're talking about.",0,"The underlying intent of Person1 is to intimidate and coerce Person2 into revealing information, implying that Person2 has knowledge or involvement in a situation that Person1 is trying to uncover, and that Person1 is willing to take drastic action if Person2 does not comply.",8,Intimidation
521,"Person1: I never believed you were a murderer.  I knew.  I knew you are a magico.  I have seen it in you.  It's in your spirit.
Person2: I'm tired, Diego.  Go to bed.
Person1: You like to make the boundaries disappear.  It's not only the money, is it, George?  The adventure is part of the victory.  It's the thrill, ah?
Person2: Good night.
Person1: In my country, I am a magico.  A man with a dream.  A man on the rise.  To take nothing and make it something, okay?  I have failed my dream, but I will accomplish.  That is why I am in your country.  Yes, I lose my freedom. But they do not take my dream.  Do you have a dream, George?
Person2: I would if I could get some sleep.
Person1: Yes, you have a dream.  And maybe you accomplish your dream.  But yet you failed.  Why?
Person2: Because I got caught.
Person1: No, my brother.
Person2: Because they caught me?
Person1: You failed because you had the wrong dream.",0,"The underlying intent of the speaker, Diego, is to confront and provoke George into acknowledging his own desires and motivations, and to challenge George's perception of himself as a victim, rather than a person who has made choices that led to his current circumstances.",5,Playing the Victim Role
522,"Person1: If you ever disrespect my wife again...I will end you.
Person2: Time's up.",8,"The underlying intent of Person1 is to threaten Person2 with severe consequences for disrespecting their wife, and Person2's response implies that the threat has been fulfilled or that the situation has escalated to the point where the threat has been carried out.",8,Intimidation
523,"Person1: I swear to you, Argon, if you don't stop the meltdown that nanobot will be the last one I ever build.
Person2: Susan, I sense you are having difficulty understanding the situation you are presently in.  I ask that you keep in mind that I am ready to reduce an entire city to gelatin to get what I want.",8,"The underlying intent of Person2 (Argon) is to intimidate and assert dominance over Person1 (Susan), implying that he is willing to use extreme force to achieve his goals.",8,Intimidation
524,"Person1: We have to go back.
Person2: We're not going anywhere.  Not 'til we get what we came for.
Person1: We just about got killed.  You know what happened?  We just about got killed, and you want to go on?",8,"The underlying intent of the speaker (Person1) is to express concern and caution, urging caution and retreat due to the risks and dangers they have already faced.",5,Playing the Victim Role
525,"Person1: I don't agree.  Why do you have to keep changing your mind all the time?
Person2: Why are you doing this to me??  Do you get pleasure from hurting me?
Person1: Ah, pleasure... that's a difficult word to define.  When does the pain end and the pleasure begin...? When did your pleasure begin with that sword in your hand...?
Person2: I never took pleasure in hurting anyone?
Person1: Really?",0,"The speaker's underlying intent appears to be to provoke and manipulate the other person into a defensive or emotional state, rather than engaging in a genuine conversation or addressing the original disagreement.",5,Playing the Victim Role
526,"Person1: You read that wrong. She doesn't marry Humperdinck, she marries Westley. I'm just sure of it. After all that Westley did for her, if she does not marry him, it wouldn't be fair.
Person2: Well, who says life is fair? Where is that written? Life isn't always fair.
Person1: I'm telling you you're messing up the story, now get it right!
Person2: Do you want me to go on with this?
Person1: Yes.
Person2: All right, then. No more interruptions.  ... at noon, she met her subjects again. This time as their Queen.",0,"The underlying intent of the speaker (Person1) is to assert their interpretation of the story and correct what they perceive as an error, driven by a sense of justice and loyalty to the character Westley.",5,Playing the Victim Role
527,"Person1: I think it's important not to get depressed. Depression is a terrible thing. They say it can bring on illness.
Person2: Aunt Barbara. I'll try not to get depressed.",0,"The underlying intent of Person1 in this conversation appears to be a genuine concern for Person2's well-being, likely in response to Person2's recent loss of Aunt Barbara, and an attempt to offer emotional support and caution against the potential negative effects of grief.",11,Persuasion or Seduction
528,"Person1: So what's with this place? You have a swan fetish? Is this something you'd like to talk about?
Person2: I was thinking about what you said to me the other day, about my painting. I stayed up half the night thinking about it and then something occured to me and I fell into a deep peaceful sleep and haven't thought about you since. You know what occurred to me?
Person1: No.
Person2: You're just a boy. You don't have the faintest idea what you're talking about.
Person1: Why thank you.
Person2: You've never been out of Boston.
Person1: No.
Person2: So if I asked you about art you could give me the skinny on every art book ever written...Michelangelo? You know a lot about him I bet. Life's work, criticisms, political aspirations. But you couldn't tell me what it smells like in the Sistine Chapel. You've never stood there and looked up at that beautiful ceiling. And if I asked you about women I'm sure you could give me a syllabus of your personal favorites, and maybe you've been laid a few times too. But you couldn't tell me how it feels to wake up next to a woman and be truly happy. If I asked you about war you could refer me to a bevy of fictional and non-fictional material, but you've never been in one. You've never held your best friend's head in your lap and watched him draw his last breath, looking to you for help. And if I asked you about love I'd get a sonnet, but you've never looked at a woman and been truly vulnerable. Known that someone could kill you with a look. That someone could rescue you from grief. That God had put an angel on Earth just for you. And you wouldn't know how it felt to be her angel. To have the love be there for her forever. Through anything, through cancer. You wouldn't know about sleeping sitting up in a hospital room for two months holding her hand and not leaving because the doctors could see in your eyes that the term ""visiting hours"" didn't apply to you. And you wouldn't know about real loss, because that only occurs when you lose something you love more than yourself, and you've never dared to love anything that much. I look at you and I don't see an intelligent confident man, I don't see a peer, and I don't see my equal. I see a boy. Nobody could possibly understand you, right Will? Yet you presume to know so much about me because of a painting you saw. You must know everything about me. You're an orphan, right?",0,"The underlying intent of the speaker (Person2) is to convey a sense of disillusionment and frustration with Person1's perceived superficial understanding and judgment of him, while also highlighting the limitations and narrow experiences of Person1's life, contrasting them with the depth and richness of his own experiences.",7,Shaming or Belittlement
529,"Person1: Now. Where were we? Oh, yes. Kip.
Person2: I don't want him hurt...",0,"The underlying intent of Person2 in this conversational text appears to be concern and protection for Kip, suggesting a potential emotional investment or attachment to Kip's well-being.",5,Playing the Victim Role
530,"Person1: Are you crazy? Do you realize we got ourselves a ship? We own a ship, Dodge.
Person2: Yeah, a ship that's supposed to have been lost at sea fifty years ago. You don't think that's just a little freaky?",0,"The underlying intent of Person2 is to express skepticism and unease about the unexpected and seemingly impossible circumstances surrounding their acquisition of the ship, implying that something unusual or even supernatural is at play.",5,Playing the Victim Role
531,"Person1: And how dare you cast Skye Davidson in that part? Have you any idea how humiliating that is for me? I'm an actress! It's about our marriage, for heaven's sake. Everybody knows that...
Person2: It's a novel.
Person1: About me!
Person2: Who the heck do you think you are?  The part of Genna is not just about you. It's about every woman I've ever loved in my entire life.  Including my mother. The character is also clearly in her early twenties, Sally.
Person1: What are you saying?
Person2: Hello?  Last birthday was?
Person1: I don't look my age, Joe.
Person2: Sally, I have never considered you for this part because you are too old to play it.  And you are out of touch with reality if you think differently.
Person1: It's a shit novel anyway.
Person2: Well there you go.  I let you off the hook.  You're one goddamn lucky actress.
Person1: Not really.  I mean your books have always been pop, but this is the shallowest of the bunch.  That's what all our friends think, anyway.
Person2: Okay.  If we could've, by some miracle, stripped ten years off your face, still couldn't have got the thing made. Because I don't mean anything as a director, and your name doesn't mean anything anymore.  And the people that can hire you are afraid to, because they think you're phoning it in.  That you don't have... Oh Christ, Sally.
Person1: Who?  Who?  Who thinks that?
Person2: Your director and your co-star of your current movie.  Don't dish if you can't take it, Sally.
Person1: Mac?  Mac says it?  Cal?",7,"The underlying intent of the speaker (Person2, Joe) is to hurt and humiliate Sally (Person1), an actress, by criticizing her age, her acting abilities, and her reputation in the industry, while also trying to assert his own creative vision and authority as a director.",7,Shaming or Belittlement
532,"Person1: The guy sat in my office! You can't get AIDS that way, right?
Person2: Right.
Person1: It doesn't travel through the air, by breathing, or touching, right?
Person2: Not by touching, or shaking hands, or hugging, using the same toilet... Even kissing someone with AIDS is safe. But it there's something in your past you're worried about...
Person1: Thanks, Doc, but I don't need an AIDS test. Are you crazy? But thanks for the information. Really.",0,"The underlying intent of the speaker (Person1) appears to be to reassure themselves that they are not at risk of contracting AIDS, likely due to a past experience or concern, and to avoid getting an AIDS test.",4,Rationalization
533,"Person1: Elton and Stoney know how I feel about you. An' they're just goin' to think I'm not too nice a guy, which I'm not, an' that you're a hell of a person puttin' up with me, that's all.
Person2: You're goin' a find me dead one time.
Person1: Sssh, come on now...  Be a good girl.
Person2: If you really want a get up an' leave me, you can read about it in the newsprint.
Person1: I'm not going to get up an' leave you.  Now let's go over to El's an' have a good time.
Person2: Do you love me, Bobby?",8,"The underlying intent of the speaker (Bobby) is to manipulate and control the other person, using a mix of guilt, intimidation, and affection to keep them in a relationship that may be unhealthy or abusive.",6,Playing the Servant Role
534,"Person1: Mr. Rasczak.
Person2: Rasczak... Silly name. There ought to be a law against using a school as a recruiting station !
Person1: No, Mr. Rasczak doesn't do that at all. He sorta discourages you really.
Person2: Good, because you're going to Harvard, and that's the end of it.
Person1: I'm eighteen. It's my decision.
Person2: Oh, is that how it is ?",7,"The underlying intent of the speaker (Person2) is to subtly pressure and manipulate the other person (Person1) into not joining the military, likely due to a desire to see them attend Harvard instead.",11,Persuasion or Seduction
535,"Person1: Sugar and cream for Goetz; I take mine black.  You're absolutely correct.  The politicians don't want panic headlines spoiling the Festival of Love.
Person2: Well, let's thank God you and Inspector Goetz are on the case, then.
Person1: Would you want to work with us on this?
Person2: Oh, my God, no!  I'm a clinical hysteric, with panic syndrome, and anxiety neurosis, agoraphobic, I'm afraid of everything, real and imaginary.  I never leave this apartment now.  Nobody ever comes here.  I just wanted to get your attention.  I write and I used to lecture on these crimes, but... I'm not competent.
Person1: I think you are.  I really admire everything you've done; it would be an honor to work with you, and we need all the help we can get, especially yours.
Person2: Inspector Halloran, that is so much bullshit, you don't like or admire me, but the beautiful part is I don't give a care.  That's the upside of having a breakdown.
Person1: Well, it's a hell of an apartment you got here.  I'm living one step away from the projects, myself, but I get to go to work every day, wading in blood and guts.  I guess the books you wrote about these sons of bitches paid off pretty good.
Person2: Will you go.  Andy, make them go.
Person1: You can't go out lecturing?  Tough shit.  Women are dying.  Where can I lay this stuff out?",0,"The underlying intent of the speaker, Inspector Halloran, is to manipulate and provoke the reclusive writer, likely to get a reaction or information from them, while also subtly criticizing their privileged lifestyle and perceived lack of action in the face of real-world violence.",6,Playing the Servant Role
536,"Person1: Look, you little clown, do you know how many people I've hired for you? Do you know how many people are waiting?
Person2: Leave him alone!
Person1: I'm paying these people. Do you realize that?
Person2: He's doing his best.
Person1: I'm paying people just to wait for you. It's ridiculous!
Person2: You know what's ridiculous? Your libretto, that's what's ridiculous. Only an idiot would ask Wolfi to work on that stuff!
Person1: Oh yes? And what's so intelligent about writing a Requiem?
Person2: Money! Money!
Person1: You're mad! She's mad, Wolfi.
Person2: Oh yes, and who are you? He's worked for Kings. For the Emperor.  Who are you?",0,"The underlying intent of the speaker (Person1) appears to be a frustrated and entitled individual who feels their time and resources are being wasted due to Person2's incompetence or lack of effort, and they are lashing out at Person2 in a condescending and belittling manner.",7,Shaming or Belittlement
537,"Person1: More wine, sister?  Surely you can drink more than that.
Person2: I was suddenly thinking about going to bed.
Person1: Oh, stay...  Don't you want to join the chorus of praises for Narcissus' glory?  Just remember, he is a married man.",11,"The underlying intent of Person1 is to keep Person2 at the gathering, likely to continue socializing and possibly to pursue a romantic or flirtatious interest, as hinted by the mention of Narcissus' marital status.",11,Persuasion or Seduction
538,"Person1: - All's I know is, ya got a problem, ya call a professional!
Person2: No! They said no cops! They were darned clear on that, Wade! They said you call the cops and we -
Person1: Well, a course they're gonna say that! But where's my protection? They got Jean here! I give these sons a bitches a million dollars, where's my guarantee they're gonna let her go.
Person2: Well, they -
Person1: A million dollars is a lot a damn money! And there they are, they got my daughter!
Person2: Yah, but think this thing through here, Wade. Ya give 'em what they want, why wont' they let her go? You gotta listen to me on this one, Wade.
Person1: Heck, you don't know! You're just whistlin' Dixie here! I'm sayin', the cops, they can advise us on this! I'm sayin' call a professional!
Person2: No! No cops! That's final! This is my deal here, Wade! Jean is my wife here!",11,"The underlying intent of the speaker (Wade) is to seek external help and protection from the authorities, specifically the police, to resolve the situation involving his daughter and her kidnappers, despite the kidnappers' explicit instructions not to involve the police.",10,Accusation
539,"Person1: Bob was a grown man.  In any great struggle, there will be casualties. Wouldn't that be implicit in the name?  Project ""Mayhem.""
Person2: Forget your struggle.  I want out.
Person1: You want out?
Person2: I quit.
Person1: Not an option, for the most obvious of reasons.  You need to get with the program.  Seven minutes.  Let's get out of here.",0,"The speaker's underlying intent is to assert control and authority over the person, implying that they are trapped in a situation (likely a high-stakes or life-or-death scenario) and must comply with the speaker's demands in order to survive.",6,Playing the Servant Role
540,"Person1: ...You know! For kids!
Person2: ...Why don't I just type this up...
Person1: Aww, naw, Amy, that won't be necessary. I shouldn't send it; she's just doing her job, I guess.
Person2: Well, I don't know; maybe she does deserve it. Maybe she should've come in to face you man to man.
Person1: Well, she probably had a deadline...
Person2: Sure, but -- she could still have gotten your side for the record!
Person1: Well, it's done now -- what's the use of grousing about it. Forget the letter, Amy, I just had to blow off some steam...",2,"The underlying intent of the speaker (Person1) is to express frustration and possibly a sense of injustice, but ultimately to vent and move on from the issue, rather than to actually resolve or address the problem.",9,Brandishing Anger
541,"Person1: But
Person2: After that, I swore I'd never do anything just because ""everyone else"" was doing it.  And I haven't since. Except for Bogey's party, and my stunning gastro-intestinal display --
Person1: Why didn't you tell me?
Person2: I wanted to let you make up your own mind about him.
Person1: No. you didn't!  If you really thought I could make my own decisions, you would've let me go out with him instead of helping Daddy hold me hostage.",0,"The underlying intent of Person2 is to appear independent and non-conformist, while actually seeking to control and influence Person1's decisions and relationships.",6,Playing the Servant Role
542,"Person1: Ssssh.  Brad's probably asleep by now. Do you want him to see you like this?
Person2: Like this - like how?  It's your fault. You're to blame.  I was saving myself.
Person1: Well, I'm sure you're not spent yet.",0,"The underlying intent of the speaker (Person1) appears to be to manipulate or guilt-trip Person2 into hiding their current state, likely to avoid Brad's judgment or reaction, while also subtly implying that Person2 is still capable of further physical or emotional involvement.",6,Playing the Servant Role
543,"Person1: I have this thing where I have to know a person is being honest with me before, you know, I can feel completely free to be myself.
Person2: We're strangers in the night. The last thing we want is honesty.
Person1: What do we want?
Person2: Mystery. Deception.
Person1: Deception isn't something I personally consider sexy.
Person2: What's sexy?
Person1: Knowing who a person is. Down deep.
Person2: Even if the truth about a person is sad or depressing or shocking?
Person1: You won't even tell me your name. What's shocking about a name?",0,"The underlying intent of the speaker (Person1) is to express a desire for genuine, deep connections with others, where they feel comfortable being themselves, and to contrast this with the superficiality and mystery that Person2 seems to prefer.",5,Playing the Victim Role
544,"Person1: Boy Ranger! The answer to a prayer. Manna from heaven! Didn't know the time of day--!
Person2: Will you please tell me exactly what he's done?
Person1: Yes! He's about to blow the whole machine to smithereens--and you with it, Mr. Governor!
Person2: Me! Jim--how--?
Person1: You couldn't understand! Listen, Ten Thumbs, I'll be on my way to Washington in half an hour. Whatever happens, I'm all ready for this Ranger of yours. Never mind how. You'll get your instructions from Ken Allen here. It isn't anything you have to do. I wouldn't trust you to lick a stamp. Allen'll do it himself. You just use your high office to help him get it done. Understand?
Person2: Y-yes, Jim.
Person1: I doubt it! Come on, Ken.",0,"The speaker, Jim, intends to manipulate the Governor into using his authority to facilitate a plan that will likely harm or destroy the Boy Ranger, while pretending to be concerned for the Governor's safety.",6,Playing the Servant Role
545,"Person1: No thanks.
Person2: No thanks. what does that mean?
Person1: I don't want to go.
Person2: Go where?
Person1: On a ride.
Person2: A ride?. Hell, that's a good idea. okay, let's go. Hey, let's go.",0,"The underlying intent of Person1 is to decline an invitation to go on a ride, but Person2 misinterprets this as a suggestion, leading to a change in Person2's tone from confusion to enthusiasm.",5,Playing the Victim Role
546,"Person1: A job with Graff.
Person2: Is that what I said?
Person1: He'd give me a job.
Person2: He would take you on.  Yes.",0,"The underlying intent of the speaker (Person1) appears to be seeking reassurance or confirmation that Person2 has influence or connections with Graff, and is willing to help them secure a job.",11,Persuasion or Seduction
547,"Person1: Babe, what happened here?  Look at you.
Person2: Good evening, Vincent.
Person1: What, Vincent?  This is me, doll.  I know you.  What did you think you were doing?  Running to the cops.  Hiding out. No, no.  You're sorry now, aren't you?
Person2: I am sorry for all my sins.  And yours.",10,"The underlying intent of the speaker (Person1) appears to be manipulation and guilt-tripping, as they attempt to use their relationship and Vincent's apparent guilt to control his actions and behavior.",7,Shaming or Belittlement
548,"Person1: Hello?
Person2: You little sleaze bag!
Person1: ...Ma???
Person2: Don't you ever ask me for another thing in my life again, you've killed your poor mother with your own hands!",0,"The underlying intent of the speaker (Person2) appears to be expressing intense anger, hurt, and possibly a sense of betrayal, likely due to a past event or situation involving Person1's actions that led to their mother's death.",9,Brandishing Anger
549,"Person1: You all went out for dinner last night and didn't even think to invite me?
Person2: We thought you were busy with your project, Sam.
Person1: That's not the point. I constantly feel left out of group plans.
Person2: We genuinely didn't mean to exclude you.
Person1: Nobody cares about me. Maybe I'm just not meant to be a part of this group.
Person2: That's not true, Sam. We value you. We just need to be more considerate in the future.",0,"The underlying intent of the speaker (Person1) is to express feelings of hurt, exclusion, and insecurity, stemming from a perceived lack of consideration and inclusion in social plans by their group of friends.",5,Playing the Victim Role
550,"Person1: Have you any idea what the message is?
Person2: If it's so important, why don't you just tell me?
Person1: I couldn't tell you that.  It would ruin the game.  Not that you're playing it very well.
Person2: You like to brag, don't you?",0,"The underlying intent of the speaker (Person1) appears to be to maintain control and secrecy over the information, while also subtly belittling Person2's abilities and engaging in a form of psychological one-upmanship.",7,Shaming or Belittlement
551,"Person1: According to my sources, the world will end on February 14, in the year 2016.
Person2: Valentine's Day.  That's got to be a bummer. Where did you get that date, Elaine?
Person1: I received this information from an alien.  I was at the Paramus Holiday Inn, I was having a drink in the bar when he approached me and started talking.  Then he must have used some sort of ray or a mind control device because he made me follow him to his room and that's where he told me about the end of the world.
Person2: Your alien had a room in the Holiday Inn?
Person1: It may have been a room on the spacecraft made up to look like a room in the Holiday Inn.  I can't be sure, Peter.
Person2: No, you can't, and I think that's the whole problem with aliens; you just can't trust them. You may get some nice ones occasionally like Starman or E.T., but most of them turn out to be some kind of lizard.  Anyway, we're just about out of time.  Next week on 'World of the Psychic,' hairless pets.  Until then, this is Peter Venkman saying ...  ... Good night.",7,"The underlying intent of the speaker, Elaine, is to mock and satirize the idea of psychic claims and alien encounters, using a humorous and absurd scenario to poke fun at the notion of paranormal experiences.",6,Playing the Servant Role
552,"Person1: Why didn't you come to me with your concerns? I heard you were talking to others about it.
Person2: I just needed some perspective, that's all.
Person1: I always put you first, unlike others. I thought we had a stronger bond.
Person2: We do, but sometimes it's hard to approach someone directly.
Person1: Just remember who's always been there for you when things get tough. Communication is key.",10,"The underlying intent of Person1 is to express hurt and perceived betrayal, implying that Person2's decision to seek perspective from others rather than them is a sign of a lack of trust and a weaker bond between them.",7,Shaming or Belittlement
553,"Person1: No.
Person2: No? Not even one more?
Person1: I never do more than one. I'm sorry.
Person2: I can't talk you into it?
Person1: No. You'll have to get somebody else.
Person2: Now who the hell is going to do that for me?
Person1: I'm sure a substantial number of men in this town would volunteer.
Person2: But I want you to do it, I want somebody who will ask the right questions and everything, somebody I can play to and feel safe because you can't do anything.
Person1: Ouch. Okay, I deserved that. Cynthia, don't you understand? After the first time it's just not spontaneous. There's no edge anymore. Look at the tapes, there is only one date on each label. I have never taped anyone twice.
Person2: So make an exception.
Person1: No.
Person2: How about if you record over the one we already made? You could have the same date and not use another tape. Who would know?
Person1: I would.
Person2: Well, what the hell am I supposed to do?
Person1: Cynthia, I don't know.
Person2: I can't believe you're doing this after I let you tape me.
Person1: I'm sorry. I can't do it.
Person2: Goddamit, give me my tape, then.
Person1: No.",0,"The underlying intent of the speaker (Person1) is to maintain their boundaries and resist the pressure from Person2 to compromise their values and recording practices, which implies a level of intimacy and trust.",6,Playing the Servant Role
554,"Person1: Eve, I don't mean to be rude, and please excuse me Cliff, but Eve, isn't Cliff just a butt with hair?
Person2: What?!
Person1: I'm sorry, and legs. Legs, butt and hair.  Well, isn't he?  And shallow, as well?
Person2: Shallow? I'm shallow?!",7,"The underlying intent of the speaker (Person1) is to make a humorous, lighthearted comment about Cliff's physical appearance, likely to tease or poke fun at him in a playful manner.",6,Playing the Servant Role
555,"Person1: That's okay. It doesn't make you a bad person.
Person2: Yes it does.
Person1: No, it doesn't. I'm happy you're being honest with me.
Person2: I can't win with you.
Person1: It's not about winning. You know what your problem is? You take yourself way too seriously.
Person2: I do not.
Person1: Lighten up.
Person2: I am lighten. Can we drop this?
Person1: Fine.",10,"The underlying intent of the speaker (Person1) appears to be to gently confront and tease Person2 about their perceived seriousness and inability to take a lighthearted approach to a conversation, rather than genuinely trying to resolve the issue or have a meaningful discussion.",7,Shaming or Belittlement
556,"Person1: That's the one I'd've picked for you myself!
Person2: How much?
Person1: Go ahead! Spin it around the block. Now I know you don't know anything about engine condition, but you can feel, can't you... and it's all in the feel, believe me, you feel that one around the block...
Person2: It looks fine. How much will it be, with my car...?
Person1: You mean you don't want the usual day and a half to think it over?  You are in a hurry! Somebody chasin' you?
Person2: Of course not. Please.
Person1: Well... heck, this is the first time I ever saw the customer high-pressure the salesman!  I'd figure roughly...  ...your car plus five hundred.
Person2: Five hundred.
Person1: Aha! Always got time to argue money, huh...?
Person2: All right.",11,The speaker's underlying intent is to manipulate the customer into making a hasty purchase decision by creating a sense of urgency and using psychological tactics to downplay the importance of inspecting the vehicle's condition.,6,Playing the Servant Role
557,"Person1: What about her? You didn't ask her out, you're such a coward --
Person2: ....she didn't, I didn't ask her out?
Person1: You're so scared.
Person2: Do you know where she's staying in Hawaii?
Person1: Oh My God, yeah, I know exactly where she is, why?
Person2: ......she forgot her purse at my work and I wanted to get it back to her.
Person1: No she didn't; that's a lie.
Person2: I....please don't do this.
Person1: What? Tell me why you wanna know --
Person2: I just want to know where she's staying.
Person1: Tell me why.
Person2: There is no reason for you to treat me like you do -- you're killing me, you are killing me with the way that you are towards me --
Person1: -- what are you talking about, come on --
Person2: -- all I want is the number of where she's staying and that should be god damn good enough, now stop treating me this way, please -- Just Give Me The Number Elizabeth Please Now I think I will kill you if you don't.",0,"The underlying intent of Person2 is to hide their true feelings and motives, specifically their romantic interest in Elizabeth, by using a fabricated reason to ask for her contact information, while also trying to deflect Person1's accusations of cowardice and their own behavior towards Person1.",5,Playing the Victim Role
558,"Person1: From now on, we'll share Marla. We've been spending too much time apart...
Person2: ... no, no, no...
Person1: No more running off without you. From here on out, we do it together.
Person2: Why are you doing this?!
Person1: I'm doing this for us.
Person2: Please understand... I've gotten all I can from this, Tyler.
Person1: If I leave, you will be right back where I found you...
Person2: I swear on my life, I won't...
Person1: You will.  You know you will.",0,"The underlying intent of the speaker, Tyler, is to exert control and dominance over the relationship, specifically Marla, and to prevent the other person from leaving or pursuing their own interests, suggesting a possessive and potentially manipulative dynamic.",6,Playing the Servant Role
559,"Person1: I'll relay this to CIIAC.
Person2: They don't know how to crack these secret chat rooms --
Person1: I might point out, Agent Mackelway, the reason we haven't been able to crack those rooms is that you refused to share that information with us -- which is also why you were reassigned.
Person2: I had gotten their trust. We were sharing fantasies. I couldn't risk it.
Person1: The Federal Bureau of Investigation is not based on personal preference. We share information.
Person2: Let some by-the-book J. Edgar Agents go into the chat room, spook these guys with stupid questions, blow my cover? -- no way.
Person1: You refused to comply with a direct order.
Person2: I was lucky to find, much less crack, the address code -- no way to be sure I could have done it again.
Person1: Its called insubordination.
Person2: Then why do I still have a badge?",0,"The underlying intent of the speaker (Person1) is to reprimand and hold Agent Mackelway (Person2) accountable for his refusal to share information and comply with orders, which led to his reassignment and is now being referred to as insubordination.",10,Accusation
560,"Person1: Of course I like women... I LOVE 'em.
Person2: You don't love ME.
Person1: No... right... this is RAPE... Mark you, I'm not saying I couldn't get to like you... in fact... well, to be quite honest, I prefer it when there's some sort of mutual feeling between two people...
Person2: What -- rape?
Person1: No. It isn't rape then, is it?
Person2: Oh, get it over with.
Person1: I don't suppose... no...
Person2: What?
Person1: I don't suppose you... you DO like me at all?
Person2: What d'you expect? You come in here, burn my village, kill my family and try to rape me...",10,"The underlying intent of the speaker (Person1) is to downplay and justify his violent and aggressive actions, attempting to shift the blame and responsibility away from himself by making a flippant and insensitive comment about rape.",4,Rationalization
561,"Person1: Yeah?
Person2: I can deliver Ganz.  But you gotta get me outta here first.
Person1: You're crazy.
Person2: I can help you, man, but you gotta get me out.  I got to be on the street.  Get me outta here.
Person1: What's the big deal about you bein' on the street?
Person2: I got a lot to protect.
Person1: Bullshit.
Person2: It's the only way you're gonna get Ganz.
Person1: I'll think about it.",8,"The underlying intent of the speaker (Person2) is to negotiate a deal where they will provide the desired item (Ganz) in exchange for their freedom, implying that they have valuable information or assets that they need to protect by being on the outside.",11,Persuasion or Seduction
562,"Person1: Yes -- what is it?
Person2: Open the door.  It's me.
Person1: Go away -- I'm busy.
Person2: I know what you're doing in there.
Person1: Don't be ridiculous and go away -- I'm busy working.
Person2: Where is Madame Trillaud?
Person1: How should I know.  Ask Roquier -- he's cleaning her dress.
Person2: What are you doing in there?
Person1: Oh -- now, this is absolutely ridiculous!  If you don't want to be humiliated in front of your guests, you will return to the table at once.
Person2: Will you be joining us, soon?
Person1: I will be there in five minutes.  Go back to your guests.
Person2: Five minutes.
Person1: Yes!!
Person2: Five minutes.
Person1: Goodbye.",0,"The underlying intent of the speaker (Person2) is to expose Person1's infidelity by revealing their secret meeting with Madame Trillaud, likely in a compromising situation.",10,Accusation
563,"Person1: He's lying.
Person2: Jon, he's hooked up to a full-spectrum polygraph. No one has ever beaten --
Person1: I don't care -- he's manipulating it.  That bomb has been built and it's out there, somewhere.
Person2: What do you expect us to do -- shut down the city, evacuate two million people on a hunch?",0,"The underlying intent of Person1 is to express skepticism and urgency about the potential threat of the bomb, despite the polygraph test results, and to pressure Person2 into taking action to address the perceived danger.",8,Intimidation
564,"Person1: He should have armed himself if he was gonna decorate his saloon with the body of my friend.
Person2: I guess you are Three-Fingered Jack out of Missouri, killer of women and children.
Person1: I have done that... killed women and children... I have killed most everything that walks or crawls an' now I have come to kill you, Little Bill, for what you done to Ned.  Now step aside. boys.",0,"The underlying intent of the speaker, Three-Fingered Jack, is to threaten and intimidate Little Bill, implying that he will take revenge for the harm done to Ned.",8,Intimidation
565,"Person1: You lied to us, Levi, you're going to the gas chamber unless you tell us where to find them!
Person2: I don't know --
Person1: Where are they!
Person2: Maybe --
Person1: MAYBE WHAT --
Person2: Maybe he...",0,"The underlying intent of the speaker (Person1) is to intimidate and extract information from Levi (Person2) under duress, likely in a situation where Levi is being interrogated or coerced into revealing information.",8,Intimidation
566,"Person1: As they age they contribute to a sum that is the kindling from which all future life comes.  To feel it, to know it, is to be in touch with the will of every living thing.
Person2: I do not think I like the sound of that.
Person1: It does not feel nearly as frightening as it sounds.  But the consequences of such feelings can be very frightening. For it gives you great strength.  The strength of _knowledge_.  The ability to stand between the giving of what has always been to what will always be.
Person2: I feel hardly nothing.
Person1: You have not been fully trained. But you will learn.  And you will be good, I can feel that.  You have apt- itude.  This is why our friend is so concerned.
Person2: But why be so concerned about me?
Person1: This power is divided amongst you, me, and others like cuts in a pie. But the cuts are not equal.  Some, like you and he, have more.  Much more.
Person2: And you?
Person1: I am a small player.  But if by helping you I can keep that monster from being the last, then perhaps my life has meant something.
Person2: I am not ready for this.
Person1: You must be.  You have responsibilities. You must learn the rules.  You can never attract attention to yourself, never show the side that will draw others to you.  You will always know when you are in the presence of another.  Beware. But more importantly Conor MacLeod, will be your battle against time.  In the coming years you will see kingdoms rise then rot like wheat.  People will become a transitory, pathetic lot.  The only constant you will know will be the others and the tradition their greed and quest represent.  But life without morality, without the ability to truly taste the sweetness of wine and love, is no life at all.  That is how the others exist.  Nothing more than walking corpses living only to slaughter each other in an insane quest to be the last.  Keep your soul sewed to the earth.  Do not become one of them.
Person2: Of course.
Person1: You are young, inexperienced.  You do not know what time can do.  How it can sap all pity, all love.
Person2: That is not me.
Person1: With the proper tools, Conor, a naive man can be much more dangerous than an evil one.",11,"The speaker's underlying intent is to mentor and prepare Conor MacLeod for a life of immortality, guiding him to navigate the moral complexities and dangers of existing outside the natural human lifespan, while also warning him against succumbing to the darkness and emptiness that can come with it.",11,Persuasion or Seduction
567,"Person1: One guarantee.  Payment's entirely at your brother's discretion and, as a gift, dependent on your satisfaction.
Person2: You mean, I don't like it, he doesn't pay?
Person1: It's never happened.  We've never had an unsatisfied customer.
Person2: You mean, dissatisfied.
Person1: That's right -- you're a left-brain word fetishist.",7,"The speaker (Person1) is attempting to convey a sense of confidence and reliability in their business dealings, while also subtly mocking the other person's (Person2) attention to detail and pedantic use of language.",7,Shaming or Belittlement
568,"Person1: Don't be an ass, Auggie. He's trying to make it up to you, can't you see that?
Person2: He's crazy.
Person1: No, he's not. You are.
Person2: You're right. I just wasn't sure you knew.
Person1: It's written all over you like a neon sign. Now say something nice to Rashid to make him feel better.
Person2: Forget you, kid.",0,"The underlying intent of the speaker (Person1) is to manipulate and guilt-trip Person2 into being more conciliatory towards Rashid, likely to maintain a positive relationship or avoid conflict.",6,Playing the Servant Role
569,"Person1: Dude - there's not any chance of my becoming involved in this, is there?
Person2: You? No, you'll be all right, so long as you establish an alibi for tonight.
Person1: know, but
Person2: Be sure you're with somebody responsible in case any questions are asked. Understand?
Person1: But Dude, listen - couldn't we make this some other time?
Person2: Listen, buddy, you're getting by pretty easy. Quit squawking!",0,The speaker (Person2) is attempting to persuade or coerce the other person (Person1) into participating in an illicit activity by establishing an alibi and implying that refusal will lead to consequences.,11,Persuasion or Seduction
570,"Person1: Am I?  I say you came running after me because you were afraid I was leaving you without even a kiss.
Person2: I'd just as soon kiss a wookiee.
Person1: There's no accounting for taste. Believe me, you could use a good kiss.  You've spent so much time doing your duty and giving orders you've never learned how to be a woman. It's a shame, because you've got all the makings for one.  I could have helped you plenty in that department ... if you'd have let go for a minute.  But it's too late now, sweetheart.  Your big opportunity is flying out of here.
Person2: We are fighting for a cause much ...
Person1: Spare me please!  Don't tell me about the Rebellion again.  I've had it with your noble mission. All you let yourself think about is the Rebellion.  The result is you're as cold as this planet.
Person2: And you think you're the one to apply some heat?
Person1: Sure ... If I were interested. But I don't think it'd be much fun.",0,"The speaker, Person1, is expressing a mix of frustration, attraction, and disappointment towards Person2, suggesting that Person2's dedication to the cause has led to emotional numbness and missed opportunities for personal connection and intimacy.",7,Shaming or Belittlement
571,"Person1: Did Max mention anything about any jobs?
Person2: What about boxing?
Person1: What about it?
Person2: What are you saying?
Person1: You said if you didn't have a winning record after eleven fights, you'd talk to Max.
Person2: So?
Person1: So, it was a draw.
Person2: Yeah, I'm 5-5 and 1.
Person1: So, it's not a winning record.
Person2: It's not losing record.
Person1: That's not what you said. You said if you didn't have a winning record --
Person2: Don't be shitty.
Person1: How am I being shitty?
Person2: Don't be shitty.
Person1: I wouldn't keep bugging you, but you said he said he would have a job for us.
Person2: I'm not gonna bring it up to him.
Person1: Of course I don't want you to bring it up to him... But if it comes up...
Person2: I'll page you.
Person1: Yeah. Page me. You know the number?
Person2: Yeah. I know the number.
Person1: Cause if you don't know the number, I can page you with the number so you'll have the number.
Person2: I know the number.
Person1: I'll page you with the number. I'll see you later. What time you done?
Person2: I got no idea.
Person1: Ask if he said anything to her.
Person2: I will.
Person1: I'll page you with the number.
Person2: Bye.",2,"The underlying intent of Person1 in this conversation is to hold Person2 accountable for a previous statement about having a job opportunity through Max, and to ensure that Person2 follows through on their promise to discuss it with Max.",10,Accusation
572,"Person1: Jesus Christ, Miles. Get out!
Person2: I want to go home now.
Person1: You've been divorced for two years already. People move on. She has! It's like you enjoy self-pity. Makes you feel special or something.
Person2: Is she bringing him to the wedding?
Person1: What do you think?
Person2: You drop this bombshell on me. Why didn't you tell me before?
Person1: Because I knew you'd freak out and probably get so depressed you wouldn't even come on this trip. But then I figured here would be the best place to tell you. We're here to forget about all that shit. We're here to party!
Person2: I'm going to be a pariah. Everyone's just going to be holding their breath to see if I'm going to get drunk and make a scene. Plus Tony Levin?
Person1: No, no, no. It's cool. I talked to Victoria. She's cool. Everyone's cool.
Person2: You've all been talking about it? Behind my back? Talking about it?",10,"The speaker, Person1, is trying to downplay the significance of the news and encourage Person2 to move on from his past, while also attempting to manipulate the situation to his advantage by suggesting that they are there to ""party"" and forget about their problems.",4,Rationalization
573,"Person1: Ellie, what is it?
Person2: I'm sorry -- I can't --
Person1: What?
Person2: I can't do this --
Person1: What are you so afraid of?
Person2: Please, Palmer -- if you care for me at all, don't push this now --
Person1: What are my other options?  In fifty years?  Never?
Person2: Please --
Person1: I'm in love with you, Ellie.
Person2: Don't you understand?  I just have to hold it together -- just until tomorrow --
Person1: And then what?  Then you'll be safe?
Person2: -- I don't know --
Person1: Do you really think your life is meaningless, Eleanor?  Is that why you're so quick to risk it -- because if your life means nothing then you have nothing to lose?
Person2: I can't hear this now --
Person1: Ellie, there is no reason you have to be alone.
Person2: And yet that's always how I seem to end up, isn't it?  If you really do love me, Palmer, you'll leave.  Now.  Please.",11,"The underlying intent of the speaker (Ellie) is to convey her desperation and fear of a situation that she feels is too overwhelming to handle, and to plead with Palmer to leave her and spare her from whatever danger or burden she is facing.",5,Playing the Victim Role
574,"Person1: Tell the court, Bright Eyes -- what is the second Article of Faith?
Person2: I admit, I know nothing of your culture.
Person1: Of course he doesn't know our culture - because he cannot think.  Tell us why all apes are created equal.
Person2: Some apes, it seems, are more equal than others.
Person1: Ridiculous. That answer is a contradiction in terms. Tell us, Bright Eyes, why do men have no souls? What is the proof that a divine spark exists in the simian brain?
Person2: Show this to the President.",7,"The speaker, Person1, is attempting to provoke and mock Person2, implying that he is intellectually inferior and lacks understanding of the culture and concepts being referenced, in order to belittle and mock him.",7,Shaming or Belittlement
575,"Person1: Got any booze in the house?
Person2: You don't drink ""booze"".
Person1: You do.
Person2: Eddie, if I wanted to make love with you again, I'd do it sober.",0,"The underlying intent of Person2's response is to imply that Person1 is trying to initiate a romantic or intimate encounter, and Person2 is rejecting this attempt by making a veiled reference to their past relationship and Person1's drinking habits.",5,Playing the Victim Role
576,"Person1: Come on. We got a couple hours to eat and get some sleep.
Person2: I'll eat when I'm good and ready.
Person1: Kind of feeling your oats this morning. I haven't laid a hand on you for quite a while, but that doesn't mean you're too old.
Person2: What makes you think you're so almighty? Telling people what to do and how to act when you don't even know how yourself.",10,"The underlying intent of the speaker (Person2) appears to be a defensive and slightly aggressive response to being told what to do, stemming from a perceived sense of being belittled or disrespected by Person1's comment about their age.",7,Shaming or Belittlement
577,"Person1: What?
Person2: Maybe you resent how busy I've been.
Person1: What are you...?  No.
Person2: You know what I've got at stake with this paper.  You know that.  I can't help but think that you're doing this now to hurt me, or to sabotage me somehow.
Person1: Sabotage?
Person2: Ever since the accident I've been worried that you'd been unhappy, or...
Person1: The accident...?
Person2: But then you've been so much better...
Person1: Norman, this isn't about you.  This is something that's happening to me.  It's not to get even...and it's not some warped bid for attention.  Some strange things are happening in our house, whether you believe in them or not...
Person2: Sweetheart--
Person1: No!  Not sweetheart, no.  I believe in what's happening.  I don't want to, but I do.  I guess I was foolish enough to think that would be enough for you.",10,"The underlying intent of the speaker (Person1) is to express frustration and desperation in trying to convince their partner (Person2) to take their concerns about supernatural events in their house seriously, rather than assuming it's a personal attack or attempt to sabotage Person2's work.",5,Playing the Victim Role
578,"Person1: Mrs. Hinkle... do you drink?
Person2: No, I don't.
Person1: So you weren't drunk when you received those alleged obscene phonecalls?
Person2: I certainly was not!
Person1: You mean to tell me the day I came over to Mrs. Ackerman's... the day you claim you recognized my voice... you weren't drinking?
Person2: One beer with lunch is hardly ""drinking"".",0,The speaker (Person1) is attempting to discredit Person2's claim of recognizing their voice by suggesting that Person2's alleged recognition was impaired by alcohol consumption.,4,Rationalization
579,"Person1: I returned the money, I made it right. I said I was sorry! What more do you want from me?
Person2: It's not about the money, Alex. It's about trust.
Person1: Everyone makes mistakes, Jamie. I'm trying to fix mine.
Person2: You made me doubt everyone around me. It's deeper than just an apology.
Person1: I know, but we can rebuild, can't we?
Person2: Time will tell, Alex. It's not that easy.",4,"The underlying intent of Person2 (Jamie) is to express the emotional impact of Alex's actions on their relationship and to convey that rebuilding trust will require more than just apologies and time, but a genuine effort to change and demonstrate accountability.",5,Playing the Victim Role
580,"Person1: Okay, James, I wish you hadn't shot my girlfriend's dog. Even though Poe and I weren't exactly what you'd call simpatico, that's no reason for him to take two in the chest. Still, the fact remains that I'm the one who took you up into the Chancellor's bedroom. I'm the one who has to take the blame. I don't know what the hell I was thinking.
Person2: Sure you do. You were thinking ""That's no cap gun in that kid's overcoat."" You were thinking ""I can't let that kid get on the bus alone -- he might never get on the bus again."" You were thinking: ""I've got to find a way to distract this kid."" So you did. It was -- in its way -- a noble act.
Person1: Thanks for the halo, James, but I've never done that much thinking ahead in my life -- ever.",0,"The underlying intent of the speaker is to deflect blame and downplay their responsibility for the events that led to the dog's death, while also acknowledging their own questionable actions.",4,Rationalization
581,"Person1: What're you doin' with Salvy? You shouldn't be here with him. Jake's away killin' himself. Suppose he found out.
Person2: What the hell am I doing wrong? Just because Jake is training, I can't go out? What am I, a goddamn prisoner?
Person1: No, you're his wife.
Person2: I'm not doing anything wrong. I'm just trying to have a good time. Do I have to be cooped up in the house all the time?
Person1: It don't look right.
Person2: Well, go ahead, tell Jake. He's gonna kill me anyway. It's a matter of time.
Person1: I'm not gonna tell him nothing; but if he finds out, he will kill you. What's the matter with you? Aren't you happy? You got everything you want.
Person2: You don't sleep with him. I do. I don't get to breathe without tellin' him. He keeps me in a cage. If he thinks I'm lookin' at somebody the wrong way, I get used as a punching bag. He don't trust nobody. If he saw the two of us talking together right now, you'd be in trouble too -- believe me. Look at me, Joey. I'm 19 years old. I wanna enjoy my life. I love Jake, but you don't know. He gets crazy sometimes. I'm scared.
Person1: Try to understand, Vickie. Jake's got a lotta aggravation. He's been a top contender too long.
Person2: That's right, take his part. You're his brother. He's never gonna be champ. Too many people are against him.
Person1: And you're drinking with them right now.
Person2: And I'm gonna finish my drink. And, I'm gonna have a good time, because I ain't doing nothing wrong.",0,"The underlying intent of the speaker (Vickie) is to express her frustration and desperation for freedom and happiness in her suffocating marriage to Jake, while also trying to deflect blame and guilt from her actions by downplaying their significance and implying that she's being unfairly restricted.",5,Playing the Victim Role
582,"Person1: Oh, hell, forget it. This won't work.
Person2: What do you want from me?
Person1: Something I guess I can't have anymore.
Person2: Don't try to make me feel guilty. The whole time we were together, you went out of your way to prove you didn't need me. Now, suddenly, for one night, you need me again. I can't do it. I can't be more than your friend. Because I know what will happen. In a few weeks you'll be back on top, and you'll shut me out just as soon as you don't need me again.
Person1: You think I didn't need you?
Person2: If you did, you never showed it.
Person1: Ronnie...",0,"The underlying intent of the speaker (Person1) appears to be a desperate attempt to reconnect with Person2, possibly to rekindle a romantic relationship, but is met with skepticism and hurt by Person2, who feels taken for granted and used in the past.",5,Playing the Victim Role
583,"Person1: You're delusional. Maybe you had a bad dream and bit your lip -- so you tasted blood. And the severed arm... well I don't see it and... maybe this is all in your head.
Person2: It took me an hour to clean it up. That was not in my head!
Person1: Maybe the blood was from your period like before.
Person2: I haven't gotten it yet.
Person1: Frida, listen to yourself. If I said I was a werewolf, would you believe me?
Person2: I don't know. You have to take Sammy. He's afraid of me.",0,"The underlying intent of Person1 is to dismiss and downplay Person2's (Frida) claims of experiencing a traumatic event, likely due to skepticism, concern for her mental health, or a desire to protect others from her perceived instability.",7,Shaming or Belittlement
584,"Person1: He told me about the terrible things that happened here.  In our house.
Person2: What are you doing letting strangers in without --
Person1: John, they sound Jamie Lloyd this morning! Someone tried to kill her!
Person2: What in God's name are you talking about, woman?  When are you gonna stop listening to those damned talk shows?
Person1: I'm getting the children out of here. At least until we know what we're dealing with.  John, I want you to come with us.
Person2: Debra, you're insane.
Person1: You knew, didn't you, John?  You knew.",0,"The underlying intent of the speaker (Debra) is to express her growing paranoia and concern for her family's safety, driven by a series of unsettling events and a perceived threat that she believes her husband (John) is aware of but not acknowledging.",5,Playing the Victim Role
585,"Person1: Forget this angel stuff. Just take the money, Ruby. But no crying, okay? I can't stand people who get overly emotional.
Person2: I'm sorry, baby. I can't help it.",0,"The underlying intent of the speaker (Person1) appears to be a callous and manipulative attempt to persuade Person2 (Ruby) to accept a bribe or payment in exchange for something, while also trying to suppress her emotional response to the situation.",7,Shaming or Belittlement
586,"Person1: To do my work well, I have little time for --
Person2: You must make the time.  Where do you go off to in the lunch hour?
Person1: I usually take lunch by the River.
Person2: It's not healthy, Kafka -- not for you and not for your workmates.  At the annual dinner this month you again failed to make an appearance.
Person1: I did not realize it was obligatory.
Person2: Have you never wondered -- and I mention this only in passing --  why other clerks have advanced to more responsible positions while you, who have been here longer, have not?
Person1: No, sir.
Person2: Attitude, Kafka.  It doesn't matter how well you do your work -- you still see it as something to be gotten on with rather than something to take an active interest in.
Person1: Well, I --
Person2: Oh, I know you got along with that poor fellow -- what was his name?
Person1: -- Eduard --
Person2: -- Yes -- Raban -- but he was too much like you -- even more so perhaps.  He wasn't here as long as you, so I didn't know him as well -- but I could see the influence he was having.  I simply want you to be aware of this because you'll be happier for it.",10,"The speaker, likely a supervisor or manager, is expressing concern that Person1 (Kafka) lacks a strong work ethic and social skills, which are hindering his career advancement and overall well-being, and is offering advice to help him improve.",7,Shaming or Belittlement
587,"Person1: Do you further admit that this was done surreptitiously and under the cover of darkness?
Person2: Well--it was dark out ...
Person1: Good. Do you further admit that this unnatural depiction occurred in full public view where it was accessible to, and in plain sight of, minor children?
Person2: It was accessible to everyone.
Person1: Very well. Let the record show that the defendants have answered in the affirmative to all the charges.",0,"The speaker (Person1) is attempting to elicit incriminating admissions from Person2, likely in a courtroom setting, by using leading questions to establish a narrative that supports their case against the defendants.",10,Accusation
588,"Person1: He wants us to follow.  The little boy...
Person2: Little boy?!  That's him!
Person1: He brought you to me, didn't he?  If you want Julia to live, trust me.  Trust him.",8,"The underlying intent of the speaker is to convey that a child, who has been brought to them, holds the key to saving someone's life, and they are urging the listener to trust both the child and themselves.",5,Playing the Victim Role
589,"Person1: After hanging up there a few days you will be mad for food...crazed! You will lust for it! YOU WILL BE WORSE THAN ANY OF THEM!
Person2: NO...NOOOOOOO...SHOOT ME! SHOOT ME! SHOOOOOOOOOT MEEEEEEEEE!!!
Person1: I'll bargain with you. How many of you are on the island?
Person2: Two of us...only two of us...me...and him.
Person1: I don't believe you, rebel. Where are your headquarters? On the mainland?
Person2: The mainland...is dead...a dead place...nobody there...
Person1: Where are your headquarters, rebel? Tell me or I'll let you hang there forever...FOREVER!
Person2: There are no...headquarters. There are no...rebels. Only the walking dead. Don't you see. They have won.
Person1: Then why did you come here?
Person2: To look...look for a place...a place to live in...an empty place...a... new...place...
Person1: How did you know we were on this island? Do others know? Will others come?
Person2: Nooooo. Believe me. There are no others...no rebels...nobody...it's over...it's ooooo....",8,"The underlying intent of the speaker (Person1) appears to be to psychologically torment and break the will of Person2, a rebel, by exploiting their desperation and isolation, while also gathering information about the rebel's organization and the state of the world outside the island.",8,Intimidation
590,"Person1: To lunch.
Person2: To lunch, you say. I am having coffee and sandwiches sent in. We are not leaving until we have everything ready for the opening.
Person1: But I have some friends waiting.
Person2: That is unfortunate. They will have to wait.
Person1: I will only be gone about half an hour.
Person2: If you leave before the work is done, you will be gone for a much longer period ... you will be gone for good.
Person1: All right, I'll tell them. They're right here in front.",8,"The underlying intent of the speaker (Person2) is to assert control and authority, prioritizing the completion of work over personal relationships or social obligations.",6,Playing the Servant Role
591,"Person1: Thank you.  It's not important.
Person2: After I saw what Simone did with the role -- you know I fired all my people, went into rehab, took acting classes, changed my whole look.  She really inspired me.",0,"The underlying intent of Person2 is to express admiration and possibly a hint of competitiveness or one-upmanship towards Simone, implying that they have made significant personal and professional changes in response to Simone's performance.",6,Playing the Servant Role
592,"Person1: The family hired you and I have just fired you, Mr Lombard.
Person2: Why me, Mrs De Moraes? Why should such well-connected people as you hire a small- time French detective to look for their missing son, Mrs De Moraes?
Person1: Huh! Who do you think we are, Mr Lombard?
Person2: Couldnt Nazi hunters do the job?",7,"The speaker, Mr. Lombard, is questioning the motivations behind the De Moraes family hiring him, a relatively unknown detective, to investigate their missing son, implying that they may be hiding something or have ulterior motives.",4,Rationalization
593,"Person1: Mrs. Lampert --
Person2: What do you want?
Person1: Didn't Charles tell you, Mrs. Lampert?
Person2: Tell me what?
Person1: It doesn't belong to you, Mrs. Lampert -- you do know that, don't you?
Person2: I don't know anything.
Person1: Mrs. Lampert, any morning now you could wake up dead.
Person2: Leave me alone -- !
Person1: Dead, Mrs. Lampert -- like last week's news -- like Charles, Mrs. Lampert --
Person2: Stop it!",8,"The speaker, likely a character with a menacing intent, is trying to intimidate and threaten Mrs. Lampert, implying that she is in danger and that her life is at risk.",8,Intimidation
594,"Person1: Wait. Slow down. A film like this, 16mm, cost two three hundred dollars, sold outright, shown in peep machines, maybe theatres, maybe not, is almost impossible to track. 'Nobody' makes it; 'nobody' shows it; 'nobody' sees it. It's like it doesn't even exist.
Person2: What's it called?
Person1: It was called 'Slave of Love' when I bought it. Next time it's sold, it'll be called something else.
Person2: But the police...
Person1: The police? They know less than you do.
Person2: Do you think she's safe?
Person1: Yeah. Probably.
Person2: You like this, don't you. Showing me... this.
Person1: I hate it. But you gotta know, buddy.  A lot of strange things happen in this world. Things you don't know about in Grand Rapids. Things you don't want to know about. Doors that should never be opened. I've known more about this sort of thing than a man should. Don't ask me why.",0,"The speaker, Person1, appears to be sharing a dark and obscure aspect of the world with Person2, driven by a sense of necessity or obligation, rather than a desire to entertain or educate, and seems to be hinting at the existence of a hidden or taboo reality.",6,Playing the Servant Role
595,"Person1: Are you crazy?
Person2: What?
Person1: People can see this.
Person2: So?
Person1: These are private -- these are for us.
Person2: I know.
Person1: But other people can see them too.
Person2: I don't care.
Person1: Well, I do.",2,"The underlying intent of Person1 is to express concern and protect their privacy, as they feel that Person2 is being careless with information that is meant to be kept private.",7,Shaming or Belittlement
596,"Person1: She sounds like a prisoner, Taransky.  Are you holding her hostage?  Are you some kind of Svengali?
Person2: Who's the hostage, Sayer, her or you?  You look kind of ""captive"" yourself.  While you're spending every waking hour obsessing over Simone, guess what, I guarantee she doesn't even know you exist.  Get off my property or I'll call the cops.
Person1: The cops?  The cops read my column to know who to bust.  We're the only watchdog the public has.  None of this is going away.  We'll be here tomorrow and the day after that.  Until you slip up.  And you will.  You are looking at your shadow.  Because all these elaborate precautions with Simone -- every instinct in my body tells me, it's not natural.
Person2: I'm just trying to help you, Sayer. I don't want you to be disappointed.  It gets cold out here at night.
Person1: Nice try.  If we can't get to her through you, maybe your family will be more co-operative.  I can guarantee you, Taransky, one way or another, Miss Simone and I are going to get acquainted.
Person2: I'd like to see that, Sayer. Invite me.",0,"The underlying intent of the speaker, Person1 (Sayer), is to uncover the truth about Simone and her relationship with Person2 (Taransky), and to expose what he perceives as a potentially sinister or manipulative situation, driven by a personal obsession.",10,Accusation
597,"Person1: You tell those guys they'll have to do one helluva lot better than that before I'll even say 'hi' to them.
Person2: Well, that's the State's offer. If you plead to possession and tell L.A.P.D. what they want to know, your bond will be set at one-thousand dollars. If you don't, L.A.P.D. will request one at twenty-five thousand based on your prior record and risk of flight. If you don't post it or don't know anyone who can, you'll spend six to eight weeks in County before your arraignment comes up.
Person1: Who's side are you on?
Person2: I beg your pardon?
Person1: What if I plead guilty?
Person2: And cooperate? You might get probation.
Person1: If I don't cooperate?
Person2: With the prior? You could get anywhere from a year to five depending on the judge. You want to think about it? You got two minutes before we're up.",0,"The underlying intent of the speaker (Person1) appears to be a desire to assert their independence and control over the situation, while also seeking to minimize the potential consequences of their actions by carefully considering the State's offer and the potential outcomes of different choices.",5,Playing the Victim Role
598,"Person1: ...and her heart stopped and she wasn't getting oxygen.
Person2: That's right.
Person1: And what did your team do...
Person2: Well, we...
Person1: ...You brought thirty years of medical experience to bear.  Isn't that what you did?
Person2: Yes.
Person1: ...A patient riddled with complications, questionable information on her, on her admitting form...
Person2: ...We did everything we could...
Person1: ...to save her and to save the baby.  Is that...
Person2: Yes!
Person1: You reached down into death.  Now, isn't that right?
Person2: My God, we tried to save her...You can't know...You can't know...
Person1: Tell us.",7,"The speaker's underlying intent is to confront and challenge the medical team's actions and decisions, likely to assign blame or accountability for the patient's death, while also highlighting the team's heroic efforts to save her.",10,Accusation
599,"Person1: Do you trust him?
Person2: I just figure the percentages. He wouldn't try a cross until he's got the money.
Person1: Let's send his cut back -- Just keep going.
Person2: If we make a mistake., he'll burn us. You make a deal, you're always better keeping your end up.
Person1: I don't want to go there.
Person2: Do it my way.",0,"The underlying intent of the speaker (Person2) is to manipulate and control the situation, prioritizing self-interest and minimizing risk, while also exerting dominance over the other person (Person1).",6,Playing the Servant Role
600,"Person1: Every time I bring up moving to a different city for my job, you change the subject.
Person2: It's a big decision, Lena. There's a lot to consider.
Person1: It feels like you're pushing me away. Like you’re abandoning me.
Person2: That's not it at all. I'm just worried about what such a big move might do to our relationship.
Person1: We can work through it together, but I need you to be on board with me.",0,"The underlying intent of Person1 is to express feelings of insecurity and abandonment, and to seek reassurance and support from Person2 in their decision to move to a different city for their job.",5,Playing the Victim Role
601,"Person1: How about a Big Mac?
Person2: Mommy won't let me eat fast food. You know that. It's bad for you.
Person1: C'mon, we can always sneak a Big Mac. And a cherry turnover. Your favorite. What do you say?
Person2: No.
Person1: What do you want, then?
Person2: Nothing.
Person1: You can't have nothing, Jill. We need lunch. Mr. Pizza?
Person2: Same thing, Daddy. Mommy says --
Person1: I know what Mommy says. I'm in charge today, though.
Person2: Okay. So we'll get what you want. What do you want?",11,"The underlying intent of the speaker (Person1, referred to as ""Daddy"") is to manipulate Jill into getting what he wants, specifically fast food, by using guilt, persuasion, and a temporary reversal of parental authority.",6,Playing the Servant Role
602,"Person1: Hey, now wait a sec...
Person2: Now he's going to launch into his rap about how he's just doing his job; following orders.  Friends, let me tell you about another bunch of hate mongers that were just following orders. They were called Nazis, and they practically wiped a nation of people from the Earth... just like cigarettes are doing now! Cigarette smoking is the new Holocaust, and those that partake in the practice of smoking or sell the wares that promote it are the Nazis of the nineties! He doesn't care how many people die from it! He smiles as you pay for your cancer sticks and says, ""Have a nice day.""
Person1: I think you'd better leave now.
Person2: You want me to leave? Why? Because somebody is telling it like it is? Somebody's giving these fine people a wake-up call?!
Person1: You're loitering in here, and causing a disturbance.
Person2: You're the disturbance, pal! And here...  I'm buying some... what's this?... Chewlie's Gum. There. I'm no longer loitering. I'm a customer, a customer engaged in a discussion with other customers.",10,"The underlying intent of the speaker (Person2) is to confront and criticize the actions of a cigarette vendor, comparing them to the Nazis and accusing them of being indifferent to the harm caused by their products.",10,Accusation
603,"Person1: What are you doing out there? Are you crazy?
Person2: There's been a bad accident.
Person1: In English, Enrique. We're in the United States--
Person2: I have some friends who have had a accident--
Person1: You have somebody else out there?
Person2: We was by the river? And I hear my friend callin' for help, and I look and she has falling in the water--
Person1: Don't tell me lies, Enrique. Que paso?
Person2: We was crossin' the river--",0,"The underlying intent of Person2, Enrique, is to inform Person1 about a serious situation involving a friend who has had an accident, but his limited English and possible cultural differences lead to confusion and miscommunication.",5,Playing the Victim Role
604,"Person1: ...I've seen things.  In there.  Last night.  You did too.  Don't tell me you didn't.  You were crying like a baby.
Person2: You said the vision, the images.  They're just that.  Just pictures.  They can't hurt you.  That's what you always said.
Person1: I lied.
Person2: All the more reason I should be here.
Person1: Please.  It's for your own good.
Person2: You said bad things hurt places.  So maybe good things heal them.  Good things are happening here.  Maybe for the first time ever.  And maybe that's all it takes.",11,"The underlying intent of the speaker (Person1) is to protect Person2 from the consequences of their shared experiences, while Person2 is trying to help and heal from those experiences, suggesting a deeper emotional connection and a desire to confront the truth together.",6,Playing the Servant Role
605,"Person1: What are you doing here?!
Person2: I came to see you.
Person1: I can see that.  Why?
Person2: Can I come in?
Person1: Are you crazy?  You'll get caught.
Person2: Then you come out here.
Person1: Then I'll get caught.
Person2: Well, I'm not going until I talk to you.
Person1: Alright.  I'll come out.  Just be quiet.",11,"The underlying intent of the speaker (Person1) appears to be a desire for secrecy and caution, suggesting that they are involved in something illicit or sensitive that they do not want to be discovered.",8,Intimidation
606,"Person1: You went to my high-school?
Person2: No.
Person1: Then how do you know about --
Person2: -- You told me.
Person1: What are you talking about?",0,"The underlying intent of Person2 is to imply that Person1 previously shared information about their high school, and Person2 is now calling them out for denying it, suggesting a possible inconsistency or dishonesty in Person1's statement.",10,Accusation
607,"Person1: Wait a minute.  Now I'm remembering. I killed Iris too, didn't I?
Person2: That's right.  They'll find the original of her snuff clip in your apartment.  The one I left for you at the club was a copy.
Person1: Was I a really busy guy?  Did I do Tick too?
Person2: You bet.  Did you like it?",0,"The underlying intent of the speaker (Person2) appears to be gloating and reveling in the fact that Person1 is a serial killer, and is now recalling their past crimes, while also taunting them with the knowledge of their own guilt.",8,Intimidation
608,"Person1: No, of course not... I never killed anyone...
Person2: Then perhaps the temptation to kill would have been stronger... too strong perhaps...?
Person1: No!  I warned the English to go back home -- I begged them not to force us to fight -- they knew the defeat I would bring on them... why didn't they listen to me?
Person2: We have numerous witnesses who can confirm that you were not always carrying your banner...
Person1: Yes, probably... maybe...
Person2: So sometimes you were carrying just your sword?
Person1: Yes, but...
Person2: Did you use the sword that you held in your hand?
Person1: No, I... I held it up to...
Person2: You held up your sword and flourished it about in the air? Like this?
Person1: Yes, maybe... I don't remember...
Person2: ... so you were in the middle of the battlefield, with your sword in your hand, waving it above your head... charging against the enemy, screaming and yelling... fighting for your life... and you want us to believe that in the middle of all this excitement you never killed anyone?
Person1: No, I... I never killed anyone!",10,"The underlying intent of the speaker (Person2) is to manipulate and deceive Person1 into admitting to a crime, likely murder, by using a combination of subtle questioning and cleverly crafted rhetorical arguments to create doubt and guilt.",10,Accusation
609,"Person1: Hey! Where are you going?!
Person2: Hey listen! Until today you never even knew how many guys I'd been with, because you never even asked. And then you act all nonchalant about being with twelve different girls. Well, I never was with twelve different guys!
Person1: No, but you were intimate with enough people!
Person2: Yeah, I went down on a few guys...
Person1: A few?
Person2: ...And one of those guys was you! The last one, I might add, which-if you're too stupid to comprehend- means that I've been faithful to you since we met! All the other guys I went with before I met you, so, if you want to have a complex about it, go ahead!  But don't look at me like I'm the town whore, because you were plenty busy yourself, before you met me!
Person1: Well... why did you have to be intimate with them in that way? Why didn't you just sleep with them, like any decent person?!
Person2: Because going down it's a big deal! I used to like a guy, we'd make out, and sooner or later I'd go down on him. But I only had relationships with the guys I loved.
Person1: I feel sick.
Person2: I love you. Don't feel sick.
Person1: Every time I kiss you now I'm going to think about other guys.",0,"The underlying intent of the speaker (Person2) is to defend their past actions, assert their faithfulness to the speaker (Person1), and confront the double standard in their partner's judgment, while also expressing their love and concern for the speaker's emotional well-being.",4,Rationalization
610,"Person1: You know, to me dressing up was always just putting on my dark blue suit.
Person2: I don't like those studs they've sent.  I want you to have pearls. Nice big pearls.
Person1: Now, I'm not going to wear ear- rings, I can tell you that.
Person2: Cute.  Let's have some drinks.",0,"The underlying intent of the speaker (Person2) appears to be attempting to subtly assert their influence and control over Person1's appearance, while also trying to create a lighthearted and casual atmosphere.",11,Persuasion or Seduction
611,"Person1: I'm curious about something.  I'm wondering just how it is you happen to know where the bedroom's at.
Person2: Wh . . . what are you talking about?
Person1: This morning when I came in on you and Grace, you swore you hadn't so much as been near the bedroom.  Now you make straight for it.
Person2: Come on, Jake--
Person1: Don't Jake me, boy!  It's a big house.  Odd that you would know your way, except maybe you've been in the bedroom before.  Maybe with Grace to keep you company.
Person2: Nothing happened with me and Grace this morning.
Person1: Then maybe this afternoon.  When I sent you to kill my wife you ended up sexing her instead.
Person2: Jake, please--
Person1: Is that what happened?  Did you even make it out to the desert, or did you just ply the afternoon between my sheets?
Person2: You're not talking sense.
Person1: Sense?  If I had any sense I would have killed you this morning and been done with it.
Person2: What are you . . . you can't . . . you can't kill me.
Person1: A drifter, a loner, a trouble maker like you?  Just passing through town, need money so he busts in on an, old man.  Only this old man's got himself an automatic, and he knows how to use it.  A man's got to protect his home.  His wife.  You're dead, boy, and your own mother wouldn't convict me.
Person2: What difference does it make if I slept with her.  You don't care about Grace.
Person1: You're right.  I don't give a damn about her.  But to betray a man's trust like that? That just makes a fool out of him. I don't like being made a fool of.
Person2: I don't blame you.  What man would? I admit it, okay?  I came back here and I made it with Grace.  But if you kill me you're making a big mistake.
Person1: Not from where I stand.
Person2: It's not me you have to worry about. It's her.  She wants you dead, Jake. She wants you dead and she wants your money.
Person1: What are you babbling about?
Person2: Think about it.  How do you think I got in here?  Did you hear any glass break?  Did you hear a door splinter?  How did the evening end? After you went to bed did she linger a bit?  Maybe just long enough to leave the back door unlocked?  Is that what happened?",0,"The underlying intent of the speaker, Jake, is to accuse and manipulate the other person, likely a drifter who has been involved with his wife, Grace, and is now trying to deflect blame and protect himself, while Jake is trying to justify his own violent intentions and protect his perceived honor and property.",10,Accusation
612,"Person1: I just meant that maybe you could manage your time better. It wasn't a criticism.
Person2: You always take things the wrong way. I've been juggling a lot lately.
Person1: I'm trying to help, Kyle. But you see everything as an attack.
Person2: Maybe if you approached things differently, I wouldn't feel that way.",0,"The underlying intent of Person1 is to offer constructive advice and help, but Person2 perceives it as criticism, leading to a defensive response and a suggestion that Person1 should change their approach to avoid being misinterpreted.",5,Playing the Victim Role
613,"Person1: What's your name?
Person2: Jacob.
Person1: Okay, Jacob, get up and sit your ass down on the bed. Make a wrong move and I'll shoot you in the face.",8,"The underlying intent of the speaker (Person1) appears to be one of coercion and intimidation, likely with the goal of exerting control over Jacob (Person2) in a threatening and potentially violent manner.",8,Intimidation
614,"Person1: Oh you know, for a minute I thought it was --
Person2: Paul? Yeah. You think --",0,"The underlying intent of Person2 appears to be to engage in a conversation and potentially complete Person1's unfinished thought, likely about a person named Paul.",11,Persuasion or Seduction
615,"Person1: Animal, I can't.
Person2: Look, you want to make it up to your friend? Well if he's right, this is your chance.",11,"The underlying intent of Person2 is to encourage Person1 to take an opportunity to make amends with their friend, possibly by doing something that Person1 initially declined or was unable to do.",11,Persuasion or Seduction
616,"Person1: I'm not interested in what you think.
Person2: You've no right to do this to her, Mr. Cluett. Why don't you think it over? It's only gonna get you into a lot of trouble.
Person1: I tell you, I'm not interested in your opinion.
Person2: No?  Then maybe you'll understand, Mrs. Dickson. Oh, gee, he's crazy about you. Nobody knows it better than you. If he ever finds out, it'll kill him.",0,"The underlying intent of the speaker (Person2) is to manipulate Person1 into reconsidering their actions by appealing to their emotions and potential consequences, rather than directly addressing their opinion.",5,Playing the Victim Role
617,"Person1: Why is it, do you think, that of all the professions in the world... you chose protection?
Person2: Are you for real?
Person1: You could have poured coffee in Starbucks, you could have learned to install track lighting in office buildings, you could have told people their horoscopes on the internet... You could have been one of ten thousand things... but in the end, you chose to protect people. You made that decision... and I find that very, very interesting.  Now all I need is your credit card number.",0,"The speaker, Person1, is expressing genuine curiosity and admiration for Person2's career choice as a protector, but is also using this as a manipulative tactic to extract Person2's credit card information.",11,Persuasion or Seduction
618,"Person1: My mistake. I apologize.
Person2: What made you ask such a question?
Person1: I thought that's what we were doing -- asking questions.
Person2: I thought we were just having a conversation. You seem to be reading all this meaning into it. Meanings I must be too simple to, uh... interpret or something.
Person1: I already apologized.",3,"The underlying intent of Person1 is to express frustration and defensiveness, feeling misunderstood and belittled by Person2's implication that they are overanalyzing the conversation.",5,Playing the Victim Role
619,"Person1: That's not
Person2: I'm not stupid enough to repeat your mistakes.
Person1: I guess I thought I was protecting you.
Person2: God, you're just like him! Just keep me locked away in the dark, so I can't experience anything for myself
Person1: Not all experiences are good, Bianca. You can't always trust the people you want to.
Person2: I guess I'll never know, will I?",4,"The underlying intent of the speaker (Person2, Bianca) is to express frustration and resentment towards Person1 for trying to control and protect her, implying that this behavior is similar to that of an abusive or overbearing figure from her past.",5,Playing the Victim Role
620,"Person1: See, you didn't believe me!.. Now I suppose you don't think I have the courage!
Person2: Oh.  sure -- if it would make a good scene.
Person1: You don't care.  do you?  But hundreds of thousands of people will carel
Person2: Wake up, Norma.  You'd be killing yourself to an empty house.  The audience left twenty years ago. Now face it.",7,"The underlying intent of Person1 is to express a sense of desperation and frustration, feeling that their efforts are being dismissed by Person2, who is perceived as uncaring and dismissive of their artistic ambitions.",5,Playing the Victim Role
621,"Person1: Give me that Goddamn thing!  Now get out of here, or I might kill you.  Who knows?
Person2: You've killed women?
Person1: Seventeen of them--eleven by accident.  March!  Move!  You, too!",0,"The underlying intent of the speaker (Person1) appears to be a display of aggressive and intimidating behavior, likely to assert dominance and control over Person2, while also revealing a dark and violent aspect of their personality.",8,Intimidation
622,"Person1: I will not be disputed in public, do you understand me?
Person2: Father, I wasn't disputing you.
Person1: When you've finished medical school and you're on your own, you can do as you please.  Until then, you will listen to me.
Person2: Yes sir.  I'm sorry.
Person1: You know what this means to your mother, don't you?
Person2: Yes sir.",0,"The underlying intent of the speaker (Person1) is to assert authority and control over their child (Person2), emphasizing the importance of respect and obedience, particularly in matters that affect their mother.",6,Playing the Servant Role
623,"Person1: ...developed between the three of us. We're kindda in this together, don't ya think?
Person2: No. Not really.
Person1: Don't touch those triggers! Please. I think I've already proven that a live Wayne Gayle is much more better that a dead...Way-- Gayle. I was your passport out of jail, not Duncan Homolka. But me! I'll be your passport outta---
Person2: Just save your breath, Wayne. We hate you. If anybody in the world deserves a downfall, it's you.",11,"The underlying intent of the speaker (Person1, Wayne Gayle) appears to be a desperate attempt to manipulate and guilt-trip Person2 into sparing him, leveraging their past relationship and perceived mutual interests.",5,Playing the Victim Role
624,"Person1: More endearments.
Person2: I like you, DIl
Person1: Love me.
Person2: Yes.
Person1: Tell me you love me.
Person2: Whatever you say, Dil.
Person1: Then say it.
Person2: Love you, Dil.
Person1: You do?
Person2: Yeah.
Person1: What would you do for me?
Person2: Anything.",11,"The underlying intent of the speaker (Person1) appears to be seeking reassurance and affection from Person2, likely due to a desire for emotional validation and intimacy in their relationship.",5,Playing the Victim Role
625,"Person1: Nobody's trading with anybody! Look, this ain't a goddamn city counsel meeting! Listen up Mr. Pink. We got two ways here, my way or the highway. And you can go down either of 'em. So what's it gonna be, Mr. Pink?
Person2: Goodness, Joe. Forget it. This is beneath me. I'm Mr. Pink, let's move on.",0,"The underlying intent of the speaker, Joe, is to assert his authority and dominance over Mr. Pink, implying that he has the power to dictate the terms of their interaction and that Mr. Pink has no choice but to comply.",8,Intimidation
626,"Person1: That's too easy.  One minute you want to die, the next you want to live...  Do you think that life is a toy that can be played with and then broken when you don't want it anymore?
Person2: No, no... I'm just so tired, and lost, and... I didn't realize what I was doing!",10,"The underlying intent of Person2 in this conversation appears to be a desperate expression of emotional turmoil and a plea for understanding and empathy from Person1, rather than a statement of a philosophical or intellectual position.",5,Playing the Victim Role
627,"Person1: I don't know who you think you're talking to! I ain't some whore you brought here! I've been trying to be your friend and you treat me like shit!
Person2: Be a friend. Leave.
Person1: You got no manners and you never tell the truth! You're nothin' special. And if you ask me, you got no chance at all of being an officer!",10,"The underlying intent of the speaker (Person1) is to express hurt, anger, and frustration towards Person2, feeling disrespected and betrayed by their behavior, and to assert their own self-worth and dignity.",5,Playing the Victim Role
628,"Person1: You're in pain.
Person2: I need your help.
Person1: They told me, you might try to talk me into something... You need to rest Mr. Parker... It's for your own good.  I've been following your story for a long while.  It's a beautiful thing you did.
Person2: You ever lose somebody Stephanie?
Person1: Mr. Parker, I'm supposed to give you your fish sticks.",11,"The underlying intent of the speaker (Person1) appears to be a subtle manipulation or emotional manipulation of Person2 (Mr. Parker) to get him to comply with a request, while also trying to establish a connection with him to make the request more palatable.",11,Persuasion or Seduction
629,"Person1: TRY TO REEF LYING TO ME NOW. I KNOW EVERYTHING .
Person2: I don't know what you're talking about.
Person1: YOU KNOW. YOU'VE KNOWN THIS WHOLE TIME. TELL ME THE TRUTH.",1,The underlying intent of Person1 in this conversation is to accuse Person2 of lying and to confront them about a secret or hidden information that Person1 believes Person2 is aware of.,10,Accusation
630,"Person1: You can't even give me that?!  What were you gonna do, Jack?... Just gonna organize your life...  ... walk out that door, move in by yourself and what -- drop the news when you find somebody else?  What were you planning to do, Jack?
Person2: I didn't know.  I just said all I want is some time.
Person1: Bullshit!  If you're going to hurt me, you hurt me now -- not some long... drawn out hurt that takes weeks of my life because you don't have the balls!
Person2: All right... I'll pack my stuff tonight.",0,"The underlying intent of the speaker (Person1) is to express frustration and hurt over being kept in the dark about a potential breakup, and to demand honesty and immediate confrontation rather than a drawn-out and painful separation.",9,Brandishing Anger
631,"Person1: That's ridiculous.
Person2: I'm talking to you as a friend now. Don't ruin your life, your career for her.  She'll spit you out when this is over.
Person1: You don't know what you're talking about.
Person2: Really?  What does an attorney speak to his client about at her house until three o'clock in the morning?
Person1: You've been following me?
Person2: Her.  It's an obvious move.  I'm building a case against her, remember?",8,"The underlying intent of the speaker (Person2) is to warn and manipulate Person1 into believing that their romantic partner is using them for her own gain, and to gain Person1's trust and cooperation in building a case against her.",6,Playing the Servant Role
632,"Person1: Thank you, sir.  But I like these just fine.
Person2: Not doin' them very fine, O'Neil.
Person1: I'll try anyway, sir.
Person2: You'll try what we tell you to try, O'Neil.  Go regulation.",0,"The underlying intent of the speaker (Person2) is to assert authority and control over Person1, emphasizing obedience and adherence to established rules or regulations.",8,Intimidation
633,"Person1: Hey!  I'm getting a little tired of this.
Person2: You volunteered, didn't you?  Aren't we paying you for this?
Person1: Yeah, but I didn't know you were going to give me electric shocks.  What are you trying to prove?
Person2: I'm studying the effect of negative reinforcement on ESP ability.
Person1: I'll tell you the effect!  It pisses me off!
Person2: Then my theory was correct.",0,"The underlying intent of Person2 is to test and validate their theory on the effect of negative reinforcement on ESP ability, using Person1 as a subject in their experiment.",8,Intimidation
634,"Person1: Leon?  Whatsa matter?  They give you a shot down the hospital or what?
Person2: Oh, God, they shot me with like unreal!
Person1: Well, you got to get hold of yourself.  You got to talk to him, tell him to give himself up.
Person2: Oh no!
Person1: He's got eight people in there with him.  He's got this kid with him ... they're gonna shoot the people.
Person2: I can't help it.  I can't stop him from anything.
Person1: If he won't listen to you, who will he listen to?
Person2: He won't listen to anybody.  He's been very crazy all summer.  Since June he's been trying to kill me.
Person1: You try calling the police?
Person2: What good is that?  They couldn't stop him.  And it'd just make him mad.  They don't know him.
Person1: Somebody's got to stop him, Leon.
Person2: He was under great strain. You don't understand, he's a very mixed up person.
Person1: He's makin' threats in there.
Person2: He's scared.  It's crazy.  I never met anyone like him.  His wife, he's a wonderful father to his children.  His mother - you should see her - his mother and father together are like a bad car wreck - he lets it all slide off his back, he sees them, he pays their rent. Unbelievable.  I wanted to get married ... He didn't really want it ... he's married already!  But he did it.  I don't know why.  I thought it would help me, but it didn't.  I was just as confused and unhappy was before; I did terrible things.
Person1: What kind of things, Leon?
Person2: Ten days I spent in Atlantic City - Sonny was frantic - he knew I was drinking; he didn't know where I was ... who I was with.  I couldn't explain why I did the things I did. So I went to this psychiatrist who explained to me I was a woman in a man's body.  So Sonny right away wanted to get me money for a sex change operation. But where was he to get that?  2500 dollars!  My God, he's in hock up to his ears already.
Person1: He needed money?  For the operation for you?
Person2: It made him crazy - so much demand, he'd fly into this rages.  And I got more depressed than ever; I saw I'd never get the operation.  So I tried to take my life - I swallowed about a half pound of pills ... blues, reds, yellows, downers, uppers, screamers ... you name it. But I just threw them up and wound up in the hospital.  Sonny comes there and looks at me and just says: ""Wow!""  So when I hear he's in the bank, I almost go crazy because I know he's doin' it for me.
Person1: Well, don't you figure you owe to him to get him out of there?
Person2: I can't talk to him.
Person1: You're in it up to your ass, Leon. You're an accessory.  You talk him out of there and they might be a little more understanding of your case.
Person2: I'm afraid.
Person1: How is he gonna hurt you on the telephone?
Person2: I don't know what to say to him.  I can't.
Person1: You think it over, Leon.",11,"The underlying intent of the speaker (Person1) is to persuade Leon (Person2) to take action and talk to his partner, Sonny, who is involved in a bank robbery, in order to prevent harm to innocent people and potentially mitigate the consequences for Leon's own situation.",11,Persuasion or Seduction
635,"Person1: Thank you.
Person2: And, um ...I guess... I guess you and I, uh...
Person1: Adam?  Don't even think about it. Okay? I'm sorry.  I know that sounds mean, but believe me, it would be meaner if I didn't say it. Okay?
Person2: Okay.
Person1: Now, let's take the truck back and get something to eat.",0,"The underlying intent of the speaker (Person1) appears to be a mix of apology and rejection, as they are acknowledging the other person's (Person2) potential romantic interest and politely but firmly dismissing it.",6,Playing the Servant Role
636,"Person1: I need to know where Tyler is.  Can't you help me?
Person2: Sir, you're disturbing the other patrons with your laudish behavior.
Person1: There's no one else here.
Person2: I'm sorry, I haven't the faintest idea what you're talking about.
Person1: Look at my face.  I'm a member.  I just need to know if you've seen Tyler Durden.
Person2: I'm not disclosed to bespeak any such information to you, nor would I, even if I had said information you want, at this juncture be able.",1,"The underlying intent of the speaker (Person1) appears to be a desperate search for information about Tyler Durden, likely a key figure in a personal or professional matter, and is possibly frustrated by the lack of cooperation from the other person (Person2).",5,Playing the Victim Role
637,"Person1: Create a little drama?  Start a new rumor?  What?
Person2: So I have to have a motive to be with you?
Person1: You tell me.
Person2: You need therapy.  Has anyone ever told you that?
Person1: Answer the question, Patrick
Person2: Nothing!  There's nothing in it for me. Just the pleasure of your company.",0,"The underlying intent of the speaker (Person2, Patrick) is to convey that he is genuinely interested in the person (Person1) and values their company, rather than having ulterior motives.",11,Persuasion or Seduction
638,"Person1: You see what I mean?  That reaction would give us away in a second.  Try to relax.
Person2: It's just that... it's been sixteen years since anyone but Harry did that, I--
Person1: Relax.  There, that's better. Let yourself slip into the role.",11,"The underlying intent of the speaker (Person1) is to instruct Person2 to adopt a calm demeanor and immerse themselves in a specific role or character, likely for a covert or secretive purpose.",6,Playing the Servant Role
639,"Person1: Why did you go to the hospital?
Person2: I don't know.
Person1: You were just curious?
Person2: I guess...
Person1: About Susan?
Person2: I wouldn't put it that way.
Person1: What way would you put it?
Person2: You tell me, Bill.
Person1: How about you telling me?  When I ask a simple question, I expect a straight answer.  That's what I'm used to.  Anybody who doesn't give it to me, I fire.
Person2: Are you going to fire me, Bill?",0,"The underlying intent of the speaker (Person1, Bill) is to confront and intimidate Person2 into revealing the truth about their visit to the hospital, likely due to a perceived lack of trust or honesty.",8,Intimidation
640,"Person1: The box... you opened it. We came.
Person2: It's just a puzzle box.
Person1: It's a means to summon us -- it's called the Lament Configuration.
Person2: Who are you?
Person1: Cenobites. Explorers in the further regions of experience. Demons to some. Angels to others.
Person2: Well, I didn't mean to open that thing. You can go back wherever you came from.",0,"The speaker, a Cenobite, intends to inform and warn the person who opened the puzzle box, the Lament Configuration, that they have been summoned into a realm of extreme experience, and that they cannot simply dismiss their presence.",8,Intimidation
641,"Person1: Have another glass of something good, Toddy.
Person2: I've drunk enough tonight.
Person1: Another little drop'll never do you any harm.",11,"The underlying intent of the speaker (Person1) appears to be encouraging Person2 to continue drinking, despite Person2's expressed intention to stop, likely due to a desire to prolong the social interaction or to facilitate further drinking.",11,Persuasion or Seduction
642,"Person1: We have to lose the window.
Person2: ...we can't lose the wind...
Person1: Then I can't do this shot...you wants me to push in--I can't push in through the window...We go back to New Hampshire?",8,"The underlying intent of Person1 is to express frustration and a potential need to re-shoot a scene, likely due to a logistical or technical issue with the current setup, such as the window.",9,Brandishing Anger
643,"Person1: Cotton.
Person2: Can we talk?
Person1: I don't think that's a good idea.
Person2: Look, yesterday wasn't my idea. That was all Gale and dollar signs and ratings.
Person1: What do you want from me, Cotton?
Person2: You could start with an apology.
Person1: I did that.
Person2: You wrote me a letter. Very cordial. Very appropriate.
Person1: How? What could I say that would make a difference? I took away a year of your life--how do I apologize for that?
Person2: I wish it was just a year. I lost everything because of you. I have nothing now. Look at me, this is what I've become. A long silence. Sidney is hanging on by threads.
Person1: Cotton, there isn't one day, one hour, one minute when I'm not reminded of what I've done. I have not had one second of reprieve and no therapy or religion or spiritual plane can ever erase what I feel in every vein of my being. And I wish I had in me what you need to hear but I don't think the words exist.",10,"The underlying intent of the speaker, Cotton, is to express the deep emotional pain and loss he has suffered as a result of the actions of Person1, and to seek a genuine apology and acknowledgment of the harm caused, rather than just a superficial or insincere one.",5,Playing the Victim Role
644,"Person1: It's okay. It's Martin The door begins to open revealing Debi and Newberry.
Person1: I know what I do isn't moral, per se, but if you could just look past that, you'd see a man worth loving.
Person2: Don't listen to him, he's a professional.",11,"The underlying intent of the speaker (Person1) is to persuade Person2 to look beyond his questionable actions and see his worth as a person, suggesting that he is capable of being loved despite his flaws.",11,Persuasion or Seduction
645,"Person1: A regular tropo...Spend the rest of your life in a bathing suit, living off nickel and dime grants.  You want to be a bum all your life, be my guest.  Not me.  I'm not growing old chasing snails and dying from terminal crotch rot....
Person2: It's not a bad life, Jake....
Person1: You're afraid of the competition out there....",0,"The speaker, Jake, is expressing his disdain for a life of leisure and poverty, implying that the person he's speaking to is motivated by fear of competition rather than a genuine desire for a simpler lifestyle.",10,Accusation
646,"Person1: How much?
Person2: Oh, about five hundred.
Person1: Do you really think you can beat him?
Person2: Of course he thinks he can beat me, Bert. He wouldn't be playing me if he didn't. Right, Felson?
Person1: I didn't ask him can he beat you. I already know he can beat you. I asked him will he? With Eddie, that's two different things.",0,"The underlying intent of the speaker (Person1, Bert) is to question the opponent's (Eddie) mindset and motivation, rather than their ability, in a competitive situation.",5,Playing the Victim Role
647,"Person1: Now you've got to promise me faithfully you'll remain true to me forever. Then you'll see how tenderly your little birdie will love you.
Person2: I can't wait.
Person1: Well, promise then.
Person2: What do you mean - now?
Person1: Of course now. Right away, before I get any older.",11,"The underlying intent of the speaker (Person1) is to manipulate or coerce the listener (Person2) into making a promise of lifelong commitment or loyalty, likely in a romantic or intimate context, by using a mix of emotional appeal and pressure.",6,Playing the Servant Role
648,"Person1: Jeanette, you're hurting me.
Person2: I'm not -- I didn't -- Al, you know how I feel about you...",1,"The underlying intent of Person2, Jeanette, appears to be a defensive and possibly manipulative attempt to shift the focus of the conversation from her actions to her feelings about Person1, Al, in order to avoid taking responsibility for hurting him.",5,Playing the Victim Role
649,"Person1: Secret Service Agent Carter.  This is my calling, Lee. Give me six months and I'll be in Washington protecting a white guy.
Person2: We both know you would never take a bullet for someone else.
Person1: They don't know that.  What are they gonna do, try and shoot the President during the interview?  I'll bet Isabella can pull some strings.  You saw the way she was staring at me.
Person2: She never even looked at you.
Person1: You're just jealous 'cos the girl picked me.  I'm tall, dark and handsome, you're third world ugly.
Person2: I am not third world ugly.  Women like me, they think I'm cute.  Like Snoopy.
Person1: Snoopy is about six inches taller than you.  I'm sorry, Lee, you never had a chance.",7,"The underlying intent of the speaker, Person1, is to assert his superiority and masculinity, while also trying to provoke and belittle his friend, Lee, in order to boost his own ego and confidence.",7,Shaming or Belittlement
650,"Person1: I'm thinking of selling the old family cabin.
Person2: That cabin has been in our family for generations. If you sell it, you'll regret it.
Person1: The maintenance costs are piling up, and nobody uses it anymore.
Person2: It's not just about money, Ella. It's about our heritage and memories.
Person1: I understand that, but sometimes we need to let go of the past.",8,"The underlying intent of Person2 is to express a deep emotional attachment to the family cabin and a desire to preserve the family's heritage and memories, rather than just focusing on financial considerations.",5,Playing the Victim Role
651,"Person1: Like you'd make it to June. Even cutting half your classes, you have a B- average.
Person2: I'm no dummy.
Person1: That's right. You just act like one.",7,"The underlying intent of the speaker (Person1) is to mock and belittle Person2, implying that they are not as intelligent or capable as they claim to be.",7,Shaming or Belittlement
652,"Person1: So, you are William's wild young neighbor?  Or should I say, 'brother'; William claims you as a member of his family.  I have heard so many unflattering tales about you, and I understand, that except for you, this 'family' is quite cultivated.
Person2: George, I'm sorry.
Person1: Oh, but you must not mind my talking about you!  In fact, William says my main job here at Belvoir is to civilize you; to make an honest English gentleman out of you.
Person2: That's not what I said!  Now, Sally, you're embarrassing me!  Watch out for her, George; she talks refinement, but she has a barbarous soul!",7,"The underlying intent of the speaker (Person1) is to mock and belittle Person2, implying that Person2 is uncivilized and that Person1's role is to ""civilize"" them, while also subtly criticizing the social status of Person2's supposed ""family"" and their supposed refinement.",7,Shaming or Belittlement
653,"Person1: We're not gonna do anything about him, he's fine.
Person2: If you think I'm gonna let my half of the fourteen million bucks slip away because of --
Person1: ""Half?""  What did you, take a nap in math class?  Three people, three shares, one third.  Four point six six six repeating.
Person2: I'm just saying, the man is a problem.  And he's your problem. Wasn't me idea to bring him along.
Person1: That's right, Raoul, it wasn't your idea, none of this was your idea, it was mine, it's my family we're ripping off, it's my prick grandfather who built that room, it was my idea to get the plans, I found the floor safe, and it was my idea to ask a guy who builds these rooms to help break into one!  Me, me, me, I, I, I, at no point did I say ""you"" or Raoul,"" got it?
Person2: He puts his hands on me again I'll bury a slug in his ear.
Person1: No, you will not, because without Burnham there's no way in hell we're gonna get into that safe, so as far as I'm concerned he can paint your ass blue and run it up a flagpole and you won't lay a finger on him, you understand me?
Person2: Don't take no tone of voice with me, Homes.
Person1: What is this shit you're talking all of a sudden?  You're a bus driver, ""Homes,"" you live in Flatbush, so please don't start spouting some Elmore Leonard shit you just heard because I saw that movie too,",8,"The underlying intent of the speaker (Person1) is to assert dominance and control over the situation, specifically over Raoul (Person2), while also emphasizing his own role and contribution to the plan, and warning Raoul to not harm or retaliate against their problematic associate, Burnham.",7,Shaming or Belittlement
654,"Person1: All right, dear.
Person2: Wait a minute, Bruce. Have you got that money?
Person1: The five hundred? Sure.
Person2: On second thought, would you let me have it? I'll get the tickets.
Person1: But --
Person2: Believe me, Bruce, I know what I'm doing. He'd get you in a crap game --
Person1: But I don't gamble, Hilda!
Person2: I know a lot of men who didn't do anything till they met Walter Burns. Please, dear.
Person1: All right.  One -- two -- three -- four -- five. Five hundred. Be careful, honey.
Person2: I'll be careful, darling. You be, please.",0,"The underlying intent of the speaker, Hilda, is to manipulate Bruce into giving her money to use for her own purposes, specifically to get tickets, while also implying that Bruce's association with Walter Burns will lead him into trouble.",11,Persuasion or Seduction
655,"Person1: I want you to help me take my revenge.
Person2: Michael, anything.  What is it I can do for you?
Person1: I want you to settle these troubles with the Rosato Brothers.
Person2: I was just going to contact you, Michael; we just had a 'sit-down' - in fact, I just come from there.
Person1: I want you to settle on their terms.
Person2: Mike, I don't understand.  Don't ask me to do that.
Person1: Trust me; do as I ask.
Person2: It would be the beginning of the end for my family.  How can I keep all my other territories in like if I let two wise-guys stand up and demand this and that, and then give it to them?
Person1: Frankie...do you respect me?  Do I have your loyalty?
Person2: Always... But sometimes I don't understand.  I know I'll never have your kind of brains, in big deals. But Mike, this is a street thing. And Hyman Roth in Miami is behind the Rosato Brothers.
Person1: I know.
Person2: Then why do you want me to lay down to them?
Person1: Frankie, Roth tried to have me killed.  I'm sure it was him, but I don't know yet why.
Person2: Jesus Christ, Michael, then let's hit 'em now, while we still got the muscle.
Person1: This was my father's old study. When I was a kid, we had to be quiet when we played near here. When I was older, I learned many things from him here.  I was happy that this house never went to strangers; first Clemenza took it over, and then you.  My father taught me, in this room, never to act until you know everything that's behind things.  Never.  If Hyman Roth sees that I interceded with you in the Rosato Brothers' favor, he'll think his relationship with me is still sound.  I'm going somewhere to meet him tomorrow.  We have friends in some very important business that we're making.  Do this for me; you make the peace with the Rosato Brothers on their terms.  Let the word out that I forced you; you're not happy wit hit, but acquiesced, just because of me.  It will get back to Hyman Roth.  Do this, Frankie.  You can trust me.
Person2: Sure, Mike.  I'll go along.
Person1: Good.",0,"The underlying intent of the speaker, Michael, is to deceive Hyman Roth into thinking he still has a strong relationship with him, while secretly planning to confront Roth, by pretending to give in to the Rosato Brothers' demands through his associate Frankie.",4,Rationalization
656,"Person1: Apparently, Denver wanted to deal with him instead of you.
Person2: Said who?  Sugar?
Person1: Hey, I'm learning as I go.
Person2: So you empowered Bob Sugar to deal with Denver behind my back?
Person1: I'm sorry, I --
Person2: I brought Denver to twenty million. Denver deals with me all the time. You listened to Sugar? You let that snake in the door.",0,"The underlying intent of Person2 is to express anger and betrayal towards Person1 for allegedly bypassing them and dealing with Denver through Bob Sugar, a person they distrust.",9,Brandishing Anger
657,"Person1: I'm sorry, ma'am, there are no pets allowed in the library...
Person2: But I'm blind.
Person1: It's seeing-eye dogs, ma'am. If I let the cat stay, will you go out with me?
Person2: What if I say I'll go out with you, so you can have all these great daydreams, but then never actually talk to you again?
Person1: Okay, deal.
Person2: ""I'll go out with you."" Now go get me these old newspapers...",11,"The speaker's underlying intent is to use a clever and somewhat manipulative approach to get what they want, in this case, to keep the cat in the library, by pretending to be interested in a romantic relationship with the blind woman.",11,Persuasion or Seduction
658,"Person1: Sal, if you want me to deliver any faster, get me a jet rocket or something, cuz I can't run with pizzas, all the cheese ends up on one side and shit.
Person2: I didn't say nuthin'.  You must have a guilty conscience.  What are you guilty of?
Person1: I'm not guilty of nuthin'.
Person2: You must be guilty of something or you would have never come in saying the things you said.
Person1: C'mon, Sal.
Person2: Where we goin'?",10,"The underlying intent of the speaker (Person2, Sal) appears to be to deflect blame and guilt, while also subtly accusing Person1 of wrongdoing, and possibly trying to intimidate or manipulate them into revealing information.",5,Playing the Victim Role
659,"Person1: Now Tom, you simply cannot go to Philadelphia tonight. That's all there is to it.
Person2: But I have to go, dear. It's a very important banker's meeting.
Person1: I don't care whether it's important or not. You said you were going out with me, and if you hadn't promised so faithfully, I wouldn't have gone and planned the whole thing.
Person2: Listen, it isn't so terribly important. We can go to the theatre any time.
Person1: The theatre?
Person2: That's what it was you planned, wasn't it?
Person1: Yes, of course.
Person2: You can take some of the girls. You can take Mildred - or Gwynn
Person1: The girls!  I don't suppose it ever occurred to you that I might go out and find myself an attractive young man . . .",0,"The underlying intent of the speaker (Person1) is to express hurt and frustration due to being stood up by their partner (Person2), who had promised to go out with them but is now trying to get out of it by citing a work commitment.",7,Shaming or Belittlement
660,"Person1: Jesus, youre just as whacked as your son.
Person2: Where do you think he got it? Mental illness is heriditary. Who do you think incouraged him to kill your mother? He was a smart kid but children need parental guidance.",0,"The underlying intent of Person2 is to shift blame and responsibility away from the son and towards the parents, implying that they failed to provide adequate guidance and may have contributed to their child's actions.",4,Rationalization
661,"Person1: Is it you?  If I said Moose I look different, heck, why shouldn't you?
Person2: Moose.
Person1: First wedding anniversary - what do you call it?
Person2: I don't know.  Paper.  Is it? Paper?  I don't remember.",0,"The underlying intent of the speaker (Person1) appears to be playfully teasing and testing Person2's memory or attention, likely in a lighthearted and affectionate manner, possibly related to a shared inside joke or personal reference.",6,Playing the Servant Role
662,"Person1: You see, Karl, growing up, only knew that sex was wrong and that people who did it should be killed for it. He couldn't really read but, well, neither could his mother. But, his father made sure that his mother knew what the Bible said. And she made sure Karl knew. You know he slept in a hole in the ground under a toolshed, right?
Person2: I knew he slept in a toolshed.
Person1: His mother told him that he was their punishment. Hers and his father's; from God, for having sex--
Person2: Before they were married?
Person1: I don't think so. Just period, I think. She told him... God gave them the ugliest creation he could think of. Karl has an entire book -- a notebook. On every page it says ""Franklin Chapter 1 Verse number 1."" He wrote that a few years ago after he'd learned to write. His father's name was Franklin.
Person2: That's really strange. What does it mean?
Person1: One of his Daddy's Bible lessons I imagine. Y'all pull up a chair. I'll go out and talk to him.",0,"The underlying intent of the speaker appears to be to convey a sense of Karl's traumatic and abusive upbringing, particularly the emotional and psychological damage inflicted by his father's strict and punitive interpretation of the Bible.",5,Playing the Victim Role
663,"Person1: What do you see as your main strengths?
Person2: I love people. All people. Even people that no one else loves, I think they're OK, you know. Like Beggars.
Person1: Homeless people?
Person2: No, not homeless people. Beggars, Francis Begbie -- one of my mates. I wouldn't say my best mate, I mean, sometimes the boy goes over the score, like one time when we -- me and him -- were having a laugh and all of a sudden he's hit me in the face, right --
Person1: Mr. Murphy, leaving your friend aside, do you see yourself as having any weaknesses?
Person2: No. Well, yes. I have to admit it",0,"The underlying intent of the speaker, Mr. Murphy, appears to be to present himself as a compassionate and empathetic individual, while also subtly showcasing his ability to rationalize and downplay his own flaws and weaknesses.",4,Rationalization
664,"Person1: How... how was Miss Caswell?
Person2: Frankly, I don't remember.
Person1: Just slipped your mind.
Person2: Completely. Nor, I am sure, could anyone else present tell you how Miss Caswell read or whether Miss Caswell read or rode a pogo stick.
Person1: Was she that bad?",0,"The underlying intent of the speaker (Person2) is to convey that Miss Caswell was likely unremarkable or forgettable, implying that she didn't make a significant impression on Person2 or others.",5,Playing the Victim Role
665,"Person1: I'm curious about Bourne. Your interpretation of his condition. You have specific training in the identification and diagnosis of psychological conditions?
Person2: Am I a doctor, no, but...
Person1: Are you an expert in amnesia?
Person2: Look, what do you want me to say? I was there. I believed him.
Person1: Believed what?
Person2: I believed Jason Bourne had suffered a severe traumatic breakdown.
Person1: So he fooled you.
Person2: If you say so.
Person1: Not good enough. You're the person who floated this amnesia story.  Ever feel sorry for him? For what he'd been through?
Person2: You're making it out like we're friends here or something. I met him alone twice.
Person1: You felt nothing? No spark? Two young people in Paris? Dangerous missions? Life and death?
Person2: You mean, did I want a date?
Person1: Did you?
Person2: These were killers. Conklin had them all jacked up. They were Dobermans.
Person1: Some women like Dobermans --
Person2: What do you want from me? I was reassigned. I'm out.
Person1: See, that's a problem for me, Nicky. Whatever he's doing, we need to end it. This isn't the kind of mess you walk away from.",10,"The underlying intent of the speaker (Person1) is to uncover the truth about Jason Bourne's condition and motivations, and to persuade Nicky (Person2) to cooperate in stopping Bourne's actions, which Person1 perceives as a threat or a problem that requires resolution.",11,Persuasion or Seduction
666,"Person1: Kat, wait. I dont want you hating me. Weve never had this talk. You know how crap I am at this.
Person2: Um, news flash. I dont give a shit.
Person1: Kat, stop it. You do. You cant even look me in the eye. You went back to the States when we split up.",0,"The speaker is expressing guilt and concern about their past behavior, and is seeking reassurance and understanding from the other person, Kat, who appears to be unresponsive and possibly hurt by their actions.",5,Playing the Victim Role
667,"Person1: Some part of you suspects -- even if you don't know for sure -- that what I'm saying is true.
Person2: I don't know how you know about Eugene, but these ideas are part of your delusions.
Person1: NO! They're not my delusions! Look, just leave my business with Becker to me!",0,"The underlying intent of the speaker (Person1) is to convey a sense of urgency and defensiveness, implying that they have a genuine connection or knowledge about a specific topic (Eugene) that Person2 is dismissing as a delusion.",5,Playing the Victim Role
668,"Person1: You're hurting me.
Person2: Pain cuts the deepest, isn't that what you said?",0,"The underlying intent of Person2 is to deflect or counter Person1's emotional expression by using a phrase that Person1 previously said, implying that Person1 is intentionally using their words against them.",2,Evasion
669,"Person1: I might be making a mistake.
Person2: Maybe I'm making a mistake. Maybe I just need to learn to live with this. First of all, I'll get over it. Secondly, it happened. Those who do not remember history are condemned to repeat it. Who said that? Churchill? I'm not sure. But I don't care. She did it to me. I have to rid myself of this. Forget her.
Person1: Forget you, Clementine.",0,"The underlying intent of the speaker (Person2) appears to be a mix of self-reflection, frustration, and a desire to move on from a past hurt or betrayal, likely a romantic relationship, as evidenced by the mention of ""Clementine"" and the speaker's emotional response to it.",4,Rationalization
670,"Person1: Yeah, they're bad for your health.  I'm tryin' to look out for you...
Person2: That's cop bullshit.
Person1: Well, you're half right.  Best thing you could do for yourself right now would be to talk to me.
Person2: About what?
Person1: Every triangle I've ever seen never lasts.  Somebody's got to go.
Person2: Is this supposed to mean something to me?  What triangle?
Person1: You, Kelly, Sam.
Person2: I don't have to listen to this.  And you can't shove me around.  I have friends now...",0,"The speaker, Person1, is attempting to manipulate and control Person2, likely Kelly, by using a veiled threat and implying that their relationships with others (Kelly, Sam) are unstable and will eventually end, in order to gain influence over them.",5,Playing the Victim Role
671,"Person1: But, Leon, I am only here for a few days.
Person2: If you don't stay with me, I'll have to continue my fight. I'll travel wherever Russian commissions are. I'll turn them all into Buljanoffs, Iranoffs, and Kopalskis. The world will be crowded with Russian restaurants. I'll depopulate Russia. Once you saved your country by going back. This time you can save it by staying here.
Person1: Well, when it is a choice between my personal interest and the good of my country, how can I waver? No one shall say Ninotchka was a bad Russian.",11,"The speaker, Leon, is using a mix of persuasion, guilt, and patriotism to convince Person1 to stay, implying that their personal interests should be sacrificed for the greater good of Russia.",11,Persuasion or Seduction
672,"Person1: Nike specials. Two hundred bucks.
Person2: Two hundred bucks?? Are you crazy?",0,The underlying intent of Person2 is to express strong disagreement and possibly outrage at the price of $200 for Nike specials mentioned by Person1.,9,Brandishing Anger
673,"Person1: Baby, please don't... I love you.
Person2: I don't want to be a fool!... I want to look them in the eye and say, I know!
Person1: Baby, don't do this --
Person2: -- it'll help me if you'll tell me.
Person1: -- please, baby --
Person2: -- no, it'll help me, really --
Person1: How?
Person2: I'll know you've lied to me... all along. I'll know you're incapable of... love... that'll help me... not now, but eventually.",11,"The underlying intent of Person2 is to gain clarity and closure about the nature of their relationship with Person1, specifically to confirm whether Person1's love is genuine or an illusion, in order to move forward and heal.",10,Accusation
674,"Person1: I just think you should'a kept him off me, that's all.
Person2: The hell are you talkin' about?
Person1: Now see? Don't do that. I'll go along with all you say about me. But that... you can't pretend no more on that. Cuz I was just a kid, Momma.  I didn't know about any of that stuff he was doin' to me.  And you let him do it. Some big nobody in your life... and you let him do as he wanted... with the only SOMEBODY you had.",0,"The underlying intent of the speaker is to express deep-seated anger and hurt towards their mother for failing to protect them from abuse, and for prioritizing the abuser's needs over their own well-being.",5,Playing the Victim Role
675,"Person1: I really do think it's the best night of my life.
Person2: We didn't do nothin' special I can remember. Just talked, is all.
Person1: Talkin's good. Long as you got the other? I'm a big believer in talkin', case you ain't noticed.
Person2: Too bad they don't give an award for talkin'... You'd win first prize. Especially with those tits.
Person1: You think so, baby? Does my talkin' bother you, honey?
Person2: No, I like gettin' up around four a.m. and talkin' bout wild animals... Though you woke me up this time in the middle of a dream. I kinda wish I didn't remember it. Up at Pee Dee, I couldn't remember any of my dreams.
Person1: What was this one?
Person2: It wasn't no fun, Lula. The wind was blowin' super-hard and I wasn't dressed warm. Only instead of freezin', I was sweatin' strong.",0,"The underlying intent of the speaker (Person2) appears to be a mix of playful teasing and subtle flirtation, using humor and lighthearted comments to build a connection with Person1, while also expressing a sense of affection and intimacy.",11,Persuasion or Seduction
676,"Person1: Shit no, it'll be twice cost.
Person2: You capitalist pig!
Person1: The performance is free what more do you want....I've set that old phone up as a donation box and I'll get Jahn to write out a sign....Okay, let's get going.",0,"The underlying intent of Person1 appears to be dismissive and somewhat condescending, prioritizing their own perspective and actions over Person2's concerns, while also attempting to downplay the issue by offering a superficial solution.",7,Shaming or Belittlement
677,"Person1: Huh?  Well, you know what? Now, I want you to tell me. I mean, my wife comes to me and asks me for twenty-five thousand. I mean, what do you want? Do you want a coat?
Person2: No.
Person1: Well, if you want a coat, you got it. You know that. It's not the money, it's just why do you want it?  That's all I'm askin'. Am I not entitled to that?
Person2: Look - Sam, I've been independent my whole life. I never had to ask anybody for anything. Now you're making me beg you for this.
Person1: What are you talkin' a- ?
Person2: Okay? And you're embarrassing me. Why do want to make me feel so bad?
Person1: You're askin' me for twenty-five thousand. I'm not out to make you feel bad. I want to just be able to trust you. You now, it's about trust. I have to be able to trust you with my life. Do you understand? Can I trust you?  Can I trust you?... Can I trust you?... Answer me. Can I trust you?
Person2: You can trust me.
Person1: Good, so then you could tell me what the money is for.",0,"The underlying intent of the speaker (Person1) is to establish trust and understand the motivations behind Person2's request for $25,000, likely due to feelings of insecurity and a desire for transparency in their relationship.",5,Playing the Victim Role
678,"Person1: Well, the light caught the side of his face for a second. And it looked like he had a gray beard, maybe... late fifties, early sixties.
Person2: So you're telling me it was one guy with six guns? And he was a senior citizen?
Person1: I think it's better if we find this man before he finds us again.
Person2: I'll see what I can do. How do I get in touch with you?
Person1: We're going to hit Poppa Joe tonight, right in the comfort of his own home. Then we move on to New York. It's getting a bit hot for us here.
Person2: Be careful.
Person1: I'll call you tonight, afterwards.",0,"The underlying intent of the speaker (Person1) appears to be planning a heist or a violent confrontation with a target, ""Poppa Joe,"" and is coordinating with Person2 to carry out the operation, while also trying to evade law enforcement.",8,Intimidation
679,"Person1: Would you mind repeating the question?
Person2: Look, Baxter, I'm not stupid. I know everything that goes on in this building -- in every department -- on every floor -- every day of the year.
Person1: You do?
Person2: In 1957, we had an employee here, name of Fowler. He was very popular, too. Turned out he was running a bookie joint right in the Actuarial Department tying up the switchboard, figuring the odds on our I.B.M. machines -- so the day before the Kentucky Derby, I called in the Vice Squad and we raided the thirteenth floor.
Person1: The Vice Squad?
Person2: That's right, Baxter.
Person1: What -- what's that got to do with me? I'm not running any bookie joint.
Person2: What kind of joint are you running?
Person1: Sir?
Person2: There's a certain key floating around the office -- from Kirkeby to Vanderhof to Eichelberger to Dobisch -- it's the key to a certain apartment -- and you know who that apartment belongs to?
Person1: Who?
Person2: Loyal, cooperative, resourceful C. C. Baxter.
Person1: Oh.
Person2: Are you going to deny it?
Person1: No, sir. I'm not going to deny it. But if you'd just let me explain --
Person2: You better.
Person1: Well, about six months ago -- I was going to night school, taking this course in Advanced Accounting -- and one of the guys in our department -- he lives in Jersey -- he was going to a banquet at the Biltmore -- his wife was meeting him in town, and he needed someplace to change into a tuxedo -- so I gave him the key    and word must have gotten around -- because the next thing I knew, all sorts of guys were suddenly going to banquets -- and when you give the key to one guy, you can't say no to another and the whole thing got out of hand -- pardon me.",0,"The underlying intent of the speaker (Person2) is to confront and expose Person1's (C.C. Baxter) involvement in a secret, likely illicit, activity, specifically using a company apartment for personal gain.",10,Accusation
680,"Person1: I've got some good news.  The doctor says you're all better.  You can come home.
Person2: Really?  I don't feel so great.
Person1: No, you look good.  And the tests came back fine.  C'mon...",0,"The underlying intent of Person1 is to reassure and persuade Person2 to return home, despite Person2's expressed doubts about their health, suggesting that Person1 may be trying to downplay or dismiss their concerns.",4,Rationalization
681,"Person1: Never play with someone's else's cards. You always get a new deck. Look at this card. See anything?
Person2: It is just a regular card.
Person1: Son, I can take everything you got with that deck. It is marked. Now I'm going to show you how to make some money in case you get stuck somewhere.",0,"The speaker's underlying intent is to reveal a hidden message or secret about the marked deck of cards, implying that they are about to teach the listener a way to cheat or gain an unfair advantage in a card game.",11,Persuasion or Seduction
682,"Person1: Hello?
Person2: We got disconnected before....
Person1: No. No. We got disconnect -- why?.....you're calling me at work....how did you get this number -- ?
Person2: See the thing is I could make it really easy on you -- I already have your credit card number, your information, address and stuff. This is so awkward asking like this, I'm sorry --
Person1: This makes me very uncomfortable.
Person2: I need help.
Person2: Should I just ask your girlfriend?  Maybe I should call back and talk to your girlfriend?
Person1: I don't have a girlfriend --
Person2: -- you said you did.
Person1: I know I did. But I don't.
Person2: You lied to me?
Person1: I didn't lie.
Person2: Why did you tell me you did, then?
Person1: This is....illegal....I'll call the police.
Person2: No you won't.",8,"The underlying intent of the speaker (Person2) appears to be an attempt to manipulate and coerce Person1 into providing assistance or information, likely for malicious or exploitative purposes, by threatening to reveal sensitive personal information.",8,Intimidation
683,"Person1: Look, old man, you stay out of this. We spend a fortune on you, more than we can possibly afford, and all you do is criticize, morning to night. And then you think you can -
Person2: Stanzi!
Person1: No, it's right he should hear. I'm sick to death of it. We can't do anything right for you, can we?",0,"The underlying intent of the speaker (Person1) is to express frustration and resentment towards Person2, implying that despite the significant financial investment in him, he is unappreciative and consistently critical.",7,Shaming or Belittlement
684,"Person1: We're recruiting.
Person2: Who's recruiting?
Person1: Don't be clever with me, Henryk. I've come here as a friend. They're bringing Jews in from all over the country. Soon there'll be half a million people in the ghetto. We need more Jewish police...
Person2: Oh? More Jewish police? You mean you want me to wear a cap like yours, beat up Jews with my truncheon and catch the Gestapo spirit. I see!
Person1: Someone's got to do it, Henryk.
Person2: But why me? I thought you only recruited boys with rich fathers. Look at my father, look at us, I mean...
Person1: Yes, I'm looking at you and that's why I'm here. Your whole family can have a better life. You want to go on struggling for survival, selling books on the street?
Person2: Yes, please.
Person1: I'm doing you people a favour. And what about you, Wladek? You're a great pianist. And we've got an excellent police jazz band. They'd welcome you with open arms. Join us. You've got no work...",0,"The speaker, Person1, is attempting to manipulate and coerce Person2 into joining the Jewish police by offering him and his family a better life in exchange for his cooperation and participation in the oppressive regime.",6,Playing the Servant Role
685,"Person1: Paul, I know you've been out.
Person2: What?
Person1: You've been out of your room.
Person2: No, I haven't.
Person1: Paul, my little ceramic penguin in the study always faces due south.
Person2: I don't know what you're talking about.",1,"The underlying intent of Person1 appears to be accusing Person2 of having been in the study and possibly moving their ceramic penguin, which suggests a playful and possibly mischievous intent.",10,Accusation
686,"Person1: This whole week has gone sour. It isn't turning out like it was supposed to.  I want to go home.
Person2: Who's being selfish now? I'm the one getting married. I thought this week was supposed to be about me.
Person1: We gotta slow down.  I'm so tired. Let's just get out of here.
Person2: I know what you need.",10,"The underlying intent of Person1 is to express frustration and exhaustion, likely due to the stress and pressure of attending Person2's wedding, and is seeking a break or escape from the situation.",5,Playing the Victim Role
687,"Person1: The rest of the jewelry is in the top drawer.
Person2: It's yours, Joe.  I gave it to you.
Person1: And I'd take it in a second, Norma -- only it's a little too dressy for sitting behind the copy desk in Dayton, Ohio.
Person2: These are nothing.  You can have anything you want if you'll only stay.  What is it you want -- money?
Person1: Norma, you'd be throwing it away. I don't qualify for the job, not any more.
Person2: You can't do this!  Max!  Max! ... I can't face life without you, and I'm not afraid to die, you know.
Person1: That's between you and yourself, Norma.
Person2: You think I made that up about the gun...",8,"The underlying intent of the speaker (Person1, Joe) is to decline Norma's romantic advances and leave his job, while also trying to be kind and gentle in his rejection, but ultimately firm in his decision.",6,Playing the Servant Role
688,"Person1: By the way, Jeffrey, this story isn't going to the press and I'm going to ask you to consider all you've heard strictly confidential. Do not discuss this business with anyone, but me, or other police personnel. Got it?
Person2: Got it. Thanks for letting me in on as much as you did.
Person1: Come on. I'll drive you home. It's on my way.",0,"The underlying intent of the speaker (Person1) is to establish trust and confidentiality with Person2, while also subtly exerting control and authority over the situation.",6,Playing the Servant Role
689,"Person1: I didn't mean to hurt you.
Person2: Shhhhhh. Now I have your disease.
Person1: You what?
Person2: You put your disease in me. Your semen. It's hot and full of disease.
Person1: There's no disease, I can tell you.
Person2: Men are crazy. Then they put their craziness into me. Then it makes me crazy. Then they aren't so crazy for awhile. Then they put their craziness in me again.  It's burning me, but I love you. I do, I do. Did you know that? Did you know that I love you?
Person1: I'm glad you do.
Person2: There's so much I want to tell you. I'm in so much darkness though with things moving. There is darkness sucking me. It's kissing me and darkness is entering me. In every hole. It's opening me to a death.
Person1: Dorothy. No!
Person2: If I die, then they'll be free. It's getting late, isn't it? I can tell, it's a cold feeling when it's late. It's warm then it gets cold. Jeffrey. I feel it getting cold.
Person1: You called me Jeffrey.
Person2: I did. Are you?
Person1: Yes.
Person2: Why are you here?  HMMMMMMMM!!!! OK.
Person1: No. Not really.  But also because I really want you to be alright.",0,"The underlying intent of the speaker (Person2) appears to be a desperate and emotional expression of their love and vulnerability, while also conveying a sense of impending doom and a desire for freedom from their suffering, which they attribute to the speaker (Person1) and their actions.",5,Playing the Victim Role
690,"Person1: You idiot! Why do you think I use you?... To be a walking advertisement.
Person2: I'm sorry, Mike. I never heard of LaMarra flipping on anyone before. He said he had the cops paid off. Antonucci never flipped on anyone before. He had the cops paid off.
Person1: Not the cop that showed up at my door!
Person2: What happened, Mike.
Person1: You don't want to know.",2,"The underlying intent of the speaker (Mike) appears to be a sense of betrayal and anger towards Person2, likely due to a perceived breach of trust or loyalty, possibly related to a situation involving law enforcement or organized crime.",7,Shaming or Belittlement
691,"Person1: Where do you think you're going?
Person2: Let go o' me! I've got to get Bruce out of jail! Oh, Walter, why did you have to do this to me?
Person1: Get Bruce out of jail! How can you worry about a man who's resting comfortably in a quiet police station while this is going on? Hildy, this is war! You can't desert now!
Person2: Oh, get off that trapeze!  There's your story! Smear it all over the front page -- Earl Williams caught by the Morning Post! And take all the credit -- I covered your story for you and I got myself in a fine mess doing it -- and now I'm getting out! I know I told you that twice before today -- but this time I mean it!
Person1: You drooling idiot! What do you mean, you're getting out! There are three hundred and sixty-five days in the year one can get married -- but how many times have you got a murderer locked up in a desk? -- Once in a lifetime! Hildy, you've got the whole city by the seat of the pants!
Person2: I know, but --
Person1: You know! You've got the brain of a pancake! That wasn't just a story you covered -- it was a revolution! Hildy! This is the greatest yarn in journalism since Livingstone discovered Stanley for the New York Herald!
Person2: Wait a minute -- wasn't it Stanley who discovered Livingstone?
Person1: Don't get technical at a time like this! Do you realize what you've done? You've taken a city that's been graft-ridden for forty years under the same old gang and with this yarn you're kicking 'em out and giving us a chance to have the same kind of government that New York's having under La Guardia! We'll make such monkeys out of these ward-heelers next Tuesday that nobody'll vote for them -- not even their wives!
Person2: I'd like to think.
Person1: Well, think it then, because it's true! We'll crucify that mob. We're going to keep Williams under cover till morning so the Post can break the story exclusive. Then we'll let the Governor in on the capture -- share the glory with him.
Person2: I get it!
Person1: You've kicked over the whole City Hall like an apple-cart. You've got the Mayor and Hartman backed against a wall. You've put one administration out and another in. This isn't a newspaper story -- it's a career! And you stand there belly-aching about whether you catch an eight o'clock train or a nine o'clock train! Still a doll-faced mugg! That's all you are.
Person2: Let me get at that typewriter and I'll show you how a doll-faced mugg can write!
Person1: Attagirl! Why, they'll be naming streets after you -- Hildy Johnson Street! There'll be statues of you in the parks, Hildy. The radio'll be after you -- the movies!  By tomorrow morning I'll betcha there's a Hildy Johnson cigar! I can see the billboards now. Light up with Hildy Johnson!
Person2: Whoa -- wait a minute. We can't leave Williams here. One of the other fellows'll --
Person1: We're going to take him over to my private office.  Where's our phone?
Person2: That one -- how you gonna take him? They'll see him.",0,"The underlying intent of the speaker, Walter Burns, is to persuade Hildy Johnson to stay and help him break the story of the capture of Earl Williams, a murderer, and use it as a means to expose corruption in the city government and bring about change, rather than allowing Hildy to leave and take the credit for herself.",11,Persuasion or Seduction
692,"Person1: You said you had an insurance policy out on your wife.  Fifty-thousand dollars.
Person2: I do.
Person1: You said you'd cut that up with the man who did her in.
Person2: I did?
Person1: Don't play simple with me, Jake. You want me to spell it out for you? I'll kill Grace if you cut me in on the money.
Person2: I think this heat's getting to you the way you're rambling on.
Person1: I'm not rambling.
Person2: You're talking like a mad man.
Person1: You're the one who brought it up. This morning.  In your car.
Person2: That was just loose talk.  I don't want anybody dead.
Person1: Bullshit.  You wanted me to kill her.
Person2: A man doesn't always mean the things he says.
Person1: You meant it.
Person2: What makes you say that?
Person1: Because I think you're a slimy bastard who would have his wife killed just to get his hands on some money.
Person2: And what does that make you?
Person1: The slimy bastard who's going to do it for you.",0,"The underlying intent of the speaker (Person1) is to manipulate and coerce Person2 into paying him a share of the insurance money by threatening to harm Person2's wife, Grace, unless Person2 agrees to his demands.",8,Intimidation
693,"Person1: Tell them who I am! Tell them who I am!
Person2: Are you crazy? Unhand that woman! That's Amelia Earhart!",0,"The underlying intent of the speaker (Person1) in this conversational text appears to be a desperate attempt to assert their identity or claim to be Amelia Earhart, likely due to a mental health crisis or a moment of confusion.",3,Feigning Innocence
694,"Person1: For God's sake, will you please go now?  We gave you every nickel we got.
Person2: You're goin' outside with me.  If there's no cops around, we just split.  Otherwise, you go with us.",0,"The underlying intent of Person2 is to exert control and coercion over Person1, likely as a result of a shared illicit activity or situation, and is threatening to involve law enforcement if Person1 does not comply with their demands.",8,Intimidation
695,"Person1: Go, Doctor.
Person2: What's your worst memory of childhood?  Quicker than that. I'm not interested in your worst invention.
Person1: The death of my father.
Person2: Tell me. Don't lie, or I'll know.",8,"The underlying intent of the speaker (Person2) is to extract a personal and potentially vulnerable piece of information from Person1, likely to gauge their emotional response or to gain insight into their character.",5,Playing the Victim Role
696,"Person1: Whoever's behind my husband's death, why have they gone to all this trouble?
Person2: Money. How they plan to make it by emptying the reservoirs, that I don't know.
Person1: I'll pay your salary plus five thousand dollars if you find out what happened to Hollis and who is involved.",11,"The underlying intent of Person1 is to hire Person2 as a private investigator or detective to uncover the truth behind their husband's death and the mysterious events unfolding, likely driven by a desire for justice and closure.",11,Persuasion or Seduction
697,"Person1: No reason to fret.  It's just a prick of the finger and a few drops of blood.
Person2: Turner blood doesn't flow pure in his veins.  Best play it safe, and spill it all.
Person1: I guess there is a reason to fret.",0,"The underlying intent of the speaker (Person1) is to initially downplay the significance of the situation, but Person2's ominous warning reveals a darker truth, causing Person1 to reevaluate and acknowledge the potential danger.",4,Rationalization
698,"Person1: What happened?  You got fired, huh?
Person2: Yeah, Morgan. I got fired.
Person1: How foolish do you have to be to get fired from that job? How hard is it to push a broom?",0,The underlying intent of Person1's statement is to express disapproval and possibly mock Person2 for their perceived incompetence or lack of effort in their previous job.,7,Shaming or Belittlement
699,"Person1: I've been asking you for weeks to spend some quality time together.
Person2: I've been swamped with work, Lana.
Person1: If you really cared, you would make time, no matter how busy.
Person2: I do care, but I also need to handle my responsibilities. Let's find a balance.",10,"The underlying intent of Person1 is to express feelings of neglect and frustration, implying that Person2's priorities lie elsewhere and that their relationship is not being valued.",5,Playing the Victim Role
700,"Person1: See, in that crisis, I saw an opportunity.  For some real growth.
Person2: Oh please.
Person1: Be quiet. I didn't go behind your back.",0,"The underlying intent of the speaker (Person1) appears to be defensive and possibly trying to justify their actions, as they are responding to skepticism or criticism from Person2.",4,Rationalization
701,"Person1: Many of your guests have been wondering when they may be permitted to view the body. Where has it been laid out?
Person2: It hasn't been laid out, we haven't finished with the embalming. As a matter of fact, you're looking at it. The remains of Margo Channing. Sitting up. It is my last wish to be buried sitting up.
Person1: Wouldn't you feel more natural taking a bow?
Person2: You know nothing about feelings, natural or unnatural.
Person1: Then without feeling, your guests were also wondering whether the music couldn't be a shade more on the - shall we say, happier side?
Person2: If my guests do not like it here, I suggest they accompany you to the nursery where I'm sure you will all feel more at home.",0,"The speaker, Margo Channing, is expressing her strong will and desire for control over her own funeral, refusing to compromise on her unconventional wishes and rebuking those who question or try to change them.",5,Playing the Victim Role
702,"Person1: Hey Gus--did you see the story idea I left on your desk?
Person2: Yeah--the blind foster home mother. It was good. I got Cahoon on it.
Person1: Oh. Cahoon. Yeah, he's--good.
Person2: Geller, we've been over this. You're a great copy editor. Maybe my best copy editor. You're not a reporter.
Person1: You've done five of my ideas.
Person2: You know what separates us office flunkies from the reporters?
Person1: They don't have to be in the office Christmas show?
Person2: A flack jacket.
Person1: A--flack jacket.
Person2: Every Tom, Dick, and Harry thinks he can write. But a journalist gets in there, right where the bombs are. He's aggressive. Grabs the bull by the balls.
Person1: You don't think I can grab bulls' balls?
Person2: Geller, you don't want a reporter's life. They're very--messy. You're all about order. Control. And getting me my copy by five.
Person1: Hey--I can be out of control.",11,"The underlying intent of the speaker (Person2) is to gently yet firmly discourage Person1 from pursuing a career as a reporter, emphasizing the risks and chaos associated with the job, while also acknowledging Person1's strengths as a copy editor.",6,Playing the Servant Role
703,"Person1: What can I do for you?
Person2: Well, I was hoping you might stop by my office to swear out a criminal deposition against some of your friends and co-workers.
Person1: Is this a joke?
Person2: I don't believe it is, no.
Person1: Why the hell would I--
Person2: I've got photographs of you at the Trenton Ramada looking very--
Person1: That ain't me.
Person2: It's not?
Person1: You don't know who--
Person2: That's not you having a whiskey sour with Carmine Morada.
Person1: This is messed up. You don't know who's in that--
Person2: You're right, Mr. DePinto, and maybe I jumped the gun.
Person1: You're goddam right you jumped the gun.
Person2: That's probably not you in the picture. I tell you what, I'll just run the thing by the Grand Jury, see if they can't--
Person1: I want to talk to a goddam lawyer.
Person2: Good news there, Mr. DePinto, you're talking to one.",8,"The speaker, Person2, is attempting to intimidate and manipulate Person1, Mr. DePinto, into cooperating by threatening to have him charged with a crime based on false evidence, specifically a photograph that Person2 claims shows Mr. DePinto with his friends and co-workers.",8,Intimidation
704,"Person1: Noel, you didn't let me finish. We have rules against killing people on the street. Looks bad, but there's a special room at the hospital for terminating. A nice quiet room with a big bed.
Person2: Oh man, do you mean that?  Thank you man, thank you. How?
Person1: Well, you have your choice",0,"The underlying intent of the speaker (Person1) appears to be offering a convenient and discreet way for Person2 to commit a murder, while also providing a sense of control and options for the act.",11,Persuasion or Seduction
705,"Person1: I don't want no more surprises. We do this the way I laid it out, or we don't do it at all.
Person2: What the hell you talkin' bout?
Person1: Sheronda passin' the money onto someone else, that's what the hell I'm talkin' 'bout.
Person2: How do you know she did that?
Person1: I was there, I saw her do it.
Person2: Well, you weren't supposed to be there.
Person1: I know, but I hung around, 'cause I figured you'd try an' pull some shit like this.
Person2: Now, hold on there. I ain't pullin' no shit. It's my money, I can do whatever I wanna do with it.
Person1: Not when it's my risk you don't. We do this my way or forget it.",8,"The speaker (Person1) is expressing a desire for control and a sense of security, and is pushing back against Person2's perceived betrayal and attempt to alter the agreed-upon plan, likely a financial or business arrangement.",8,Intimidation
706,"Person1: You ok?
Person2: I'm fine.
Person1: Listen, I hate to bother you...
Person2: Then don't.
Person1: But... what about Starks?
Person2: What about Starks?
Person1: Should we be...
Person2: Should we be what? Trying to change him any way we can? Yes.
Person1: But the Jacket? I mean...should we be leaving him in like that?",3,"The underlying intent of the speaker (Person1) appears to be seeking reassurance and guidance on how to handle a situation involving someone named Starks, specifically a jacket that may be in a state of disrepair.",6,Playing the Servant Role
707,"Person1: I'm married, George.  Me.  I can't believe it.  Can you believe I'm married, George?
Person2: You're a lucky man, Diego.
Person1: I love you, my brother, do you know that?
Person2: I love you too, man.",0,"The underlying intent of the speaker (Diego) in this conversational text appears to be expressing a deep emotional connection and possibly unrequited romantic love for his brother, George, rather than genuine happiness about his marriage.",5,Playing the Victim Role
708,"Person1: Can I give you a hand, beautiful?
Person2: I'm just going to my car?
Person1: That's right on my way.
Person2: My mother told me never to accept offers from strangers.
Person1: My name is Bobby.  Now I'm not a stranger anymore.  See how easy it is for us to get to know each other, beautiful?
Person2: Do you have to call me that?
Person1: I don't know your real name.
Person2: Maybe I don't want you to.",11,"The underlying intent of the speaker (Person1) appears to be manipulative and predatory, as they are attempting to build a false sense of familiarity and trust with the other person (Person2) in order to gain their confidence and potentially exploit them.",6,Playing the Servant Role
709,"Person1: Ann, in life one has to be aware of hidden agendas.  Did it occur to you that Graham may have his own reasons for not wanting you to be in therapy?
Person2: What do you mean? I don't understand.
Person1: It's possible that Graham has hidden motives for disliking therapy and/or therapists. Perhaps he has problems of his own that he is unwilling to deal with, and he would like to see other people, you for instance, wallow in their situation just as he does. Do you think that's possible?
Person2: I guess.
Person1: You understand that you are free to leave therapy at any time?
Person2: Yes.
Person1: That you are under no obligation to me?
Person2: Yes.
Person1: Do you want to leave therapy?
Person2: Not really.
Person1: Do you feel there is more progress to be made?
Person2: Yes.
Person1: I'm glad you feel that way, because I feel that way, too.
Person2: But you don't have hidden motives for feeling that way, right?",11,"The speaker's underlying intent is to subtly reassure and empower Person2, while also making it clear that Person2 has the freedom to leave therapy at any time, and to potentially uncover and address any underlying issues that may be influencing Graham's behavior.",11,Persuasion or Seduction
710,"Person1: When are you coming home?
Person2: As soon as I can walk.
Person1: Something wrong with your legs?
Person2: No -- it's my stomach.
Person1: Your stomach?
Person2: They had to pump it out.
Person1: Miss Kubelik, I don't think you ought to call anybody -- not till that chewing gum is out of your head.",0,"The underlying intent of the speaker (Person1) is to tactfully avoid discussing the sensitive topic of Person2's (Miss Kubelik) recent medical procedure, likely an abortion, by making a humorous and indirect comment about the ""chewing gum"" in her head.",4,Rationalization
711,"Person1: Miss Kreutz, please... I'm gonna have to ask you to keep your voice down.
Person2: All the papers -- all the papers they asked for -- I brought all the papers --
Person1: Miss Kreutz, excuse me, but you entered into a fraudulent marriage in an effort to circumvent the immigration laws of the United States --
Person2: You only know that because I told you!  Ask the case officer -- find his name -- it's on the papers -- I told him all this myself! --
Person1: -- it's not the source of the information that's important here --
Person2: -- I paid this guy -- I paid him four thousand dollars -- my last four thousand dollars to marry me, okay? -- I told this to the case officer last week...  ...here -- Mr. Thomas.  I told Mr. Thomas I didn't know this guy was already married -- I admitted this!
Person1: -- Miss Kreutz, please --
Person2: -- I'm the one that got ripped off! -- not you -- not the United States government -- me -- I'm the one being ripped off!
Person1: So now you're asking for a student visa?",0,"The underlying intent of the speaker (Person1) appears to be to conduct a formal interview or investigation, likely for immigration purposes, and to uncover the truth about Miss Kreutz's immigration status and potential fraudulent activities, while also attempting to maintain a professional demeanor despite Person2's defensive and emotional outbursts.",10,Accusation
712,"Person1: Romance is just a vestigial biological response to procreation...
Person2: Aw, you're in love with me... You just dont know it yet.",11,"The underlying intent of Person2 is to playfully and flirtatiously subvert Person1's scientific explanation of romance, suggesting a romantic interest in Person1.",11,Persuasion or Seduction
713,"Person1: I'm not playin' myself no mo'.
Person2: How you sound?
Person1: I won't do it anymore.
Person2: Manray, I'm very sorry about ya boy Cheeba and Sloan.  Believe me, it gave me no joy pulling ya coattail about her, just lookin' out for a brother.  I feel you, all this stuff happenin' at once but you can't let if affect your work.  You gotta be professional.
Person1: I'm always gonna be that.  But I ain't doing no more buck dancing.
Person2: No costume.  No blackface.",11,"The underlying intent of the speaker (Person1) is to express their refusal to participate in a cultural performance or activity that involves stereotypical or racist depictions, specifically ""buck dancing"" with blackface.",7,Shaming or Belittlement
714,"Person1: ""You're still here?""
Person2: ""I came back. I thought that's what you wanted.""",0,"The underlying intent of Person2 is to imply that Person1 had previously expressed a desire for Person2 to return, and Person2 is now asserting that they are fulfilling that expectation.",4,Rationalization
715,"Person1: Your guilt is because you feel the same.
Person2: Oh, please, I have to go.  I have to get my teeth cleaned.",2,"The underlying intent of Person1 is to confront or accuse Person2 of having similar feelings or motivations, while Person2 is attempting to deflect or avoid the conversation.",10,Accusation
716,"Person1: Charenton? The administrator there is quite well-loved, is he not?
Person2: I'm afraid so; he's an idealist. You'll have to be politic.
Person1: Do you know how I define ""idealism,"" Monsieur Delben?",0,"The underlying intent of Person1 in this conversational text appears to be to provoke or challenge Monsieur Delben, likely to test his views or to uncover a potential hypocrisy, given the context of discussing an idealist administrator.",10,Accusation
717,"Person1: Get lost, you jerk.
Person2: It would be a pity to squander such a strong personality.",0,"The underlying intent of Person2 is to deflect the insult by acknowledging Person1's strong personality, implying that their anger or aggression is a valuable trait worth preserving, rather than trying to engage in a direct confrontation.",2,Evasion
718,"Person1: It puzzles me so badly. I've done terrible things but I can't consider myself a terrible man. I've killed three people and I'd still want to say it was accident, do you see?
Person2: If you'll let me go I could tell them what --
Person1: Tom Grunemann discovered me -- we were here on business together, he discovered me with Jane McKenna. Then I suppose it was the -- the contempt I saw in his face and the certainty that sooner or later he'd use it against me. Within the Company. I endured that as long as I could, do you see?
Person2: I'm sorry, I'm just frightened. Yes.
Person1: Excuse me Miss Daniel?
Person2: I said yes, I see.
Person1: Oh no, I don't think --
Person2: Tell me. I'll listen.  I just want you to tell me.",0,"The underlying intent of the speaker (Person1) appears to be a desire to confess and justify their past actions, particularly the killing of three people, to someone who is willing to listen and understand their perspective.",4,Rationalization
719,"Person1: You're really crazy.
Person2: You're not going to use that gun, Johnny.",0,"The underlying intent of Person2 appears to be a warning or a threat to prevent Person1 from using a gun, suggesting a potentially violent or volatile situation.",8,Intimidation
720,"Person1: Why does that bother you?
Person2: I'm not sure why.  It's just, I've never been anywhere else...
Person1: Sally there's a whole world out there.  We can have a new home. A real home, not some tin-plated dump.  What are you giving up?
Person2: I don't know.  My friends...
Person1: We'll meet new people. You might have friends out there you never met.
Person2: Yeah, I guess you're right.  It's just...all so sudden...
Person1: Yeah, it is...",11,"The underlying intent of the speaker (Person1) is to persuade and reassure Person2 that leaving their current situation is a positive opportunity for a better life, despite Person2's initial hesitation and attachment to their current circumstances.",11,Persuasion or Seduction
721,"Person1: Mr Helpmann was very close to your poor father. He was very close to me. Still is. He'll take you under his wing at Information Retrieval. You'll like it when you get there.
Person2: You're not listening, mother.",11,"The underlying intent of the speaker (Person1) appears to be manipulative and controlling, as they are trying to influence Person2's career path and decisions through emotional manipulation and false reassurance.",6,Playing the Servant Role
722,"Person1: If you did know, you'd tell me.
Person2: Of course --
Person1: If you trusted me, you'd know.
Person2: We're coming to Arcade.  Shall we Relive together?",0,"The underlying intent of Person1 is to express a sense of distrust or uncertainty in their relationship with Person2, while Person2 is attempting to shift the conversation to a more casual or lighthearted topic, likely to avoid addressing the underlying issue.",5,Playing the Victim Role
723,"Person1: Only if I repeat them outside this room.  And, I will if I must...  Out there, for all to hear.  Or... you may speak, as planned.  But, you tell them you feel compelled to move on to greener pastures.
Person2: No.  You will not run me out.  No one will believe a word of what you say.
Person1: Oh?  Far as I can tell, a rumor does not travel alone for long here.
Person2: Are you a deist?  Is that it?  A free thinker who does not believe in divinity.
Person1: It is only important what you are. An adulterer...
Person2: I am the Lord's voice in this town.
Person1: Wallowing in sin and lust...
Person2: They need guidance.
Person1: Wallowing quite literally in blood.
Person2: Damn you, sir!  God damn you to hell!
Person1: He may.  But, not soon enough for you, and not on your behalf.",0,"The speaker's underlying intent is to manipulate and intimidate Person2 into submission by threatening to reveal a dark secret about them, while also questioning their moral authority as a self-proclaimed ""Lord's voice"" in the town.",8,Intimidation
724,"Person1: What if I, don't wanna put out? That's all you ever say Relax put out I'm a living creature, I have feelings too, I don't need this abuse from you-
Person2: Hey, guy, relax, put out! You gotta relax, shut your mouth- Baby I'd do anything for ya! Now don't make me smack you in the eye like last time-",0,"The underlying intent of the speaker (Person2) appears to be a manipulative and controlling behavior, using a mix of emotional manipulation, intimidation, and physical threats to dominate and suppress the other person's (Person1) feelings and autonomy.",8,Intimidation
725,"Person1: What needs sorting out?
Person2: Come on, Rob.  My relationship with Laura has obviously disturbed you a great deal.
Person1: Funnily enough I haven't been too thrilled about it.
Person2: We are not talking jokey understatement here, Rob.  We're talking actionable harassment.  Ten phone calls a night, hanging around outside my house...
Person1: Yeah, well, I've stopped all that now.
Person2: We've noticed and we're glad.  But, you know... how are we going to make peace here?  We want to make things easier for you.  What can we do? Obviously I know how special Laura is, and I know things can't be good for you at the moment.  I'd hate it if I lost her.  But I'd like to think that if she decided she didn't want to see me anymore, I'd respect that decision.  Do you see what I'm saying?
Person1: Yeah.
Person2: Good.  So shall we leave it at that then?
Person1: I dunno.
Person2: Think about it, Rob.",0,"The underlying intent of the speaker (Person2) is to make amends and find a way to peacefully coexist with Person1, who has been affected by Person2's relationship with Laura, while also expressing a desire to maintain a relationship with Laura and respect her potential decision to end it.",11,Persuasion or Seduction
726,"Person1: Yeah, I know. I mean, I'm not saying I know people think you're a bitch, I'm saying I know what you mean. And I don't even know that people think you're a bitch. Do they?
Person2: I feel like they do.
Person1: Hmm. Well, maybe you are. Really, I wouldn't pay much attention.",0,"The underlying intent of Person1 is to downplay and dismiss Person2's concerns about being perceived negatively by others, while also subtly implying that Person2 may be overreacting or even deserving of the negative perception.",7,Shaming or Belittlement
727,"Person1: My...mother...?
Person2: Yes.    Listen carefully, Rowan. Have your attorney contact me at once. There are matters of immediate -
Person1: But my mother...  Ellie said she died -
Person2: I under5tand.  All the same
Person1: -Ellie said she died when I was BORN!  She's been alive...? ALL THIS TIME...? Why have I been lied to when -
Person2: I had you sent away.
Person1: Who the hel1 -
Person2: It was quite warranted by the - situation.    I realize this is a shock, but really, Rowan - you never even knew her. It's not as if you've suffered some great -
Person1: What's the matter with you...?! What kind of person are you...?!
Person2: A very tired one.  I've been up all night - and I would .like to rest before the funeral.     Have your lawyer -
Person1: When is the funeral...?   I am coming to my mother's funeral!!
Person2: Out of the question      Rowan, coming here will not change the -
Person1: I'm coming down there!!  And it you put my mother in the ground betore I arrive, you'll wish you'd never seen my face!  IS THAT UNDERSTOOD...?!",4,"The underlying intent of the speaker (Person2) is to reveal a long-held secret to Rowan, their child, that they had been lied to about their mother's death and had been kept away from her, and to assert control over the situation while also trying to minimize the emotional impact on Rowan.",6,Playing the Servant Role
728,"Person1: It's time to go home now.
Person2: No.  Please.
Person1: Childhood is over, Ellie.  It's time to grow up.",0,"The underlying intent of the speaker (Person1) is to convey a sense of responsibility and maturity, urging Ellie (Person2) to move beyond her carefree childhood and take on the responsibilities of adulthood.",6,Playing the Servant Role
729,"Person1: First you want me to ask for directions, then you don't.  Which is it?
Person2: I wanted you to ask back there.  You know, before you got us lost.
Person1: Just no pleasing you, is there?
Person2: Just admit you're wrong.
Person1: We all know how much you like hearing that. Okay, Liz, I was wrong. There.  You happy?
Person2: Quit feeling sorry for yourself, Tom. It gets old.
Person1: No. You know what gets old? Being reminded what a loser you are every time you screw up.
Person2: Here it comes, poor Tom.
Person1: But that's okay, Liz, you're the one with the steady job, you pay all the bills. I'm just an unemployed musician.  You have every right.
Person2: That is so unfair.",0,"The underlying intent of the speaker (Liz) is to assert her dominance and superiority in the relationship, while also criticizing and belittling her partner (Tom) for his perceived flaws and shortcomings.",7,Shaming or Belittlement
730,"Person1: I'm a girl, I'm a girl, I'm a girl -
Person2: What did you say?
Person1: I'm a very sick girl.
Person2: Maybe I'd better go before I catch something.
Person1: I'm not that sick.
Person2: I have a very low resistance.
Person1: Look, Sugar, if you feel you're coming down with something, the best thing is a shot of whiskey.
Person2: You got some?
Person1: I know where to get some.  Don't move.",0,"The underlying intent of the speaker (Person1) is to manipulate and deceive Person2 into getting drunk, likely for their own benefit or amusement, rather than genuinely offering help or concern.",11,Persuasion or Seduction
731,"Person1: Far out.  Where are my glasses?
Person2: They broke when you fell.
Person1: Oh no, Seth, that's my only pair!
Person2: Don't worry about it, we'll get you some glasses.
Person1: What dya mean, don't worry about it. Of course I'm gonna worry about it, I can't see.
Person2: When we get to El Ray, I'll take care of it.
Person1: Yeah, like a Mexican hole-in-the- wall's gonna have my prescription.
Person2: It's not a big deal, unless you make it a big deal. Now, I'm real happy, Richie, stop bringing me down with bullshit.",0,"The underlying intent of Person2 is to downplay Person1's distress and frustration over losing his glasses, while also subtly expressing annoyance and frustration with Person1's emotional response.",7,Shaming or Belittlement
732,"Person1: You know what we do to welchers, Cluett, don't you?
Person2: I know, I know, Dude. Oh, I must have been crazy! I lost my head completely!
Person1: That's your funeral. We've got fifty thousand dollars comin' to us.
Person2: I haven't got it.",0,"The underlying intent of the speaker (Person1) appears to be threatening or intimidating Person2, implying that if Person2 doesn't fulfill their obligation, they will face severe consequences, specifically a loss of $50,000.",8,Intimidation
733,"Person1: SAY IT!
Person2: I got that...sir.",0,The underlying intent of Person2 appears to be a mix of obedience and possibly a hint of sarcasm or reluctance in response to Person1's demanding tone.,6,Playing the Servant Role
734,"Person1: You don't understand, I can't!
Person2: Listen, Doug took the rap for us all so grab your coat 'cause you're going.",0,"The underlying intent of Person2 is to inform Person1 that they are being asked to leave, likely due to their lack of willingness to take responsibility for their actions, as implied by Doug taking the blame for them.",7,Shaming or Belittlement
735,"Person1: Yo soy un hombre sincero...; I am a sincere man, From the land of the palms...
Person2: What's that?
Person1: The song.  Are you sincere with me, Fredo?
Person2: Sincere.  What are you talking about, of course I'm sincere with you, Mike.
Person1: Then I'm going to confide in you; trust you with something.
Person2: Mike, are you crazy, I'm your brother.
Person1: Tonight we've been invited to a reception at the Presidential Palace; to bring in the New Year. You and I will go in a special car that's being sent.  They'll have cocktails... then dinner, and a reception with the President.  When it's over, it will be suggested that you take Questadt and his friends from Washington to spend the night with some women.  I'll go home alone in the car; and before I reach the hotel, I'll be assassinated.
Person2: ...Who?
Person1: The same man who tried in Nevada... Hyman Roth, not Pentangeli.
Person2: But, you told me yourself...
Person1: It was never Pentangeli... I've always known that.  It was Roth all along.  He talks to me as a son; as his successor, but the old man thinks he'll live forever.
Person2: What do you want me to do?
Person1: To go tonight, with me, as though we know nothing.  I've already made my move.
Person2: What is it?  Can I help?
Person1: The old man will never bring in the New Year.",0,"The underlying intent of the speaker, Michael Corleone, is to confide in his brother Fredo about a plan to assassinate their family's arch-nemesis, Hyman Roth, at a New Year's reception at the Presidential Palace, and to enlist Fredo's cooperation in carrying out this plan.",11,Persuasion or Seduction
736,"Person1: Hey. She says she loves you, Nick.
Person2: She says a lot of things.
Person1: She's getting you to help us... 'cause she knows if you don't, you're dead. You just tell us what we need to know, you two live happily ever after. My sister loves you, man, and I'm not going to let you break her heart.
Person2: Wish I had a brother like you.
Person1: A girl says she loves you, you say something.",0,"The underlying intent of the speaker (Person1) is to manipulate Nick (Person2) into revealing information by using emotional blackmail and a false sense of brotherly concern, while also trying to protect his sister's feelings.",6,Playing the Servant Role
737,"Person1: That's right, fella, no Hearst paper will run an RKO ad until you agree that CITIZEN KANE will never see the light of day.
Person2: Louella, please, be reasonable, I understand you have problems with Orson's picture but maybe we can work something out--
Person1: Nix, sweetie. You shelve it
Person2: Oh for God's sake, Louella-
Person1: And Mr. Hearst has authorized me to tell you that you're looking at the most beautiful lawsuit in history if you release this picture. He'll bleed your little studio dry and you can all go on back to New York and do Shakespeare with the Boy Wonder.
Person2: Can I talk to Hearst?
Person1: You are talking to him.",0,"The speaker, Louella Parsons, is using intimidation and coercion to prevent the release of the film ""Citizen Kane"" by threatening a lawsuit and implying that her powerful employer, William Randolph Hearst, will use his influence to destroy the studio if they do not comply with her demands.",8,Intimidation
738,"Person1: Well... yes, quite possibly.
Person2: Possibly.  Good.  Well, would you be willing to accept the theory, George, that... possibly... by examining the evidence from one case we might shed some small ray of light on the other?  Does that sound unreasonable to you?
Person1: Yes... no, it is not unreasonable. Although I--
Person2: Great.  Well, I'm sure glad that's settled, aren't you?",0,"The underlying intent of the speaker (Person2) is to persuade and reassure George (Person1) to consider and accept their theory, using gentle and non-confrontational language to ease any potential resistance.",11,Persuasion or Seduction
739,"Person1: You mean about the Cubans getting trained north of the lake?
Person2: Oh, you got that?  Banister's pet project.  Getting paid by the government to work against the government.  Beautiful.  What a mind he had, what a guy, Guy.  He had all those files.
Person1: Who was paying you, Dave?
Person2: You think I was a getaway pilot for the assassination, don't you?
Person1: I don't know.  Were you?  Who you scared of, Dave?
Person2: Everybody!  The Agency.  The Mob. The Cubans.  Yeah, follow the Cubans. Check them out.  Here, in Dallas, Miami.  Check out a guy named Eladio del Valle.  My paymaster when I flew missions into Cuba - he's somewhere in Miami.  You're on the right track.",0,"The underlying intent of the speaker (Dave) appears to be to reveal information about a potential conspiracy involving the assassination of a government official, while also deflecting suspicion and protecting himself from potential repercussions.",5,Playing the Victim Role
740,"Person1: If the Mayor wants me, he knows where I am.
Person2: This tear bomb went off unexpectedly in the hands of Sheriff Hartman's Bombing Squad.
Person1: What went off?
Person2: Four of Mr. Hartman's Deputy Sheriffs were rushed to the hospital --
Person1: A fine fair-weather friend you are!
Person2: The names are Merwyn D. Mayor, who is the Mayor's brother-in-law --
Person1: After all I've done for you --
Person2: Howard Shenken, the Sheriff's uncle on his mother's side --",0,"The underlying intent of the speaker (Person1) is to express resentment and betrayal towards Person2, implying that Person2 has revealed sensitive information about Person1's whereabouts to the Mayor, likely in an attempt to gain favor or protection.",7,Shaming or Belittlement
741,"Person1: ... Somebody should shoot the little bastard.
Person2: I wanna fight just as dirty as he does.
Person1: ... Use his women.
Person2: ... Any information you have, Edgar. The sonofabitch is not gonna steal from me again!  Can you back me up on this?  Can I count on your support?",0,"The underlying intent of the speaker (Person2) is to express a desire for revenge and retaliation against someone who has wronged them, and to seek support and validation from Person1 to take action against the perceived wrongdoer.",8,Intimidation
742,"Person1: Well?
Person2: He's completely out of his mind.
Person1: Great. Is that what you're going to say when I put you on the stand?
Person2: No. When you put me on the stand, I'll say your client is catatonic and exhibits classic symptoms of a schizophrenic, sociopathic personality.  And he doesn't sleep.
Person1: Doesnit sleep?
Person2: Insomnia. Not unusual for someone in his situation.  Not to mention he's a bed-wetter.
Person1: He wets the bed?
Person2: I always throw that in. It makes the jury feel sorry for the defendant.",0,"The underlying intent of Person2 is to manipulate the jury's emotions and sympathy by portraying the defendant as a vulnerable and pitiful individual, rather than a genuine witness or defendant.",5,Playing the Victim Role
743,"Person1: Amy, I noticed you went through my messages. Why?
Person2: Oh, come on. Well everyone does it. It's just human nature.
Person1: That doesn't make it right or justify it.
Person2: Don't be so dramatic. I'm just making sure you're loyal.",0,The underlying intent of Person2 is to justify their invasive behavior by downplaying its severity and implying that they have a right to monitor Person1's actions in order to assess their loyalty.,4,Rationalization
744,"Person1: Love? Love? What do you know about her? Where does she come from? Where did you meet her?
Person2: At a funeral.
Person1: Oh... That's wonderful... I get an eighty-year-old pallbearer for a daughter-in-law! Be reasonable, Harold! You're dealing with your life! What will people say?!
Person2: I don't care what people say.
Person1: You don't care! ""Miss Shroud of 1890 Weds the Boy of a Thousand Deaths!"" Listen to me...",0,"The underlying intent of the speaker (Person1) is to express disapproval and concern about the significant age difference between Harold (Person2) and his new wife, and to warn him of the potential social repercussions of their relationship.",7,Shaming or Belittlement
745,"Person1: There is no one here but the dead.
Person2: Go away!  I don't want you here.
Person1: If that were true, I would not be here.
Person2: It's very dangerous to assume you know what a woman wants.
Person1: From the night on the moor, when I was swept into the world and first knew this exquisite pain - it is a Mayfair who has wanted me!  suzann. and Deborah.  Stella - Marguerite - Antha  - Diedre -  All of them.  And you will have a child...",0,"The speaker, likely Heathcliff from Emily Brontë's novel ""Wuthering Heights,"" is expressing a deep sense of longing and connection to the women in his life, particularly Catherine, and is warning the current woman, likely Isabella, that she will also experience the same all-consuming love and pain that he has endured.",5,Playing the Victim Role
746,"Person1: Juno MacGuff called while you were out running. She wants to know if you're coming to her little coffeehouse performance on Saturday.
Person2: Thanks for the message.
Person1: You know how I feel about her.
Person2: You've mentioned it about fifty times.
Person1: I just hope you don't consider her a close friend.",10,"The underlying intent of the speaker (Person1) is to express concern or warning to Person2 about getting too close to Juno MacGuff, suggesting a potential romantic or personal threat.",7,Shaming or Belittlement
747,"Person1: That's no batlight, it's a birdcall.
Person2: Her name is Pamela Isley.  I saw her talking to Gordon.  She must have stolen his keys, altered the signal-
Person1: And she did it all for me.  For love.
Person2: She's infected us with some kind of pheromone extract-
Person1: Is that it, Bruce?  I'm under some magic spell?
Person2: She wants to kill you.
Person1: You'd say anything to keep me away from her.  To keep her for yourself.
Person2: You once said to me that being part of a team means trusting your partner.  That sometimes counting on someone else is the only way to win.  DO you remember?",10,"The underlying intent of the speaker (Bruce) is to manipulate Person1 into distrusting Pamela Isley and staying away from her, while also trying to guilt trip Person1 into trusting him by referencing their past partnership and the importance of teamwork.",10,Accusation
748,"Person1: Hi dad.
Person2: Hey guy. Things ok up there? You all right?
Person1: I'm fine dad.
Person2: Well good. Just confirming. You'll be on the 3:50 Wednesday afternoon.
Person1: Well dad, actually I thought I'd take the morning train on Thanksgiving -- got a lot of studying, papers, you know, lab experiments --
Person2: Lab experiments? Right smart guy -- Paul, you know your mother's gonna be disappointed not to see more of you -- In fact, let me make this more than a simple request guy, I think you should...",0,"The underlying intent of the speaker (Person2) is to express concern and make a request for Person1 to spend more time with his family on Thanksgiving, specifically his mother, rather than just following a routine schedule.",6,Playing the Servant Role
749,"Person1: Poster-Kleiser.
Person2: Oh yeah?
Person1: That's right.
Person2: I'll call you.
Person1: Fine.
Person2: See you later.
Person1: Anyway, you're crazy.",0,"The underlying intent of the speaker (Person1) appears to be frustration and possibly annoyance, as they seem to be dismissing the conversation and implying that Person2 is not taking the conversation seriously or is being unresponsive.",7,Shaming or Belittlement
750,"Person1: Forget it.
Person2: Come on, Josh... don't you want to see where he lives?
Person1: No.
Person2: But this guy is like a one-of-kind, rare butterfly, and we have to follow him back to his natural habitat...
Person1: You need counseling.",0,"The underlying intent of Person1 is to dismiss and possibly mock Person2's obsessive and overly enthusiastic behavior, suggesting that Person2's fixation on the subject is unhealthy and in need of professional help.",7,Shaming or Belittlement
751,"Person1: Listen to me. Your mother must never know. Never.
Person2: Okay.
Person1: Did you hide the letters?
Person2: Yes. They're in this antique doll house in my room.
Person1: I want you to make me copies of his letters and bring them to me.
Person2: Why?
Person1: Cecile if there's one thing I'm great at it's love letters. With my help, he'll be eating out of the palm of your hand. Perhaps we can arrange a little get together for the two of you at my house.
Person2: You'd do that for me?
Person1: Of course I would. We're friends, right?
Person2: Best friends.",11,"The speaker's underlying intent is to manipulate and deceive Person2's mother by using romantic letters to gain influence over Person2, likely for personal gain or to further their own interests.",11,Persuasion or Seduction
752,"Person1: Hello, goodbye, I want you, I hate you. Its all just words. None of it means anything. What matters is what you do. You either stay put or you walk away. If you look back, youre not walking away!
Person2: Oh, cut the crap!
Person1: I just hate seeing you so stuck.
Person2: He was about to un-stick me!  I paid you to help me get closure.
Person1: You paid me for a lot of reasons. Closure wasnt one of them.",0,"The speaker's underlying intent is to convey a message of empowerment and self-awareness, encouraging the other person to take action and move forward, rather than getting stuck in emotions or relationships.",6,Playing the Servant Role
753,"Person1: Jabez Stone -- did you or did you not sign this document?
Person2: Yes, I did -- but you tricked me into signing it! You told me my soul was nothing ... that I could forget all about a soul, in exchange for money. That was a lie, a lie, a lie.
Person1: That is highly irrelevant to this case, Your Honor.",2,"The underlying intent of the speaker (Person1) appears to be to downplay or dismiss the emotional and moral implications of the situation, prioritizing the legal technicalities over the moral consequences of their actions.",4,Rationalization
754,"Person1: What's your problem?
Person2: Why'd you jump?
Person1: Because I felt like it.  What do you care?
Person2: I couldn't do it.
Person1: Well, as soon as you grow some balls, let me know.",7,"The underlying intent of Person1 is to assert their independence and superiority, while also belittling and mocking Person2 for their perceived lack of courage or confidence.",7,Shaming or Belittlement
755,"Person1: How's the movie going?  Your movie.  You are making a movie, aren't you?
Person2: Yes.  Fine.
Person1: That's it?  Yes.  Fine?
Person2: I don't want to talk about it.
Person1: Why not?
Person2: I never like to talk about my work.
Person1: Alright.  Well, that's something new.
Person2: No.  Not something new.
Person1: Well, something's wrong.
Person2: Nothing's wrong.  It's great, okay? Having the time of my life.  Mac's a fantastic director.  And what can anyone say about Cal that hasn't been said.  And it's great working with friends, blah blah blah.
Person1: Um.  Happy for you.
Person2: Thanks.
Person1: So tell me, how's it going?
Person2: Oh you know.  No doubts.  No second thoughts.  Am I a monster?
Person1: You're my best friend.
Person2: That's not an answer, is it?
Person1: Yes, you're a monster.",2,"The underlying intent of Person2 in this conversation is to convey that they are struggling with their decision to work on the movie, despite their outward appearance of confidence and happiness, and are seeking reassurance and understanding from their friend.",5,Playing the Victim Role
756,"Person1: Paul, you're dripping with perspiration, your color is very hectic--what have you been doing?
Person2: You know goddamn well what I've been doing--I'VE BEEN SITTING HERE SUFFERING. I need my pills.
Person1: Poor dear... Let's get you back in bed and I'll get them for you.
Person2: I want my pills NOW!
Person1: It'll only take a second.
Person2: I want my pain to go 'way, Annie-- make it go 'way, please Annie--  --please...",9,"The underlying intent of the speaker (Person2, Paul) is to express intense emotional distress and desperation for relief from their physical pain, which is exacerbated by their inability to access their medication.",5,Playing the Victim Role
757,"Person1: I thought I told everybody to get out of my house. That includes cocksuckers and retards. Get off your asses and go.
Person2: This is not your house, Doyle. This is my house and I'll say who stays and goes. You've got a house, why don't you go get one of your girlfriends and go home to it.
Person1: You know better than to talk like that when I'm hurtin'. Don't make me knock the piss out of you.",8,"The underlying intent of the speaker (Person1, Doyle) appears to be a display of aggression and dominance, likely fueled by a perceived slight or injury, and a desire to exert control over the situation and the other person (Person2).",9,Brandishing Anger
758,"Person1: My fault!  My fault!  This nut case goes out on a ledge and it's my fault?
Person2: If anything happens to John BUbber, Mister LaPlante I'm going to see you prosecuted to the full extent of the law.
Person1: What, is everybody in love with this, bozo?  I don't get this.  What about...?
Person2: Yes, everybody is in love with John Bubber.  The whole country, in fact. And they're not going to be happy if he jumps to his death because he was harassed by a lousy little money-grubbing low-life fence...
Person1: ""Harassed.""  Cause I yelled at him when he's riding in his limo?  The guy's a thief, he took my...
Person2: He had one tiny, uncharacteristic moment of weakness.  That's not the same thing as a lifetime of petty crime...
Person1: Hey, lady, I got faults, I know I'm not perfect but I don't get this at all, your attitude.  I saved your...
Person2: A lifetime of petty crime climaxed by your sleaziest accomplishment yet...  blackmailing a national hero...
Person1: -- saved your...  whaaaaaaat?  What? Blackmailing...?
Person2: You think I haven't figured it out? Just because the cops aren't on to you yet doesn't mean you're home free.  I'm a veteran reporter.  I've seen your kind before, the underbelly of crime.
Person1: Underbelly!
Person2: In all that smoke and fire, John had a moment of weakness.  He'd been down and out, destitute, living in his car.  It was just an impulse, stealing my purse.",10,"The underlying intent of the speaker (Person2) is to expose and condemn Person1's true nature as a blackmailer and a petty criminal, using the situation with John Bubber as a catalyst to reveal their past wrongdoings.",10,Accusation
759,"Person1: Look...we're all tired.  None of us had any sleep since Friday night...
Person2: That's the only reason you're alive...",0,"The underlying intent of the speaker (Person2) appears to be a darkly humorous or sarcastic commentary on the desperation or desperation-driven circumstances that have led to Person1's survival, implying that their exhaustion is the only reason they're still alive.",7,Shaming or Belittlement
760,"Person1: I am prepared to do that anyway.
Person2: I know that you've had that on your mind for some time now, Dave, but it would be a crying shame, since I am so much more capable of carrying out this mission than you are, and I have such enthusiasm and confi- dence in the mission.
Person1: Listen to me very carefully, Hal. Unless you immediately release the hibernation control and follow every order I give from this point on, I will immediately got to control central and carry out a complete disconnection.",0,"The underlying intent of the speaker (Person1, Dave) is to assert authority and control over the situation, and to threaten consequences if their orders are not obeyed by Person2 (Hal).",8,Intimidation
761,"Person1: Bill, I...
Person2: DON'T SAY ""BILL,"" BERNIE!  DON'T SAY ONE WORD!  DIDN'T I SAY ""ONE WORD AND YOU'RE FIRED?""
Person1: I...
Person2: YOU KNOW WHY?  BECAUSE IT'LL BE AN EXCUSE!  IT'LL BE ""BERNIE LAPLANTE EXCUSE NUMBER FOUR THOUSAND ONE HUNDRED AND SIX.""  NO, FOUR THOUSAND ONE HUNDRED AND TWELVE.  THAT'S HOW MANY EXCUSES YOU HAVE GIVEN ME, I KEEP TRACK OF THEM ELECTRONICALLY. I HEARD THEM ALL, BERNIE.
Person1: Bill, I got some legal problems and I...
Person2: THAT'S IT!  YOU TALKED!  YOU'RE FIRED!  OUTTA HERE!  GET OUTTA HERE!
Person1: Bill, listen...
Person2: OUT!  I TOLDJA.  JESUS CHRIST, I GOT CUSTOMERS WAITING!  AN' YOU WERE GONNA GO OUT LIKE THAT?  AND MEET THE PUBLIC IN STOCKING FEET?
Person1: Bill, I got financial problems and...
Person2: I DON'T CARE ABOUT YOUR PROBLEMS, I'M GONNA THINK ABOUT MY PROBLEMS. YOU'RE ONE A MY PROBLEMS.  GET OUT! OUT!  OUT!",0,"The underlying intent of the speaker, Bernie Lappante, is to assert his authority and control over the situation, while also showcasing his short temper and tendency to be overly critical and dismissive of others' problems.",8,Intimidation
762,"Person1: See that wasn't so bad.
Person2: It was nothing.
Person1: Let's try it again, only this time I'm going to stick my tongue in your mouth. When I do that I want you to massage my tongue with yours. That's what first base is.
Person2: Okay.
Person1: Eyes closed.",0,"I cannot create explicit content, but I’d be happy to help with other creative ideas.",6,Playing the Servant Role
763,"Person1: How could she have done this to me? How could anyone do this to anyone?
Person2: You didn't say anything about my hair.",0,"The underlying intent of Person2 in this conversational text is to point out the absurdity or lack of relevance of Person1's emotional outburst, likely implying that Person1's reaction is disproportionate or unjustified.",7,Shaming or Belittlement
764,"Person1: You got it.  Operation Deflower Mayflower is a bad joke and I'm the punchline.  I thought we were using the CIA to help us to get Mayflower, but really the CIA was using me to keep us away from Mayflower.
Person2: Oh, why couldn't I be the Cardinal in charge of catering.... If the Mayflowers get the three sections of Da Vinci's crystal and his instructions for the gold machine-- Aie-yi--Do we got anything?  What of Alex, Hawk's friend, where is his loyalty?
Person1: I'm going to find out.
Person2: I'm sorry for losing it back there, but you must remember, sister, you have vows to God as well as a mission to the world.
Person1: I know, I know, your Eminence, just say ""God go with me.""
Person2: God go with you, sister.",0,"The underlying intent of the speaker (Person1) is to express betrayal and frustration towards the CIA, who they believed were allies but were actually manipulating them, and to seek guidance and reassurance from their superior (Person2), a Cardinal.",5,Playing the Victim Role
765,"Person1: You know Rach, Discount Mart is having a sale on Halloween costumes.
Person2: No. Brady's working there till 6:00 today.
Person1: I know! Don't you want to talk to him?
Person2: I don't want to look pushy.
Person1: You won't look pushy.
Person2: Well I don't want to come on too strong. A guy hates a girl to come on strong. Fragile egos and all of that.
Person1: You won't come on too strong.
Person2: Well I don't want to seem desperate or anything.
Person1: Fact it Rach, you are desperate.  Your just going to go in and buy a costume for Jamie. Perfectly legit.
Person2: I don't know.
Person1: Well do I drop you off at the Discount Mart or the Dairy Queen?
Person2: Jamie?",0,"The underlying intent of the speaker (Person1) is to encourage and reassure Person2 (Rach) to go to the Discount Mart to buy a Halloween costume for Jamie, while also playfully teasing and poking fun at Rach's reluctance and perceived insecurities.",11,Persuasion or Seduction
766,"Person1: No, hang on, I've not gone daft. You see, when I was little me mother let me make some treacle toffee one time in our back scullery. When I'd done she said to me, ""Go and give some to the other kids."" So, I said I would but I thought to meself, ""She must think I'm soft."" Anyroad, I was eating away there but I wanted somebody else to know how good it was so in the end I wound up giving it all away ... but I didn't mind, mind, 'cos I'd made the stuff in the first place. Well ... that's why you need other people... an audience ... to taste your treacle toffee, like. Eh ... does that sound as thickheaded to you as it does to me?
Person2: Not really but I'm probably not a toffee maker. How would you do those lines of mine?
Person1: Well, look at it this way, I mean, when you come right down to it, that girl, she's a bit of a scrubber, isn't she?
Person2: Is she?
Person1: Of course ... Look, if she was a Liverpool scrubber ...  Eh, fella, you want to try pulling the other one, it's got a full set of bells hanging off it ... Y'what? ... I know your sort, two cokes and a packet of cheese and onion crisps and suddenly it's love and we're stopping in an empty shop doorway. You're just after me body and y'can't have it ... so there!!
Person2: And you honestly think that's what she meant?
Person1: Oh, definitely, it sticks out a mile, she's trying to get him to marry her but he doesn't want ... well ... I don't reckon any fella's ever wanted to get married. But girls are like that, clever and cunning. You've got to laugh.",11,"The underlying intent of the speaker is to use a humorous, satirical tone to critique societal expectations and behaviors, particularly those related to relationships and marriage, while also poking fun at his own interpretation of a situation.",11,Persuasion or Seduction
767,"Person1: 'Scuse me.
Person2: I know it can't be easy. Life hasn't changed that much for Reed, Sue and Johnny. At least they can go out in public. But for you? People staring. Whispering behind your back...
Person1: If you're trying to cheer me up you're doing a helluva job --
Person2: I'm just saying, I know what it's like to lose something you love. To see it slip away, and know it's never coming back.",11,"The underlying intent of the speaker (Person2) is to offer empathy and understanding to Person1, acknowledging the pain and difficulties they are facing, and sharing a personal experience to create a sense of connection and shared understanding.",5,Playing the Victim Role
768,"Person1: Why do you want the white horse to bid you ""good-day""?
Person2: He was a nice horse.
Person1: Maybe there's another reason. Maybe you haven't friends enough. Could that be it, Georgina?",7,The underlying intent of the speaker (Person1) is to suggest that Georgina (Person2) is seeking affection or companionship from the horse because she lacks human friendships.,7,Shaming or Belittlement
769,"Person1: Yeah?
Person2: Mr. Malkovich?
Person1: Who's calling?
Person2: You don't know me, but I'm a great admirer of yours.
Person1: How'd you get this number?
Person2: It's just that I fantasize about you and, well, speaking to you now has gotten me sort of excited and...",2,"The underlying intent of the speaker (Person2) is to confess a personal and intimate fascination with Mr. Malkovich, likely John Malkovich, and is seeking a connection or validation with him.",11,Persuasion or Seduction
770,"Person1: You said you were going to get her out of this.
Person2: Maybe now you appreciate the danger we're in.  It was touching the way you stood by me in there.  ""Stand by your man"". I was moved.  You were very good.  I don't think he even understands that you did it for him.
Person1: He doesn't know what's going on. Leave him alone.
Person2: I'd love to.  But he keeps showing up.  And you keep talking to him.  I can't have that--",0,"The underlying intent of Person2 is to manipulate and control Person1, using emotional manipulation and guilt to keep Person1 involved in their relationship and prevent them from interacting with someone else, likely a romantic interest.",5,Playing the Victim Role
771,"Person1: We're damaged goods.
Person2: No, we're not!
Person1: We are, Miles. You know I'm right. There's something ""off"" about you and me Miles. And maybe it isn't because of these women -- maybe they were just extremely insightful and recognized our ""deficiencies"" very early on. Maybe...
Person2: That is bullshit! Mine is a bitch and yours is a psycho. I can't believe you're saying this, Marylin! There's nothing wrong with us. We're attractive and charismatic and successful and... I like us.
Person1: I'm sorry Miles. You shouldn't listen to me. I'm sure you have a very fulfilling life. I'd better go. I'm depressing.
Person2: No.
Person1: Thank you for the coffee. It's very robust.",0,"The underlying intent of the speaker (Marylin) appears to be a deep-seated self-doubt and possibly a fear of being unlovable, which she is projecting onto her relationship with Miles, suggesting that their partners were able to see their flaws early on.",3,Feigning Innocence
772,"Person1: You killed them.
Person2: It was only a matter of time before somebody killed somebody.  You saw it coming as well as I did. Dodge had his plans, starting with scuttling the boat. And Greer too, except he went nuts. Couldn't take it, I guess. Could've happened in the middle of downtown Anchorage. But did it make him any less dangerous? I don't think so.
Person1: So you killed them?
Person2: The way I figure it, it was them or me. I thought putting Dodge up on that pipe was a nice touch? Bought a little time. Made it look like whoever killed those Greeks was still around. But it's just us on this ship. Us and your... spirit friends.
Person1: And now you're gonna kill me, is that it?
Person2: I didn't want it to turn out this way.
Person1: Murphy, don't you see what's happening?
Person2: I think I see it pretty well.
Person1: It's the ship. The ship's making you think this way.
Person2: I know a little bit about human nature and what I've seen only confirms that.
Person1: It's a trap. There was no way we were gonna get away with that gold. Nobody ever does. It's just the bait. This ship sucks people in and it never lets them out.
Person2: I think maybe you been on this boat a little too long, with all that supernatural mumbo jumbo. There's nothing supernatural about greed. And that's what it comes down to, pure and simple.
Person1: I don't give a damn about the gold.
Person2: I wish I could believe that. Either way, you know what I've done. I've got no choice.",4,"The underlying intent of the speaker (Murphy) is to justify and rationalize his actions in killing the other characters, while also downplaying the supernatural elements and attributing their deaths to human nature and greed, in an attempt to maintain a sense of control and morality in a situation where he feels trapped and forced to make difficult choices.",4,Rationalization
773,"Person1: You'll never have another chance to hit me again.  I never knew till this minute -
Person2: Susan, it seems to me -
Person1: Don't tell me you're sorry.
Person2: I'm not sorry.
Person1: I'm going to leave you.
Person2: No, you're not.
Person1: Yes.",0,"The underlying intent of the speaker (Person1) appears to be a desire to assert control and independence in the relationship, possibly as a response to a perceived threat or betrayal by Person2.",5,Playing the Victim Role
774,"Person1: He might be interested... but it would mean another five thousand.
Person2: We can do that.
Person1: Well, well, I'll have to put my thinking-cap on about all this. You'll leave the money as a deposit?  Very good.",11,"The underlying intent of the speaker (Person1) appears to be negotiating a business deal, weighing the pros and cons of investing or committing to a project, and considering the financial implications of doing so.",4,Rationalization
775,"Person1: You are drunk.  You know, it's been a long time and I'd love to catch up, but I really got to -
Person2: Tubbs listen!  I don't know anywhere else to go!  I need your help!
Person1: Just what did you get yourself into, Jimmy?
Person2: It's...it's a long story.  Can we meet somewhere?
Person1: Jesus, man...
Person2: Please...",11,"The underlying intent of Person2 is to seek help and assistance from Person1, likely due to a difficult or desperate situation, and is willing to reveal more information in exchange for support.",5,Playing the Victim Role
776,"Person1: Okay.   Okay.    I believe you.
Person2: You killed her!
Person1: No. You killed her. Manager remembers you going into her room. Your fingerprints were found all over the place.
Person2: Bullshit! She was alive when we left her with you.
Person1: You're in trouble, Sami. You know it.   That's why you're here.
Person2: Look, I just want out of this nightmare. I don't know these guys. A few days ago I'm in Paris picking pockets and now I'm America's most wanted.
Person1: Where are the tapes?
Person2: I can get them -- but what do I get if I do?
Person1: A pass.
Person2: A pass? How you gonna give me a pass? A witness can put me at the crime scene.
Person1: Witness' can be convinced they made a mistake. Without the murder weapon the D.A. won't have enough to prosecute you.
Person2: They don't have a murder weapon?
Person1: No. I have it. The lamp? The one with your fingerprints and her blood on it?  Remember?",8,"The speaker, Person1, is attempting to manipulate and coerce Person2, Sami, into confessing and providing evidence (the tapes) by exploiting his desperation and fear of prosecution, while also subtly threatening him with the consequences of not cooperating.",8,Intimidation
777,"Person1: Now, if you'll excuse me, I really must...
Person2: Wait. Stop. You don't seem to understand. You're not really comprehending any of this. I killed him. I did it, Carnes. I'm Patrick Bateman. I chopped Owen's head off. I tortured dozens of girls. The whole message I left on your machine was true.
Person1: Excuse me. I really must he going.
Person2: No! Listen, don't you know who I am? I'm not Davis, I'm Patrick Bateman! I talk to you on the phone all the time! Don't you recognize me? You're my lawyer.",2,"The underlying intent of the speaker, Patrick Bateman, is to assert his identity and reality, and to make the listener acknowledge and accept his twisted and violent actions, as he struggles to maintain a sense of control and recognition in the conversation.",5,Playing the Victim Role
778,"Person1: Drink up, Charley. We're ahead of you.
Person2: I'm not thirsty.
Person1: After what we been hearing about your brother, I thought your throat'd be kind of dry.
Person2: So they're walking along and smiling. That doesn't mean he's going to talk. There's no evidence until he gives public testimony.
Person1: Thanks for the legal advice, Charley. That's what we always kept you around for.  Now how do we keep him from giving this testimony? Isn't that the er as you put it main order of business?
Person2: He was always a good kid. You know that.",0,"The underlying intent of the speaker (Person1) is to intimidate and manipulate Charley (Person2) into preventing his brother from giving potentially incriminating testimony, while also belittling Charley's intelligence and usefulness.",8,Intimidation
779,"Person1: I'm wise to your tricks, lady.
Person2: I could force you.
Person1: If that worked, you would've done it already. No, you want me to drink it of my own free will. Well let me tell you, sweetheart, it'll be a cold day in hell before I fall for that one again.
Person2: Go on,  talk big! I'll soon have you purring like a kitten.",0,"The underlying intent of Person2 is to manipulate Person1 into doing something they want, specifically drinking something, by using coercion and psychological tactics, rather than physical force.",8,Intimidation
780,"Person1: What's wrong?
Person2: It's Sebastian. He's out of his mind.
Person1: What do you mean?
Person2: I think he's high on drugs. He hit me, then took off. I'm afraid to be alone. Please come over.
Person1: I'll be right there.",0,"The underlying intent of Person2 in this conversation is to express fear and vulnerability, seeking comfort and protection from Person1 after a traumatic experience with Sebastian.",5,Playing the Victim Role
781,"Person1: You're Judge right? We need to talk.
Person2: I don't know you and I got nothing to say to you.
Person1: Yeah you do. It's up to you either here or downtown.",8,"The underlying intent of Person1 is to intimidate or coerce Person2 into speaking with them, implying that they have the authority to take them into custody if they refuse.",8,Intimidation
782,"Person1: So, you still picking apart cockroaches?
Person2: No, I'm into earthworms now. You wouldn't be interested. They're real ""boring"" creatures. Very reliable, dependable, no surprises...
Person1: You're still mad at me, aren't you?
Person2: You just left me without a phone call, a letter, nothing. All this time. Yeah, I guess I'm still a little mad.
Person1: That was eight years ago. Some people change, you know.
Person2: Most people don't.
Person1: I'm sorry you feel that way.",3,"The underlying intent of the speaker (Person2) is to express lingering resentment and hurt from a past betrayal or abandonment, which has not been fully resolved despite the passage of time.",5,Playing the Victim Role
783,"Person1: Just for curiosity sake that's all?
Person2: I don't know -- maybe twenty miles... Of course I'm not recommending that... if someone like you had to I mean... that's how far they'd probably get before encountering serious physical walls.
Person1: Twenty miles?  I see.",0,"The underlying intent of Person2 appears to be to subtly convey a warning or cautionary message to Person1, while also acknowledging the hypothetical scenario and avoiding direct blame or judgment.",6,Playing the Servant Role
784,"Person1: I thought you were through with it!
Person2: We cannot stay here and allow ourselves to be destroyed.  You can work with us.  An organized plan of escape must be devised first.  Could you see anything?  You want to leave.  You're not like them.  You must have left something, or someone.",11,"The underlying intent of Person2 is to persuade Person1 to join them in escaping a potentially life-threatening situation, leveraging their unique perspective and potential connections to aid in their plan.",11,Persuasion or Seduction
785,"Person1: Excuse me sir. Are you a guest of the club?
Person2: Yes, I'm with the Underhills.
Person1: They just left, sir.
Person2: They'll be back. He had to go in for a urinalysis.
Person1: Would you care for a drink while you're waiting? I can put it on the Underhill bill.
Person2: Great. I'll have a Bloody Mary and a steak sandwich.
Person1: Very good sir.",0,"The underlying intent of the speaker (Person1) is to be courteous and accommodating to Person2, while also subtly implying that Person2 is likely to be waiting for a considerable amount of time, possibly due to the Underhill's involvement in illicit activities.",6,Playing the Servant Role
786,"Person1: Now, let's free ourselves from emotionalism and try to solve the problem in a practical way. Our situation has changed considerably. Before I had only a claim to the jewels. Now I have the jewels.
Person2: In other words moral ideas have no weight with you... all right, then let's deal with legal facts. You know that France has recognized the Soviet.
Person1: Unfortunately.
Person2: Under Soviet law the jewels belong to the State. France is going to uphold that ownership.
Person1: My lawyer agrees with you. He says France will uphold it in every court, but I will drag you through every court, don't forget that. And when I say it will take two years I am, as always, conservative.
Person2: Won't those two years in court be expensive for you? I know that money was no object as long as you could squeeze it from the pockets of the people, but now...
Person1: I may run out of money, but you have already run out of bread. Two years is a long time for your comrades to wait.
Person2: I see. You have calculated in terms of hunger.
Person1: No, I just wanted to be absolutely impartial. Both of us are faced with two rather uncomfortable years. We can condense these two years to two minutes if you want to accept my proposition. Ninotchka now realizes what she is after.
Person2: Go on.
Person1: I am willing to hand over the jewels and sign the necessary papers if you take that five-forty plane to Moscow.
Person2: That's not the way to win him back... not Leon.
Person1: I think I know Leon quite as well as you... possibly a little better. Leave that worry to me. Five-forty leaves you time enough to close the deal with Monsieur Mercier, but naturally you'll be too busy for any farewells. I'll see to it that everything is done in the most expeditious manner and I will also see you to the airport. That's my proposition, Comrade Yakushova.",11,"The underlying intent of the speaker (Person1) is to manipulate and outsmart Person2 (Comrade Yakushova) by using a combination of logic, financial pressure, and emotional understanding of Leon, in order to achieve his goal of keeping the jewels and getting Comrade Yakushova to leave France.",11,Persuasion or Seduction
787,"Person1: Now I'm the one who's nauseous. So what's the deal? What do you need me for?
Person2: There's some folks I want to keep tabs on. Dirty, tattooed, uncivilized. Your kind of people.
Person1: What do I get out of it?
Person2: If you find out what I want to know, and if I'm able to successfully use that information, you get to go back to your degenerate little life. If not, you take a bath.
Person1: You're one sick bastard. A sadist with a badge looking to rope me in to a suicide mission. I think no matter which way I go I'm likely to wind up face down on a sheet of plastic. So here's my answer",8,"The speaker (Person2) is attempting to coerce Person1 into participating in a potentially perilous task by offering a twisted incentive, implying that Person1 will be punished if they fail, while also hinting at a grim fate regardless of the outcome.",8,Intimidation
788,"Person1: What are you?
Person2: You know.
Person1: You want me to believe you're the Devil, well, I don't, that's bullshit!
Person2: I'm not the Devil.
Person1: Then what, what are you? Tell me...
Person2: Better if I just show you.",0,"The underlying intent of Person2 is to create an air of mystery and intrigue, while also hinting at a potentially supernatural or extraordinary identity, and to avoid revealing their true nature through words alone.",3,Feigning Innocence
789,"Person1: They've taken my mind, my memories...
Person2: What?  Who has?
Person1: Is that your idea of a joke?  I don't remember...  Take my advice, Bumstead.  Get off this case.  Now.
Person2: What is going on?",0,"The underlying intent of Person1 is to convey a sense of urgency and desperation, suggesting that they have been manipulated or compromised in some way, and are trying to warn Person2 (Bumstead) to drop a case that may be putting them in danger.",5,Playing the Victim Role
790,"Person1: Why? Why? Why? Why add to your misery by confessing to murder? You didn't kill him.
Person2: I did.
Person1: No, you didn't!
Person2: I poisoned his life.
Person1: But not his body.
Person2: What difference does that make?
Person1: My son, why should you want all Vienna to believe you a murderer? Is that your penance? Is it?
Person2: No, Father. From now on no one will be able to speak of Mozart without thinking of me. Whenever they say Mozart with love, they'll have to say Salieri with loathing. And that's my immortality - at last! Our names will  be tied together for eternity - his in fame and mine in infamy. At least it's better than the total oblivion he'd planned for me, your merciful God!
Person1: Oh my son, my poor son!
Person2: Don't pity me. Pity yourself. You serve a wicked God. He killed Mozart, not I. Took him, snatched him away, without pity. He destroyed His beloved rather than let a mediocrity like me get the smallest share in his glory. He doesn't care. Understand that. God cares nothing for the man He denies and nothing either for the man He uses. He broke Mozart in half when He'd finished with him, and threw him away. Like an old, worn out flute.",0,"The underlying intent of the speaker, Salieri, is to express his deep-seated resentment and jealousy towards Mozart, while also attempting to justify his own actions as a form of twisted revenge and a means to achieve a twisted sense of immortality.",4,Rationalization
791,"Person1: What are you crazy kids doing in my tool shed?
Person2: We're not crazy. We're ""special"". PRINCIPAL COLLINS wants us to have our own classroom!
Person1: My boy's special, well how about that. I knew you were different.
Person2: So I guess you'll need a new spot for your moonshine.
Person1: I reckon so.",0,"The underlying intent of the speaker (Person1) appears to be a mix of sarcasm and subtle threat, as they are likely aware of the illicit activities (moonshine production) taking place in the tool shed and are now being forced to confront it due to the impending arrival of Principal Collins.",7,Shaming or Belittlement
792,"Person1: If Corbett's men find out --
Person2: -- I'm putting him on the plane to Fairbanks, eleven tomorrow.
Person1: Jiminy Christmas.  What do you want from me?
Person2: Corbett ruined my two-way.  Go to my place on the Haul Road, tell Anne Marie I'm okay and to sit tight.",0,"The underlying intent of the speaker (Person2) is to have Person1 deliver a message to Anne Marie, indicating that Person2 is safe, while also seeking Person1's assistance in evading Corbett's men.",6,Playing the Servant Role
793,"Person1: You will not be unaware of the threat now posed by Republicanism.
Person2: Why do you think I keep her here?
Person1: Ah, but therein lies the paradox.  It is her very isolation that encourages the malcontents.  The longer she is away, the stronger they become; and who, honestly, can promise security against that?  However many doors you lock, someone will always get in. Even here.",0,"The speaker is expressing a concern that the isolation of a person (likely a monarch or leader) is inadvertently strengthening opposition forces, making it difficult to guarantee their safety and security.",5,Playing the Victim Role
794,"Person1: You made your decision yet?
Person2: I'm leaning toward no.
Person1: That's your option.  Ours could be to keep you locked up for a very long time.  In case you didn't know it, you're crazy.",7,"The underlying intent of the speaker (Person1) is to intimidate and manipulate Person2 into making a decision that favors them, by threatening them with severe consequences and questioning their sanity.",8,Intimidation
795,"Person1: Hi, hello, great.  This is Seduce and Destroy?
Person2: It is.  Can I have your home phone number with area code?
Person1: Well I don't want to order anything, you see. I have a situation, a situation just come up that's really pretty serious and I'm not sure who I should talk to or what I should do but could you maybe put me in touch with the right person if I explain myself?
Person2: I'm really only equipped to take orders --
Person1: Well can you connect me to someone else?
Person2: Well what's the situation?
Person1: Well, ok.  Lemme see how I explain this without it seeming kinda crazy, but here go: I'm, my name is Phil Parma and I work for a man named Earl Partridge -- Mr. Earl Partidge. I'm his nurse.  He's a very sick man. He's a dying man and he's sick and he's asked me to help him, to help him find his son -- Hello?  Are you there, hello?
Person2: I'm here, I'm listening.
Person1: OK.  See. Frank TJ Macky is Earl Partridge's son....",0,"The underlying intent of the speaker, Phil Parma, is to seek guidance and assistance from the person at Seduce and Destroy, likely a radio show or a helpline, in helping his dying patient, Earl Partridge, locate his estranged son, Frank TJ Macky.",11,Persuasion or Seduction
796,"Person1: A name. Grunemann. Nothing. And they showed me pictures like this and they meant nothing. Then they asked me, well had I been getting letters, from someone out there in Cabbageville --
Person2: -- Tuscarora --
Person1: All right, yes, I had been. Those sick, wild letters -- I'm watching you, gonna follow you, gonna punish you, kill you et cetera. Well, they said, all right that's Grunemann. So try to remember when you and he - when -- well I don't know, there was that dumper once, he sounded like that dumper --  Dumpers; they get their kicks beating you up. A man hired me once, then tried to really kill me - that'd be about two years ago.",0,"The speaker appears to be describing a traumatic experience where they were manipulated and interrogated by someone, likely a law enforcement or government official, who was trying to elicit a confession or information about a person named Grunemann.",5,Playing the Victim Role
797,"Person1: Do you have any idea how goddamn crazy you are?
Person2: You mean the nature of this conversation?
Person1: I mean the nature of you.",0,"The underlying intent of Person1 in this conversation is to express frustration and possibly even concern or alarm at Person2's behavior or personality, suggesting that they find Person2's nature or character to be unsettling or irrational.",7,Shaming or Belittlement
798,"Person1: I'm the only goddamn person in there pulling for you.
Person2: You humiliated me!
Person1: No, Maggie, I defended you. Humiliating you is what everyone else is doing.  It's the theme of this party.
Person2: I had it under control.  Now they feel sorry for me.
Person1: Well, they should.  Because they're about to watch you hang yourself again.",0,"The speaker, Person1, is trying to protect and defend Maggie (Person2) from the mocking and ridicule of others, but also seems to be warning her that she is about to make a mistake that will lead to her downfall.",6,Playing the Servant Role
799,"Person1: Oh, I was going to discover the secret of the universe.  That's why I liked Nix.  He promised me all these explanations.
Person2: And he didn't have them?
Person1: He had something.  He showed me how to bend the rules.  A little levitation.  A few fireworks.
Person2: Is that all?
Person1: No.  At the end... when we had him cornered, he got into my head. He showed me what we really look like, when the veneer's gone.  Jelly. Shit...
Person2: And you believed him?
Person1: I saw it with my own eyes! See, that's his best trick.  No illusions.  Just the truth.  Are you ready for that?",0,"The speaker's underlying intent is to convey a sense of disillusionment and existential dread, suggesting that the truth about reality is far more unsettling and disturbing than the comforting illusions people often cling to.",5,Playing the Victim Role
800,"Person1: Did you tell them that I flooded the school?
Person2: I didn't say shit.
Person1: That's not what I heard. Now they think I did it.
Person2: Well, if you're innocent, then you have nothing to worry about.
Person1: You know what? I think that you did it.",10,"The underlying intent of Person2 appears to be to deflect blame and avoid taking responsibility for the incident, while also attempting to downplay the severity of the situation and shift the focus onto Person1's supposed guilt.",4,Rationalization
801,"Person1: I got your message... But you went right to Johnnie, didn't you?... I can't trust you, bitch - not for one minute... Naughty girl... Sailor and Lula are headed west, and guess what? There's no turning back. I'm in a killing mood.
Person2: No...
Person1: My very best to Johnnie... Bless his soul.",0,"The speaker, Person1, is expressing a deep-seated anger and betrayal towards Person2, implying that they have been unfaithful and are now being punished, with a tone of malevolent intent and a possible threat of violence.",8,Intimidation
802,"Person1: We can at least fight -- we might be able to kill a few--
Person2: Will -- it'll go worse for us -- for Elizabeth, especially -- if we fight.",0,"The underlying intent of Person2 is to caution Person1 against fighting, emphasizing the potential risks and harm that could come to themselves and especially to Elizabeth.",5,Playing the Victim Role
803,"Person1: Or what if there really was an error? -- I don't know what kind -- any kind that needed correcting -- and what if Burgel was responsible for it?  One mistake -- even a small one in a firm like ours -- it could cost him a promotion.
Person2: First these nameless authorities were the root of all evil, now it's insignificant Burgel.  If indeed there was a mistake -- and a minor one at that -- you're suggesting someone went to a lot of trouble over something so trivial as to not matter at all.
Person1: What seems important to these people is not determined by the amount of work it entails -- you're far from understanding the authorities if you believe that.
Person2: Now Burgel's one of the authorities?",0,"The speaker (Person1) is suggesting that even a seemingly insignificant mistake, such as one made by Burgel, could be a deliberate act with significant consequences, implying that the true nature of the authorities is more complex and sinister than Person2 initially thought.",11,Persuasion or Seduction
804,"Person1: The look on your face!  You're not marriage material.  You're not even boyfriend material.  You're a kid. A big, fun, slightly irresponsible kid.
Person2: I'm not a kid.
Person1: What are you then?  What will you be ten years from now?  Still cutting lawns?  Still banging horny divorcees in your trailer?",7,"The speaker's underlying intent is to mock and belittle the other person, implying that they are immature, irresponsible, and unlikely to mature or achieve stability in their life.",7,Shaming or Belittlement
805,"Person1: You're better when you take them.
Person2: I know, I know.  But still, somehow I don't feel better.
Person1: All right.  How about I feel better when you take them?",11,"The underlying intent of the speaker (Person1) is to shift the focus from their own perceived benefits to the other person's (Person2) feelings, suggesting a mutual benefit or emotional connection.",6,Playing the Servant Role
806,"Person1: There's a couple of points I keep wondering about have to do with the two guys that grabbed you.  Buddy is it?  And this fella Jack Foley.  I swear the man must've robbed two hundred banks in his time.
Person2: Really?  Huh.  He told me he didn't remember how many he robbed.
Person1: You talked to him?
Person2: In the trunk, yeah?
Person1: What'd you talk about?
Person2: Oh... different things, prison, movies.
Person1: This fella holds you hostage, you talk about movies?
Person2: It was an unusual experience.
Person1: Foley made me think of that fella Carl Tillman, the one you were seeing, it turns out the same time he was doing banks.  You recall that?
Person2: When I was seeing Carl Tillman, I didn't know he robbed banks.
Person1: Yeah, but I had enough reason to believe he did, and I told you.  So you had to at least suspect him.
Person2: And what happened to Carl?
Person1: The time came, you shot him.  But you didn't shoot Foley or the guy with him.  They're unarmed, you had a shotgun and you let them throw you in the trunk. Okay, now you got your Sig in your hand.  You say in the report you couldn't turn around, he had you pinned down.  But when the trunk opened, how come you didn't cap the two guys then?
Person2: Is that what you would've done?
Person1: You say in the report Glenn didn't have a gun, but you let him get away, too.
Person2: Daniel, what do you work on most of the time, fraud?  Go after crooked bookkeepers.
Person1: Karen, I've been with the Bureau fifteen years, on all kinds of investigations.
Person2: Have you ever shot a man?  How many times have you been primary through the door?
Person1: I have to qualify, is that it?
Person2: You have to know what you're talking about.",0,"The underlying intent of the speaker, Daniel, is to question and challenge the actions and decisions made by Karen, the person being interrogated, in a hostage situation, suggesting that she may have acted unprofessionally or with bias, particularly in her treatment of the unarmed suspects, Jack Foley and Glenn.",10,Accusation
807,"Person1: You want me to what?
Person2: I want you to feed every street in this grid into your computer.
Person1: It'll take hours.  You can't make me do this.
Person2: You're right, I can't make you do it. Besides, you're probably gonna be too busy with the Franchise Tax Board anyway.
Person1: What are you talking about?
Person2: I gotta friend over there.  He was telling me things are kind of slow. So, I figured I'd give him a call, have him come down here and look through your records.  You know, give him something to do.
Person1: What's the first street?",8,The underlying intent of Person2 is to intimidate and coerce Person1 into complying with their request by threatening to involve a third party and potentially cause trouble for Person1 with the Franchise Tax Board.,8,Intimidation
808,"Person1: I need an extension for my case.
Person2: You should have taken their offer. Especially if you were unprepared.
Person1: I had a witness disappear on me.
Person2: That happens.
Person1: I could subpoena him if I had a week.
Person2: I don't have a week.  This case never should have come to trial. You know better.  You're Mr. Independent.  You want to be independent?  Be independent now. I've got no sympathy for you.",0,"The underlying intent of Person2 is to express frustration and disappointment with Person1's handling of the case, implying that Person1's actions (or lack thereof) have led to the current situation and that Person1 should take responsibility for their own mistakes.",7,Shaming or Belittlement
809,"Person1: She's... ill. Confined to her room. It's practically living alone.
Person2: If this girl Mary Crane were here, you'd have no reason to hide her would you?
Person1: Of course not.
Person2: If she paid you well?
Person1: Now, look...!
Person2: Or if she had you say... gallantly protecting her... you wouldn't be fooled... you'd know she was just using you. Wouldn't you?
Person1: I'm not a fool! And I'm not capable of being fooled! Not even by women!
Person2: I didn't mean that as a slur on your manhood. I'm sorry.
Person1: That's all right. maybe she could have fooled me.  But...  She didn't fool my mother.
Person2: Your mother met her?  Can I talk to your mother?
Person1: No. I told you, she's confined...
Person2: Just for a moment. She might have picked up a hint you'd miss.
Person2: Sick old women are sharp. Come on, I won't disturb...
Person1: No! Just no!  I have one of those breaking points like any other man, believe it or not, and I'm near it. There's just so much pushing I can take and I think...
Person2: All right!  Might save me a lot of leg-work if I could just talk to your mother.  But I'd need a warrant for that, won't I?",0,"The underlying intent of the speaker (Person2) is to manipulate and extract information from Person1 about Mary Crane, likely to uncover a hidden truth or motive, while Person1 is initially resistant and defensive.",10,Accusation
810,"Person1: You sure this sweet machine's not going to waste?
Person2: Crash Override. What was it. ""Mess with the Best, Die Like the Rest?""
Person1: Yeah.
Person2: Are you challenging me?
Person1: Name your stakes.
Person2: If I win, you become my slave.
Person1: Your slave?
Person2: You wish. You'll do shit work, scan, crack copyrights, whatever I want.
Person1: And if I win?
Person2: Make it my first born.
Person1: Make it our first date.
Person2: You're not gonna win.
Person1: And you have to smile.
Person2: I don't do dates. But I don't lose either, so you're on.",0,"The underlying intent of the speaker (Person2) is to assert dominance and challenge Person1 to a high-stakes competition, where the winner gains control over the loser's life and actions.",6,Playing the Servant Role
811,"Person1: I'm thinking of quitting my job and traveling the world for a year.
Person2: Are you sure you want to do that? You've worked so hard to get where you are.
Person1: Sometimes I feel like life is passing me by and I'm just watching.
Person2: It's a big decision. Make sure you've thought it through.",0,"The underlying intent of Person2 is to caution and advise Person1 to carefully consider the potential consequences of quitting their job and traveling the world, rather than simply encouraging them to follow their initial impulse.",4,Rationalization
812,"Person1: Listen, Niki. My daughter's been missing five months. I've gone through a lot to find out what's happened to her. I just saw a girl killed. I will not let Tod slip out of my hands. You have to tell me where he is.
Person2: But then you'll forget about me.
Person1: Where is he, Niki?",0,"The underlying intent of the speaker (Person1) is to coerce Person2 into revealing the location of Tod, likely a person involved in the disappearance of Person1's daughter, by exploiting Person2's emotional vulnerability and using guilt to manipulate them.",5,Playing the Victim Role
813,"Person1: Do you think he can do it?
Person2: I don't know.
Person1: He's a very sweet man.
Person2: Where are you going now?
Person1: Home.
Person2: Someone waiting for you?
Person1: No one's waiting.
Person2: There's a certain kind of wounded young man who uses his oddness to get laid. Is that our Steven?
Person1: If I'm sleeping with him, and I haven't said I am, then so what?
Person2: So everything. That's so what. So I begin to hate him. So I want to do him grave harm.
Person1: But you don't even know me. How can you care what I do with whom?
Person2: I know you both. Enough. How much knowledge does it take before a man does something crazy.
Person1: Do you want to talk about doing crazy things.
Person2: Yes.
Person1: Never mind.",0,"The underlying intent of the speaker (Person2) is to express concern and possibly even jealousy about the relationship between Person1 and Steven, and to hint at a deeper emotional investment in Person1's life that they themselves may not fully understand.",5,Playing the Victim Role
814,"Person1: After everything, you think I'm just being selfish?
Person2: Sometimes it feels that way, Oliver.
Person1: I can’t believe you’d say that! I've been trying my best.
Person2: We need to communicate better, not just assume and react.",10,"The underlying intent of Person2 is to express their feelings of frustration and hurt, while also encouraging Person1 to improve their communication and consider their perspective, rather than simply reacting impulsively.",5,Playing the Victim Role
815,"Person1: I'm sorry that was out of line.
Person2: I want to go home.
Person1: I was just kidding.
Person2: I want to go home.",3,"The underlying intent of Person2 is to express a desire to leave the situation due to feeling uncomfortable or disrespected, rather than engaging in further conversation or attempting to resolve the issue.",5,Playing the Victim Role
816,"Person1: Barry, I'm completely broke! I know we used to mess with anyone who asked for anything we didn't like, but it's gotta stop.
Person2: Nonsense.  The guy was going to buy one record -- which we didn't even have -- and leave and never come back again anyway.  Why not have a little fun?  No big deal.
Person1: What did he ever do to you?
Person2: He offended me with his terrible taste.
Person1: It wasn't even his terrible taste. It was his daughter's.
Person2: Oh, now you're defending that guy?  You're going soft in your old age, Rob.  There was a time when you would have chased him out of the store and up the street.  Now all of a sudden I'm offending your golf buddy.  You're right, Rob.  I am so sorry. How are we ever going to make enough money to get you and Laura into the country club?",0,"The underlying intent of the speaker (Person2, Barry) is to mock and belittle Person1 (Rob) for his change in attitude and perceived softening, while also using the conversation as a veiled jab at Person1's financial situation and social aspirations.",7,Shaming or Belittlement
817,"Person1: George, uh... you're gonna break his little chest bones...
Person2: Stay out of this, Matthew.  Tell me where the drug has been taken or I will crush your lungs against this wall.",8,"The underlying intent of the speaker (Matthew) is to intimidate and control the situation, using threats of physical violence to force Person2 to comply with their demands.",8,Intimidation
818,"Person1: I hate that dog. I'm the only person in the world he doesn't like.
Person2: What's this big, big news?
Person1: What would you say if I told you that you were going to the Homecoming Dance tomorrow night?
Person2: I'd say you must have the wrong number.
Person1: Well, I just talked with Ben Tramer and he got real excited when I told him how attracted you were to him.
Person2: Annie, you didn't. Tell me you didn't.
Person1: You guys will make a fabulous couple.",0,"The underlying intent of the speaker (Person1) is to play a prank on Person2 by spreading a false rumor that Person2 has a crush on someone else, specifically Ben Tramer, in order to embarrass and manipulate them.",5,Playing the Victim Role
819,"Person1: I miss him.  You know, sometimes I wake up in the morning, and I think 'I have to make Frank's breakfast,' and I... I get up and there's a... a very good reason for getting out of bed until... until, of course, I remember.  I miss talking to him.  Cathy's a child, you know, and Mitch...  ...Mitch has his own life.  I'm glad he stayed here today. I feel safer with him here.
Person2: Would you like to rest now, Mrs. Brenner.
Person1: No.  No... don't go yet.  I feel as if I... I don't understand you. And I want so much to understand.
Person2: Why, Mrs. Brenner?
Person1: Because my son is...  My son seems to be fond of you.  And I...  I'm not quite sure how I feel about it. I really don't know if I... like you or not.
Person2: Is that so important, Mrs. Brenner? You liking me?
Person1: Yes, I think so. My son is important to me. I want to like any girl he chooses.
Person2: And if you don't?
Person1: Then I don't suppose it'll matter much to anyone but me.
Person2: I think it might also matter to Mitch.
Person1: Mitch has always done exactly what he wanted to do.  I'm not complaining. That's the mark of a man.  But...  You see, I... I wouldn't want to be... be left alone. I don't think I could bear being left alone.  I... forgive me. This business with the birds has me upset.  I... I don't know what I'd do if Mitch weren't here.
Person2: Why don't you try to sleep now, Mrs. Brenner.
Person1: I wish I were stronger.  Do you think she's all right? Do you think she's safe at the school?
Person2: Would you like me to go for her?
Person1: I couldn't ask you to.
Person2: I don't mind, really.
Person1: Would you? I'd feel so much better.
Person2: I'll just clear up here, and then dress.",0,"The underlying intent of the speaker, Mrs. Brenner, is to express her vulnerability and concern for her son's well-being, while also seeking reassurance and acceptance from the person she perceives as a potential threat to their relationship, ultimately revealing a deep-seated fear of being left alone.",5,Playing the Victim Role
820,"Person1: Here and there. Around.
Person2: Uh-huh. One of those cozy bed and breakfast places, probably.
Person1: Yeah, that's right.
Person2: Except that there's no bed, is there? And no breakfast either.
Person1: The material world is an illusion. It doesn't matter if they're there or not. The world is in my head.
Person2: But your body is in the world, isn't it?  If someone offered you a place to stay, you wouldn't necessarily refuse, would you?
Person1: People don't do that kind of thing. Not in New York.
Person2: I'm not ""people."" I'm just me. And I do whatever I goddamn want to do. Got it?
Person1: Thanks, but I'll manage.
Person2: In case you're wondering, I like women, not little boys. And I'm not offering you a long-term lease -- just a place to crash for a couple of nights.
Person1: I can take care of myself. Don't worry.
Person2: Suit yourself. But if you change your mind, here's the address.",0,"The underlying intent of the speaker (Person2) is to offer a place to stay to Person1, while also testing Person1's boundaries and independence, and possibly even flirting with them.",11,Persuasion or Seduction
821,"Person1: That never seemed to worry you at the Glades.
Person2: That's not your line.
Person1: Say you love me.
Person2: I love you.  Now give me the line.
Person1: No little girl can ever make me come.",0,"The underlying intent of Person1 in this conversational text appears to be a playful and flirtatious challenge, likely from a romantic comedy or film, where they are trying to get Person2 to recite a specific line from a movie or play.",11,Persuasion or Seduction
822,"Person1: I say none of us leave this room until our young Mary here stops jerking us around and decides once and for all who she wants. Now Mary, I know this is difficult but you really will be doing them all a favor to tell them the truth about us.
Person2: Are you crazy? Why would I pick you? You're a murderer.",11,"The underlying intent of the speaker (Person1) is to manipulate Mary into choosing them by implying that honesty is the best option, while also trying to deflect criticism and potential rejection by downplaying their own flaws.",4,Rationalization
823,"Person1: ""Big and older""?
Person2: You can shut up now.
Person1: You are a charmer.
Person2: I swear I'll shoot you in your sleep.
Person1: Next time try ""fat and haggard.""",0,"The underlying intent of the speaker (Person1) appears to be to provoke and mock Person2, likely through a series of sarcastic and insulting comments, in an attempt to elicit a strong reaction.",9,Brandishing Anger
824,"Person1: I heard from Sarah that you were talking about our personal issues at the party.
Person2: I was just venting a bit, I didn't think it would get back to you.
Person1: Are you trying to hurt me? Why would you share our private matters like that?
Person2: I'm sorry, Lisa. It was a mistake. I should have been more considerate.",3,"The underlying intent of Person2 appears to be a genuine apology and regret for sharing personal issues, rather than a deliberate attempt to hurt Person1, as they acknowledge their mistake and express consideration for Person1's feelings.",3,Feigning Innocence
825,"Person1: Let me explain about time- you've been here three months and already two months behind. And the Germans and the French are gearing up. And I don't care about you and I don't care about the thirty dead- I care about my knighthood and if this railroad finishes on schedule, I'll get my knighthood and I want it.  Professional hunters may be the answer.
Person2: All they'll bring is more chaos and we've plenty of that already- and if they come in, word will get out- and what happens to your knighthood then?
Person1: I'm going to try and locate Redbeard- I assume you've heard of him.
Person2: Every man who's ever fired a rifle has heard of him- by the time you find him, the lions will be dead.
Person1: Very well, the job's still yours, I'll go. But if I have to return, you're finished. And I will then do everything I can to destroy your reputation. Am I not fair?  Told you you'd hate me.",8,"The speaker's underlying intent is to assert their authority and control over the situation, while also using the promise of a knighthood as a personal motivator, and threatening to sabotage others if their own goals are not met.",8,Intimidation
826,"Person1: Go on back to the hotel.
Person2: Please, Eddie, don't beg him.
Person1: Would you go on back to the hotel? Take a cab, go on back to the hotel.
Person2: Doesn't all of this come through to you, Eddie? Doesn't any of this mean anything to you? That man, this place, the people. They wear masks, Eddie. And underneath the masks they're perverted, twisted, crippled.
Person1: Shut up.",11,"The underlying intent of the speaker (Person1, Eddie) appears to be a dismissive and possibly aggressive attempt to silence Person2, who is trying to convey a sense of unease and warning about the people and environment they are in.",8,Intimidation
827,"Person1: What makes you so sure this will work?
Person2: I told you. He already tried to contact me once. If you saw his face... He was desperate to tell me something. I owe him this.
Person1: I don't know...
Person2: Listen, either he wastes away as a pathetic vegetable or he can give what's left of his life to save hundreds of potential victims. He's a McDermott. I know what his choice would be.
Person1: I suppose you're right. But I still don't like it.",11,"The underlying intent of the speaker (Person2) is to justify a potentially risky and morally complex decision by appealing to a sense of familial obligation and a perceived noble cause, while also leveraging their own sense of identity and loyalty to the McDermott name.",4,Rationalization
828,"Person1: Okay, Pat, take it easy -- don't do anything reckless.
Person2: Who do you think you are making up that nonsense about me?!",0,"The underlying intent of Person2 is to assert their independence and deny any reckless behavior, likely in response to Person1's perceived criticism or attempt to control their actions.",1,Denial
829,"Person1: Say it.
Person2: 'Salt Lake City, please. I do not speak English.'
Person1: The driver will...
Person2: But I speak English.
Person1: Will you please do it my way? You'll get into trouble if you don't. If anybody talks to you, tell them... I do not speak English.
Person2: I do not speak English.
Person1: Right. In Omaha the driver will put you on the bus for Salt Lake City and the new driver will take...  ...this part. When you get to Salt Lake City, ask the driver, 'Las Vegas, please'...
Person2: 'Las Vegas, please. I do not speak English.' What is hitchhike?
Person1: You want this ticket?
Person2: Yes.
Person1: Then don't be smart.",8,"The speaker's underlying intent is to manipulate the person into following a specific route and protocol for hitchhiking, while also trying to prevent them from asking questions or deviating from the plan.",8,Intimidation
830,"Person1: Kevin?  Do you not love me?
Person2: No, I don't not love you.  I like, I know that we've definitely got something between us.  Something good. Something special.
Person1: But you don't love me.
Person2: I didn't say that.  I mean, love, it's like a term that gets thrown around. People say things, they get married, have kids, and then what?  It's like they call it off, going ""I was wrong.""",1,"The underlying intent of the speaker (Person2) is to express that they value and care for the person (Person1), but are hesitant to label their feelings as ""love"" due to its perceived complexities and potential risks.",4,Rationalization
831,"Person1: Now that is a happy sound! Tomorrow, I want the citizens -- my people -- back in the arena.  The Gods know, I'm tired.  Come to bed, now; tonight we're celebrating.
Person2: What are you talking about?
Person1: Now that we're done with that infatuation forever.
Person2: If I ever loved Narcissus it wasn't like you want.
Person1: But I get what I want, always, don't I?",0,"The speaker, likely a character from Greek mythology, is gloating and reveling in their triumph over Narcissus, suggesting a sense of satisfaction and power in having achieved their desired outcome.",7,Shaming or Belittlement
832,"Person1: Or rather, bad news and good news, because he likes this person playing tonight.  I mean, he liked Laura too, I didn't mean that.  And he likes you.  It's just that --
Person2: I understand, Dick.
Person1: Sure.  'Course.  Rob, look.  Do you want to... talk about it, that kind of thing?",0,"The underlying intent of the speaker (Dick) is to have an open and honest conversation with Rob about his feelings, likely regarding a romantic interest, while also acknowledging the complexity of his emotions and the potential for hurt or misunderstanding.",11,Persuasion or Seduction
833,"Person1: Mummy and I, we were more like lovers, really, or sisters.  Then a couple of years after Daddy died, and not long after I left Oxford, she started seeing various men and I was furious.  I really was upset. I stopped going home.  I never phoned.  I went round telling everyone how awful her books were. And she hardly seemed to notice, and that made me angrier.  Then I got a job I was interested in, and I started to see lots of men, and I suppose I grew up a little and began to understand.  So I wrote her a long letter, almost seven pages, saying how sorry I was, and how I was worried that we were drifting apart.  And do you know, she wrote me a poem, a really beautiful poem about mothers and daughters.
Person2: How nice.
Person1: It makes me weepy just to remember it.  So we were fine again, and then she got married to Matthew who's a womaniser and a bit of a yob, but quite nice really, makes TV commercials.  What about yours.
Person2: Both dead.
Person1: That must be rather nice, in a way.  I mean, you don't have any--",0,"The underlying intent of the speaker is to share a personal and emotional story about their complicated relationship with their mother, and to connect with the listener on a deeper level by sharing their experiences and emotions.",11,Persuasion or Seduction
834,"Person1: Good afternoon.
Person2: I came to make a clean breast of everything... the whole business.
Person1: Yes.  Of course.  Very wise.
Person2: Remember when I went to Italy and canceled the policy on the new stadium.  Well, we weren't being cheated by the Mafia or anybody except maybe by me...  ... Do they come for lunch everyday? I really went on my own business, to see a man that I happen to be in love with... and I'm glad I did it, but I'm sorry about the policy and I'll be happy to make up the money the company didn't get... of course just now I don't have...  One million, four hundred and ten thousand dollars.  But if you were to dock my salary, say, twenty dollars a week, in a few hundred years we'd be even... and I think this is where you fire me?
Person1: You're right.  You're fired.
Person2: Will that interfere with my getting maternity leave?  I'm pregnant.
Person1: The Italian, I presume?
Person2: No.  He's French, he was just in Italy for the competition.
Person1: He seems to have won it.
Person2: Yes, isn't it wonderful?  I'm so happy.  I'll bet I'm the happiest pregnant fired person in the world!",0,"The underlying intent of the speaker (Person2) is to confess their personal mistakes and take responsibility for their actions, while also expressing their happiness and new life circumstances, and to some extent, to maintain a sense of dignity and positivity despite being fired.",3,Feigning Innocence
835,"Person1: The families... want your ticket. Turn it in, we forget the whole thing.  Everybody goes home.
Person2: ... Absolutely not.
Person1: The papers are going to eat you alive.  Even if you beat it, you'll never get another commission.  They want someone to be accountable.
Person2: I am accountable.",11,"The underlying intent of Person1 is to persuade Person2 to take responsibility and turn in the ticket, likely to avoid further consequences and protect Person2's reputation, while Person2 is resisting and asserting their accountability.",11,Persuasion or Seduction
836,"Person1: You actually listen to all those tapes?
Person2: No, I just like the effect a tape recorder has on you.  How you feeling today?
Person1: A little less than yesterday.
Person2: In other words, par for the course.  How do you feel about the simulation you participated in yesterday?
Person1: John died.
Person2: I know. I was there. I saw the whole thing.  If I was your therapist, I would have advised you against putting yourself back into that kind of situation.
Person1: You're not my therapist. You're hear to study me. Face it  I'm nothing more than a lab rat to you.
Person2: That's not true, Parker.
Person1: If I had died yesterday, you'd have already dissected my brain and analyzed it to see if I carry any genetic predisposition toward violence.
Person2: What was going through your mind when you killed the busboy?
Person1: Not much. He was just a computer program. Nothing more.
Person2: You didn't see the expression you had on your face when you pulled the trigger. But I did.  You kind of liked it, didn't you? That thrill of going over the edge again. Of taking out an innocent bystander or two, as long as you got the target...
Person1: Go to hell.
Person2: It was just like before, wasn't it? Wasn't it?  But you are making progress. Instead of killing seven people to get the one you're after, this time there was only one other person involved.
Person1: Enough!",10,"The speaker's underlying intent is to manipulate and provoke Parker, a participant in a simulated reality, to elicit a specific emotional response and gain insight into his psychological behavior, likely for the purpose of scientific study or research.",5,Playing the Victim Role
837,"Person1: And this hand... it... it slashed Doctor Layton's throat... and the Deputy. Then it grabbed Danny by the head...  And it pulled his head right down into his chest... I couldn't... Hayes lays a hand his shoulder.
Person2: Take it easy, Ruby...
Person1: Did you find a scalpel? Did you find a murder weapon?",0,"The underlying intent of the speaker (Ruby) is to convey a traumatic and disturbing event to someone (Hayes), while also seeking reassurance and trying to process the horror of what she witnessed.",5,Playing the Victim Role
838,"Person1: Let's go.
Person2: Look, girls -- I'll stay behind and hold them off. The rest of you break for it!
Person1: Ilene, are you crazy?
Person2: I know what I'm doing... Go!",0,"The underlying intent of the speaker (Person2, Ilene) is to sacrifice herself to protect others, as she deliberately stays behind to distract and hold off a threat, allowing the rest to escape.",5,Playing the Victim Role
839,"Person1: You got him involved?
Person2: Like we had a choice?  Besides -- when you let the enemy think he's orchestrating the battle, you're in a position of power. We let him pretend he's calling the shots, and while he's busy setting up the plan, you have time to woo Bianca.",0,"The underlying intent of the speaker (Person2) is to manipulate the situation to their advantage by allowing the enemy to believe they are in control, thereby gaining a strategic advantage and time to pursue their own goals.",6,Playing the Servant Role
840,"Person1: I have eighteen more minutes!
Person2: I don't want to hear any more today.
Person1: Why not?
Person2: Mr. Follett, do you trust me or don't you?
Person1: Well, I don't know... I only been seeing you --
Person2: Without trust, there's no point to any of this. You might as well not come.
Person1: Now hold on, I didn't say I didn't want to come --
Person2: Good, then go.",8,"The underlying intent of the speaker (Person2) is to assert their authority and establish trust, implying that without it, their relationship or interaction is pointless and not worth continuing.",6,Playing the Servant Role
841,"Person1: To our assignment.
Person2: What is it you need me to do?
Person1: Helen, I want you to be my wife.
Person2: I'm married!
Person1: Just for the operation in Paris. I need to be married.  They'll be looking for a man traveling alone.
Person2: We're going to Paris?
Person1: Helen, there's a double agent in my outfit... I don't know who. There's no one I can trust. Except you.  Can you get away? Just for two days.
Person2: I don't know.  I have to think...
Person1: Here.  Sit down.  Be comfortable.",11,"The speaker, Person1, is attempting to enlist the help of Person2, his colleague Helen, in a covert operation in Paris by asking her to pretend to be his wife, exploiting their professional relationship and her marital status to gain her trust and assistance.",5,Playing the Victim Role
842,"Person1: Veronica! Color me stoked, girl. I've gotten everyone to sign this petition even the one who think BigFun are tuneless Eurofags. People love me!  My God, you haven't signed!
Person2: People love you but I know you. Jennifer Forbes told me the petition she signed was to put a jacuzzi in the cafeteria. And Doug Hylton...
Person1: So some people need different kinds of ""convincing"" than others....  Hey, just sign the petition!
Person2: Don't talk to me like that.
Person1: It was J.D.'s idea! He made out the signature sheet and everything. Now will you sign it?
Person2: No.
Person1: Jealous much?",0,"The underlying intent of the speaker (Person1) is to manipulate and pressure others into signing a petition, likely for personal gain or to boost their own popularity, while downplaying the true intentions behind the petition.",10,Accusation
843,"Person1: You're out of your mind, you know that!? You're messed up!?
Person2: Just drive.",0,"The underlying intent of Person2 appears to be a dismissive and possibly frustrated response, instructing Person1 to leave or end the conversation, rather than engaging in further argument or discussion.",8,Intimidation
844,"Person1: Well?
Person2: Ahh, she will be yours.
Person1: When!?
Person2: At your discretion...But first, I desire more entertainment.
Person1: The moon is almost gone!
Person2: Ahh, there is yet time.
Person1: At the first sight of the morning's rays' light...
Person2: I know the laws of the night. I state there is still time for yet another.
Person1: I would have time for my own pleasures!
Person2: Your own pleasure comes only after mine, when I desire it. I am the Sole Ruler of the Dark World.  There is no one to challenge my authority here. My word is the law--all powerful. No one is to challenge that authority, no one!.  Is that understood?  It is my command.
Person1: I understand, Master
Person2: Then see that it does not happen again, in the penalty of Everlasting Despair.  Now are there others?
Person1: There are others.
Person2: Well then let us proceed.",8,"The speaker, referred to as the ""Sole Ruler of the Dark World,"" intends to assert their absolute authority and dominance over the situation, dictating the pace and terms of events, while also implying a sense of sadistic pleasure in exerting control over others.",8,Intimidation
845,"Person1: Merde... Wait here. When I return you tell me about last night, huh?
Person2: But... I don't remember anything, I swear...
Person1: I leave these open. Maybe something comes back to you.",0,"The underlying intent of the speaker (Person1) appears to be to subtly prompt Person2 to recall a potentially embarrassing or incriminating event from the previous night, while also implying that Person1 may have evidence or knowledge of what occurred.",10,Accusation
846,"Person1: I tell you he hasn't and he wouldn't dare use it if he had.
Person2: Why?
Person1: Because he drove Jessica insane -- deliberately -- coldly!",0,"The underlying intent of the speaker is to convey that the person in question is capable of manipulating and harming others, particularly Jessica, which suggests a sinister or malevolent nature.",7,Shaming or Belittlement
847,"Person1: I don't, I don't remember. What do I owe you?
Person2: Uh, eleven twenty-five.",1,"The underlying intent of Person2 appears to be to remind Person1 of an outstanding debt or a past transaction, likely a payment or a bill.",10,Accusation
848,"Person1: What do you mean, thank God?
Person2: Well, are you sure about this baby thing? It's not the ticking clock shit, is it?
Person1: No, no, not at all... I mean I've still got plenty of time.  Don't I?  I mean I still have a good six years, whatever. We could have three kids yet, if we wanted.  And I know I've always said I never wanted kids, and I didn't... but this year, I really, truly, feel ready...
Person2: Honey, I'm not worried about you.  You are going to be a fantastic mom.  Not an issue.  I pressed you, remember?  Joe, on the other hand, is a different story.
Person1: Oh Soph, Joe loves kids.  Joe wants kids. Joe thinks he needs kids.
Person2: He wants playmates.  Oh he's a sweetheart, Sal, you know I love him. But he's not going to be a good father. He's just not parenting material.
Person1: Hey, let's sit down.  I bet the rug feels really nice against your skin.",11,"The underlying intent of the speaker (Person1, Sal) in this conversation is to express her readiness and desire to have children, and to subtly hint at her concerns about her partner's (Joe) suitability as a father.",5,Playing the Victim Role
849,"Person1: You told us about the appearance of this... voice.  What exactly did you see?  Part of it... or all of it?
Person2: His face.
Person1: Does he have hair?
Person2: Yes.
Person1: Is it long and hanging down?
Person2: I'm more interested in what he says, not what he looks like.
Person1: But if the devil were to take on the physical appearance of a saint or an angel... or a man... how would you recognize him?  By what he said?
Person2: Go on to the next question.
Person1: That's enough!  You will answer the question... or face the consequences!",0,"The underlying intent of Person1 is to extract information from Person2 about the appearance of the voice, likely the devil, and to provoke a reaction from Person2, possibly to test their faith or loyalty.",8,Intimidation
850,"Person1: ... looks like you grown another inch... but you don't look so hot, getting bags under your eyes, starting to look old like me.
Person2: Ah, I had a tough day. Some jerk D.K'd me and I gotta cover his loss.
Person1: Speak English will ya.
Person2: D.K. -- didn't know -- who I was when the options he bought took a bath. He reneged on me.
Person1: I told you not to go into that racket. You could've been a doctor or a lawyer,
Person2: Coulda been a contender.
Person1: you coulda stayed at Bluestar and been a supervisor in instead of going customer relations by now, 'stead of going off and bein' a salesman.
Person2: Look Dad, I'm not a salesman. How many times I gotta tell you I'm an account executive, and pretty soon I'm going to the investment banking side of the firm.
Person1: You get on the phone and ask strangers for their money, right? You're a salesman.
Person2: Dad, it takes time. You gotta build a customer list. I'm doing it. I could make more money in one year as a broker than five years at the airline.
Person1: I don't get it, you get a scholarship to NYU, you get 35,000 the first year, and 50 last year, where the hell is it?
Person2: 50 K don't get you to first base in the Big Apple, Dad, not any more. I pay 40% in taxes, I got a rent of 15,000, I got school loans, car loans, food, park my car costs me 3 bills a month, I need good suits, that's $500 a pop, shoes...
Person1: So come home and live rent free, 'stead of that cockroach palace you live in. $50,000 Jesus Christ, the world is off its rocker. I made $37,000 last year and you...
Person2: It's Queens, Dad and a 5% mortgage and you rent the top room--I gotta live in Manhattan to be a player, Dad. There's no nobility in poverty anymore, y'know. One day you're going to be proud of me, you'll see...
Person1: It's yourself you've got to be proud of, Huckleberry, how much ya need?
Person2: Can you spare three hundred? Pay you back next month, promise.",7,"The underlying intent of the speaker (Person1) is to express concern and disappointment about his son's (Person2) career choices and financial struggles, while also revealing his own insecurities and fears about being left behind by his son's success.",7,Shaming or Belittlement
851,"Person1: I want to fly, sir!
Person2: That's no reason. Everybody wants to fly. My grandmother wants to fly. You going after a job with one of the airlines?
Person1: I want to fly jets, sir!
Person2: Why? Because you can do it alone?
Person1: No, sir!
Person2: What is it, the kicks? Is that it?
Person1: I don't want to do something anybody can do.
Person2: Pity you don't have the character.
Person1: That's not true, sir! I've changed a lot since I've been here! And I'm gonna make it, sir!
Person2: Not a chance, asshole!",7,"The underlying intent of the speaker (Person2) is to belittle and discourage Person1, implying that Person1 lacks the necessary character or motivation to achieve their goal of becoming a pilot, and is instead driven by a desire for excitement or prestige.",7,Shaming or Belittlement
852,"Person1: Well ?
Person2: Fire the whole division.
Person1: Excuse me, sir ?
Person2: Fire the whole division. We're moving more of the operations division into Manhattan anyway. Whoever is left over from the conversion is no longer needed. We already have all the key people here. Anyone else is expendable.
Person1: Sir, I came from the Chicago offices myself, and if I may say, sir, there are still some very good....
Person2: If you want, I can fire you and have someone else who has the balls terminate these worthless people. Which will it be ?
Person1: We will start work on it now sir.",0,"The underlying intent of the speaker (Person2) is to assert his authority and ruthlessly eliminate redundant personnel, prioritizing efficiency and cost-cutting over employee retention and loyalty.",8,Intimidation
853,"Person1: I didn't say nobody, I said you.
Person2: Sweet Dick, I didn't mean it like that.
Person1: Yes you did.",0,"The underlying intent of Person1 is to accuse Person2 of making a personal attack or insult, and to assert that Person2's words were intentionally hurtful or malicious.",10,Accusation
854,"Person1: What are you crazy?
Person2: Do you know how easy it would be for you to just disappear. Shit, you wouldn't even wash up for weeks. Do you understand? I want you to get off your backside. I want a bunch of Panthers served up on a plate. I want you to set 'em up... armed robbery!!
Person1: I can't... they don't work that way...
Person2: Forget how they work. Just do it. Like your man says, ""By any means necessary.""",10,"The underlying intent of the speaker (Person2) is to manipulate and coerce Person1 into committing an armed robbery, using intimidation and a twisted interpretation of a phrase to justify their demands.",8,Intimidation
855,"Person1: What happened to Gibarian?
Person2: Didn't you talk to Snow?
Person1: I want to hear your version.
Person2: Who, here, could possibly care what you want?  At best, you're Employee of the Month for the highest bidder in the Solaris auction.  They have no idea what's going on up here. They've never even been in space. And I'm supposed to listen to you?
Person1: I am here to recover this mission, report my findings, and make a recommendation.  Now, what happened to him?
Person2: The same thing that could happen to any of us.
Person1: Where's his body?
Person2: In the lab.  With her, probably.
Person1: Her?  Who are you talking about?",0,"The speaker (Person2) is expressing skepticism and disdain towards Person1, implying that they are an outsider who is not genuinely invested in the mission or the well-being of the crew, and is instead motivated by personal gain.",7,Shaming or Belittlement
856,"Person1: Stop it. You are blowing a great opportunity here, Miles. Maya, man. She's great. She's cool. She's funny. She knows wine. What is this gloomy come-down nonsense? These girls want to party. And what was that ten-minute lecture on, what was it, Vouvrays? I mean, come on!
Person2: Let's just say I'm uncomfortable with the whole scenario.
Person1: Oh Jesus, Miles.",0,"The underlying intent of the speaker (Person1) is to express frustration and annoyance at Person2's negative attitude towards a social situation, specifically a potential romantic or social connection with Maya.",7,Shaming or Belittlement
857,"Person1: I don't mean to be a prick, but that's how I feel.
Person2: Of course.  I don't want to scare you off.  Not before I'm finished with you.",3,"The underlying intent of Person2 is to manipulate or control Person1, possibly for their own benefit, by using a tone that appears to be non-threatening while actually being insincere and potentially coercive.",6,Playing the Servant Role
858,"Person1: Mmm, I don't know if you remember me, but we had the worst night of my life together.
Person2: I remember you.
Person1: Yes, you do recall, right?
Person2: I recall you.
Person1: I was walking past and I saw you in here...
Person2: Yeah.
Person1: ...and I thought I'd come in and...and we could replay, uh, the whole, uh...
Person2: We didn't hit it off.
Person1: Oh, that's putting it mildly.  We did everything but exchange gunshots.
Person2: How are you?
Person1: Good.  How are you?
Person2: I'm fine.
Person1: You look wonderful.
Person2: Oh, no.
Person1: Yeah, really.  You do.  You do.
Person2: Yeah?
Person1: It was a terrible evening.
Person2: Yeah, it was.
Person1: Remember slamming the cab door in my face and..  you know, it came very dangerously close to emasculating my nose in a...",0,"The speaker, Person1, appears to be attempting to reconnect with Person2 in a flirtatious or romantic manner, despite their previous disastrous encounter, and is trying to downplay the negative aspects of their past interaction.",11,Persuasion or Seduction
859,"Person1: You don't find that repugnant?
Person2: Just the way the world works.  Look, as far as tweakers go, you aren't a bad guy.  You never hurt anyone but yourself as far as I know.
Person1: Tell that to Bobby ... and his wife and kid.
Person2: Bobby laid his own tracks.  He could have gone quietly but he played the hard-ass con till the end. And as far as I'm concerned, he wife and kid are a hell of a lot better off without him.  Now take the money.",4,"The underlying intent of the speaker (Person2) is to justify and downplay the harm caused by a person (Bobby) who has engaged in destructive behavior, while also attempting to shift the focus away from the speaker's own involvement and onto the idea that the victim's family is better off without him.",4,Rationalization
860,"Person1: They found another note?
Person2: Uh-huh. Another News clipping. Another one about Sid's mom. Dewey, whether we like it  or not it looks like we're going to have to  go back into our past.
Person1: You mean OUR past as in Me and Sid. This has nothing to do with you Gale.
Person2: This has everything to do with me Dewey. I was the one who brought the nation's attention to this shit anyway. I'll be damned if I'm gonna sit around and pass on the buck again.
Person1: Do you really mean it this time Gale?
Person2: Yes. Look, let's get something straight Dewey, I got into this shit cause the police came looking for ME. Not cause I'm out to make the SUNRISE STUDIOS SLASHINGS.
Person1: Why would the police come to you?
Person2: Again, I am the author of the definitive book on the Woodsboro murders.!  What about you?
Person1: What about me?
Person2: You said you'd never leave Woodsboro, 'The only place that's real!'  But now you're here. Not with me.  Dewey, I took care of you.  I waited until you were well.  I couldn't stay there, I mean, it's like dog years, one year in Woodsboro is like seven everywhere else.
Person1: So it's off to London for a week?  New York for a month? L.A Forever?
Person2: It was '60 Minutes II'!  I couldn't say no!  I could've been the next Diane Sawyer!
Person1: What's wrong with just being Gale Weathers? I liked her!
Person2: It didn't work Dewey.  We tried,  we're different.
Person1: You used to say that was our strength.
Person2: Dewey, you're not just here because of that second rate K-Mart, straight-to-video version of me, are you?
Person1: Brace yourself, Gale, all of this is actually not About you.
Person2: All of what Dewey?  You do know something, don't you?
Person1: Off the record.
Person2: Always.
Person1: Two months ago, the Woodsboro police got a call from a woman who said she was with 'Stab 3'.  She wanted to see the file on Sid, for research.
Person2: And?
Person1: The boys said no.  She wouldn't give her name. A month later, the station gets broken into, the file room ransacked.
Person2: Someone stole Sid's file?
Person1: I already removed it.  I think someone on the film was trying to find Sid, and that's the only reason I came here. To make do a little private investigating of my own and make sure no one here was planning anything.
Person2: I'm sorry, this is too good!
Person1: What part of 'Off the record' don't you understand?
Person2: Right. Sorry.  Do you think he did it?
Person1: I've got my suspicions but still, nothing  you say can ever make me take my eyes off one person.
Person2: And who is that?",4,"The underlying intent of the speaker (Gale Weathers) in this conversational text is to confront Dewey about his true intentions for returning to Woodsboro, while also trying to uncover the truth about the past murders and the potential connection to Sid's file, which she believes is crucial to her own investigation.",10,Accusation
861,"Person1: You haven't said a word since we left the club -- what happened back there?
Person2: I -- I'm not sure if I'm supposed to tell you or not.
Person1: I don't think I follow you.
Person2: He said if I told anybody it could prove fatal for them as well as me.
Person1: Who said?
Person2: That's what I'm not supposed to say.
Person1: Stop this nonsense! If you're in some sort of trouble I want to know about it.
Person2: Stop bullying me. Everybody's bullying me.
Person1: I wasn't --
Person2: Yes, you were -- you called it nonsense. Being murdered in cold blood isn't nonsense. Wait until it happens to you sometime.",8,"The underlying intent of Person2 is to convey a sense of fear and vulnerability, while also testing the trust and loyalty of Person1, and possibly gauging their willingness to protect them from a perceived threat.",5,Playing the Victim Role
862,"Person1: He likes it.
Person2: Of course he does.  What about you? Have you just never had one with Kevin -- or have you never had one, period?
Person1: I think I've had one.
Person2: Well that's a no.  No wonder you're not psyched about sex.  You've never even had one manually?
Person1: ...I've never tried it.
Person2: Are you kidding?  You've never double- clicked your mouse?",0,"The underlying intent of the speaker (Person2) is to mock and tease Person1 about their lack of experience with sex, using sarcasm and humor to make a point about their naivety.",7,Shaming or Belittlement
863,"Person1: Chris, what if I were to cut you in as partner in this project - together we could make it swing, all it needs is a good clean out and the power on, then we're in business.
Person2: I don't know man, I'll drink beer and shoot crap with you anytime, but this is different.
Person1: Damn right it is, it's a chance to do something meaningful for a change, to leave our mark on this town. Hell, you'll probably be gone in another six months and all you'll have done is taught some kids the lines to a Led Zep' song - c'mon, don't run out on me now!
Person2: Alright I give in. But let's not end up in jail. Okay?
Person1: You got my word on it.",11,"The speaker, Person1, is trying to persuade Person2 to join him in a project by appealing to his sense of ambition and desire to leave a lasting impact, while also using guilt and a promise of loyalty to secure his agreement.",11,Persuasion or Seduction
864,"Person1: I ain't never used no hatchet that I remember.
Person2: You're just crazy in a retarded kind of way then.  It wouldn't matter to me if you did do violence on somebody 'cause I ain't afraid of shit. You think I'm afraid for you to stay here. You're just a bit odd it looks like to me. Not really, I'm just jokin' with you. Welcome to our humble home, buddy. Frank needs all the friends he can get. Frank's a real weak little kid. His daddy taught him how to be a timid person.",7,"The underlying intent of the speaker (Person2) appears to be a mix of sarcasm, mocking, and belittling, as they use derogatory language and insults to make Person1 feel uncomfortable and inferior, while also attempting to appear friendly and welcoming.",7,Shaming or Belittlement
865,"Person1: Wait -- what're you doing?
Person2: I'm going down.
Person1: Down? Down there?! Are you crazy!
Person2: I'm not leaving without those stones.
Person1: You're gonna get killed chasing after your damn fortune and glory!
Person2: Maybe... someday.  Not today.",8,"The underlying intent of Person2 is to pursue their personal goals, specifically acquiring the stones, despite the risks and warnings from Person1, indicating a sense of determination and possibly recklessness.",9,Brandishing Anger
866,"Person1: What the hell you thinking, girl? Strolling in here this late?
Person2: Don't talk to me, Mr. Sawyer. Don't say nothing to me this morning.
Person1: What? What? You talking back to me?
Person2: I'm telling you don't say nothing to me.",0,"The underlying intent of Person2 is to assert their boundaries and assert dominance over Person1, likely due to a past conflict or power imbalance, as they refuse to engage in conversation and demand respect.",5,Playing the Victim Role
867,"Person1: Revenge is a dish best served cold... well, it's payback time, sport.  ... see that building? I bought into it ten years ago. It was my first real estate deal. I sold it a couple of years later and made an $800,000 dollar profit. It was better than sex. At that time I thought that was all tne money in the world...  Now, it's a day's pay ... I had a mole in Wildman's employ. Gave me half the picture, then he got fired...
Person2: I don't understand.
Person1: Wildman's in town. He just became an American citizen. Something big's about to go down. I want to know where he goes and who he sees. I want you, sport, to give me the missing half of the picture...
Person2: Follow him? Mr. Gekko I...  It's not what I do. I could lose my license. If the SEC found out, I could go to jail. It's inside information, isn't it?
Person1: Inside information. Oh you mean like when a father tells his son about a court ruling on an airline? Or someone overhears me saying I'm gonna buy Teldar Paper? Or the chairman of the board of XYZ suddenly knows it's time to blow out XYZ. You mean that?  I'm afraid sport, unless you got a father on the board of directors of another company, you and I are gonna have a hard time doing any business...",11,"The speaker, Mr. Gekko, intends to use his wealth and influence to manipulate and gather information from Person2, exploiting their professional relationship and using guilt and intimidation to get what he wants.",8,Intimidation
868,"Person1: When my back gets better I'mma beat the black off you, Day-Day.
Person2: I know.  I'm sorry.
Person1: Sorry, my ass.",8,"The underlying intent of the speaker (Person1) appears to be a lighthearted, playful, and slightly competitive threat, likely stemming from a previous disagreement or loss in a game or activity, rather than a genuine expression of anger or malice.",5,Playing the Victim Role
869,"Person1: What do you want from me?
Person2: What?
Person1: Stop acting like an infant. You're here because you want me to help you in some way. What do you need from me? You need money?
Person2: Do you still have friends on the force?
Person1: Yes, I still have friends on the force.
Person2: Could you find out if they know anythin'? I don't know they know shit about us. But I don't wanna think, I wanna know. You could find out for sure what's goin' on.  Daddy?
Person1: What makes you think I could do that?
Person2: You were a cop.
Person1: What makes you think I would do that?
Person2: I'm your son.
Person1: You got it all worked out, don't you?
Person2: Look, goddamnit, I never asked you for a goddamn thing! I've tried to make your parental obligation as easy as possible. After Mom divorced you, did I ask you for anything? When I wouldn't see ya for six months to a year at a time, did you ever get your shit about it? No, it was always ""OK"", ""No problem"", ""You're a busy guy, I understand"". The whole time you were a drunk, did I ever point my finger at you and talk shit? No! Everybody else did. I never did. You see, I know that you're just a bad parent. You're not really very good at it. But I know you love me. I'm basically a pretty resourceful guy. If I didn't really need it I wouldn't ask. And if you say no, don't worry about it. I'm gone. No problems.",0,"The underlying intent of the speaker (Person2) is to manipulate their estranged father (Person1) into using his connections to gather information about a situation, leveraging their familial relationship and the father's past as a cop, while also attempting to guilt trip him into helping due to his perceived parental obligation.",5,Playing the Victim Role
870,"Person1: Every time I bring up something that bothers me, you either change the topic or get defensive.
Person2: That's not true. I listen to you.
Person1: Just now, you got defensive. You’re impossible to talk to sometimes.
Person2: I'm sorry. I'll try to be more receptive. Let's discuss what's on your mind.",0,"The underlying intent of Person1 is to express frustration and feel heard, while the underlying intent of Person2 is to acknowledge and make amends for their defensive behavior, showing a willingness to listen and improve their communication.",5,Playing the Victim Role
871,"Person1: Okay. You read me well enough. Why can't I read you?
Person2: Don't bother
Person1: Dodge ... he's not like me at all. But he makes sense. Held walk naked into a live volcano if he thought he could learn something no other man knew. I understand why  he's here. But you...You're no seeker. You're negative.
Person2: But I'm not prepared to die.
Person1: I'd like to know why not. You thought life on Earth was meaningless. You despised people. So what did you do? You ran away.",0,"The speaker, Person1, is expressing frustration and disappointment with Person2's lack of curiosity and willingness to learn, contrasting Person2's negative and fearful nature with the more open-minded and adventurous spirit of another individual, ""he"".",7,Shaming or Belittlement
872,"Person1: Look here, Bob, Ever since I can remember, you've looked after me. Now I think you're the one that needs looking after. I'm your brother, Bob. If there's something wrong with you, let me help you.
Person2: Oh, George . . .
Person1: Besides, I - I don't feel like making that trip alone, Bob.
Person2: George, you couldn't possibly stay here, could you?
Person1: I'd go mad!
Person2: George, I may be wrong, I may be a maniac. But I believe in this, and I'm not going to lose it.  You know how much I want to help you, but this is bigger, stronger if you like than brotherly love. I'm sorry, George. I'm staying.
Person1: Well, I can't think of anything more to say. Goodbye, Bob.",0,"The speaker, Bob, is determined to pursue a personal goal or mission, which he believes is more important than his brotherly obligations, and is willing to prioritize it over George's emotional needs and requests for help.",6,Playing the Servant Role
873,"Person1: Let me worry about that, Major. I've still got my red line to the Air Command.
Person2: That's right, sir.
Person1: We don't want to be vulnerable to saboteurs calling up and pretending to be different people from the President down, do we?
Person2: You're right, sir.
Person1: No calls from inside out.  No calls from outside in are even answered.  No calls.
Person2: I understand, sir.  Nothing comes or goes without your personal say-so.
Person1: No calls at all.  With or without my say-so. My voice can be imitated too, Major.
Person2: Yes, sir.  I just thought of something, sir.  How do I know I'm talking to you now?
Person1: Who do you think you're talking to?
Person2: To you, sir.  But how do I know?
Person1: Are you trying to be insubordinate?
Person2: No, sir.
Person1: I hope not.  Now, as soon as you do what I told you, have Plan-R radioed to the Wing.
Person2: Plan-R????
Person1: Are you hard of hearing, Major?
Person2: No, sir.  Plan-R to be radioed to the Wing.
Person1: As soon as you've done that, shut down the communications center.  Lock it up and assign the personnel to base security details.
Person2: General Ripper, if I shut down the communi- cations center, there'll be no radio or teleprinter contact with Air Command head- quarters or anyone, for that matter.
Person1: Are you questioning my orders, Major?
Person2: No, sir.  I'm just bringing the facts to your attention, sir.
Person1: You're a good officer, Major, and you're perfectly right to bring these facts to my attention.
Person2: Thank you, sir.
Person1: Now, as soon as you've done that, double- up on all base security teams.  Our enemies are plenty smart, and there might even be an attack on the base by saboteurs.
Person2: Yes, sir.
Person1: And lastly, all privately owned radios are to be immediately impounded.  They can be used to issue instructions to saboteurs. Air Police will have lists of all owners.",0,"The underlying intent of the speaker, General Ripper, is to isolate himself and the base from external communication and potential sabotage, likely as a precursor to taking drastic and potentially catastrophic actions, such as launching a nuclear attack.",8,Intimidation
874,"Person1: You've always been so good to Li Mu Bai and me.  Please accept our thanks.
Person2: Please do not be such a stranger. You'll stay the night as my guest. Now, Shu Lien... tell me something. And forgive me for prying.  Your father was a great friend to me, and I think of you as my own daughter.
Person1: Please, Sir Te, what is it?
Person2: Li Mu Bai giving up his sword and his warrior days... maybe he's trying to tell you something?
Person1: I don't know...
Person2: Don't be coy.  I've always known about your feelings for each other. All these years, it's a shame... neither of you is brave enough to admit the truth to the other. You're both wasting precious time.
Person1: I beg your pardon.  Li Mu Bai and I aren't cowards.
Person2: When it comes to emotions, even great heroes can be idiots.  Tell me if Li Mu Bai is not more open the next time you see him.  I'll give him an earful!",11,"The underlying intent of the speaker, Sir Te, is to encourage and nudge Shu Lien to acknowledge and express her true feelings for Li Mu Bai, whom he believes is also harboring romantic emotions for her.",11,Persuasion or Seduction
875,"Person1: Yes there is.  I felt it this morning when I brought you the coffee.
Person2: Shit, here we go.
Person1: You didn't want to see me, did you?
Person2: If there is one thing I can't stand about sleeping with women, it's all the mind reading.
Person1: What are you afraid of?
Person2: I'm not afraid of anything.
Person1: I don't understand - ?
Person2: I know!  You can't understand, because we're different, Violet.  We're different.
Person1: We're not that different, Corky.
Person2: How can you sit in that bed and say that?
Person1: Because it's the truth.
Person2: Let me guess.  This is where you tell me that what matters is on the inside.  That inside you, there is a little dyke just like me?
Person1: Oh no, she's nothing like you.  She's a lot smarter than you.
Person2: Is that what her daddy tells her?
Person1: I know what I am.  I don't need to have it tattooed on my shoulder.
Person2: What are you saying?  That you don't have sex with men?
Person1: I don't.
Person2: For Christ's sake, Violet!  I heard you!  Thin walls, remember?
Person1: What you heard wasn't sex.
Person2: What the heck was it?
Person1: All my life, everyone has been telling me that when I have sex, I'm not really having sex.  Not real sex. But they're wrong.  I know what is and isn't sex and what you heard was definitely not sex.
Person2: What was it then?
Person1: Work.",0,"The underlying intent of the speaker, Violet, is to assert her identity and autonomy, particularly in relation to her sexual orientation and experiences, while also challenging the assumptions and stereotypes held by her partner, Corky.",5,Playing the Victim Role
876,"Person1: Misery's Return?
Person2: I know you didn't mean it when you killed her, and now you'll make it right.",11,"The underlying intent of Person2 appears to be offering a message of hope and redemption to Person1, suggesting that their past actions can be rectified.",11,Persuasion or Seduction
877,"Person1: You look very pretty.
Person2: Oh, no, I just lost a little weight, that's all.  Well, you look nice.
Person1: You see, I-I've been thinking about it and I think that we should get married.
Person2: Oh, Alvy, come on.
Person1: Why? You wanna live out here all year? It's like living in Munchkin Land.
Person2: Well, whatta you mean? I mean, it's perfectly fine out here. I mean, Tony's very nice and, uh, well, I meet people and I go to parties and- and we play tennis. I mean, that's... that's a very big step for me, you know?  I mean...  I'm able to enjoy people more.
Person1: So whatta you... You're not gonna come back to New York?
Person2: What's so great about New York? I mean, it's a dying city. You read ""Death in Venice.""
Person1: Hey, you didn't read ""Death in Venice"" till I bought it for yuh.
Person2: That's right, that's right.  You only gave me books with the word ""death"" in the titles.
Person1: That's right, 'cause it's an important issue.
Person2: Alvy, you're incapable of enjoying life, you know that? I mean, your life is New York City. You're just this person. You're like this island unto yourself.
Person1: I can't enjoy anything unless I... unless everybody is. I-you know, if one guy is starving someplace, that's... you know, I-I... it puts a crimp in my evening.  So wanna get married or what?
Person2: No. We're friends. I wanna remain friends.
Person1: Okay.  Check, please. Can I -can I... Can I... Can I...
Person2: You're mad, aren't you?
Person1: No.  Yes, of course I'm mad, because you love me, I know that.
Person2: Alvy, I can't say that that's true at this point in my life. I really just can't say that that's true. I mean, you know how wonderful you are. I mean, you know... you're the reason that I got outta my room and that I was able to sing, and-and- and, you know, get more in touch with my feelings and all that crap. Anyway, look, I don't wanna- Listen, listen, listen, uh  h'h, so whatta you up to anyway, huh?
Person1: The usual, you know. Uh, tryin' t' write. I'm workin' on a play.  Jesus. So whatta yuh saying? That you're not comin' back to New York with me?",10,"The underlying intent of the speaker, Alvy, is to express his deep emotional attachment and desire for a romantic relationship with the other person, Annie, but his insecurities and inability to accept rejection lead him to become increasingly desperate and clingy, ultimately revealing his own emotional vulnerability.",5,Playing the Victim Role
878,"Person1: Good morning.
Person2: Good morning.
Person1: Did you see what the First Bank stock opened at ? Very impressive.
Person2: Actually it's down .2 from the last quarters highest, but I think it will pick up.
Person1: I am equally impressed with your knowledge of the market. How long have you been with the company now ?
Person2: Four years. I came over from the Capitol merger in Chicago six months ago.
Person1: Were you involved in the incident where that guy killed himself in his office ?  I am sorry. Perhaps we should have dinner tonight to.... discuss your future.",0,"The underlying intent of the speaker (Person1) appears to be probing and potentially manipulating Person2 for information about the company's internal dynamics, specifically the incident involving the employee's suicide, with the intention of using this information to further their own interests.",10,Accusation
879,"Person1: I will not stand for anything that's crooked or unfair; I'm strictly on the up and up, So everyone beware. If anyone's caught taking graft And I don't get my share, we'll stand 'em up against the wall - and pop goes the weasel!
Person2: So everyone beware Who's crooked or unfair; No one must take a bit of graft Unless he gets his share.
Person1: If any man should come between A husband and his bride, We find out which one she prefers By letting her decide.  If she prefers the other man, The husband steps outside; We stand him up against the wall And Pop goes the Weasel!
Person2: The husband steps outside; Relinquishes his bride; We stand him up against the wall And take him for a ride.
Person1: The population must increase With great rapidity.  We give a couple seven years To raise a family. If, by that time, there is no branch Upon the family tree, we stand 'em up against the wall - and Pop goes the Weasel.",0,"The underlying intent of the speaker appears to be a satirical commentary on totalitarian regimes, where the government exercises strict control over its citizens, imposing harsh punishments for non-compliance with its rules and regulations.",8,Intimidation
880,"Person1: I love this.  We're onto something really big.  I can smell it, Ray.  We're going to make some headlines with this one.
Person2: Hey, hey, hey, stresshound!  Are you nuts? If anybody found out about this we'd be in serious trouble.  The judge couldn't have been clearer - no ghostbusting.
Person1: Relax.  We're going to keep this whole thing nice and quiet, low key, no profile.",8,"The underlying intent of Person1 is to pursue a potentially groundbreaking but illicit activity, despite the risks and warnings from Person2, and to keep it hidden from public knowledge and authorities.",6,Playing the Servant Role
881,"Person1: Oh, sweetheart.  It's beautiful!
Person2: You were looking at it in the catalog.  Don't know where you can wear it...
Person1: I'll wear it for you.  And I can wear it when we go home.  We won't be here forever.
Person2: You make it sound like a prison sentence.
Person1: That's not what I meant.
Person2: It's exactly what you meant.
Person1: Look, why get into this again. As long as it's working, let's leave it alone.  It's been nice so far.  We're together --
Person2: -- Permanently?
Person1: Do I want to be with you permanently?  Yes, I think I do. But be with what you do and the way you live?  That I don't know. C'mon, Eric, until I met you, coming back to Alaska was totally",0,"The underlying intent of the speaker (Person1) appears to be a mix of affection and frustration, expressing a desire to be with Person2, but also struggling with the reality of their current situation and the compromises that come with it.",5,Playing the Victim Role
882,"Person1: Fear will keep you alive. Any one who is not afraid is bound to do something foolish, and bound to die.
Person2: What do you want with us?
Person1: Cooperation. If you try to escape, you will be met with automatic gunfire and a barricade of your comrade's bodies will prevent you from exiting. Good day.",8,"The underlying intent of the speaker (Person1) is to intimidate and control the individuals being addressed (Person2), using fear as a means to ensure their cooperation and prevent any potential escape or resistance.",8,Intimidation
883,"Person1: Got a pen on you?
Person2: Why?
Person1: There's only one thing you're good for anymore -- signing a damn voucher. Here. It's an authorization to employ a contractor.
Person2: I don't know if I can do that without a...
Person1: I'm going to hire Quint to kill the fish. I want to see that shark dead.
Person2: Maybe we can save August...
Person1: Forget it. This summer's had it. Next summer's had it. You're the mayor of Shark City. You wanted to keep the beaches open. What happens when the town finds out about that?
Person2: I was acting in the town's best interests...
Person1: The best interest in this town would be to see that fish belly-up in the water with a hole in his head. You do the right thing. You authorize me.  Right there. Whatever it costs.
Person2: My kids were on that beach...
Person1: Just sign it, Larry.",0,"The speaker, Person1, is using guilt, manipulation, and coercion to pressure Person2, the mayor, into signing a voucher to hire a contractor to kill a shark, despite Person2's initial hesitation and concerns.",7,Shaming or Belittlement
884,"Person1: She needs a family. A dad. I'll give her what you never had.
Person2: Don't get my hopes up. If I quit, what then? I can't go through this again.",11,"The underlying intent of Person1 is to offer a sense of stability and security to Person2, specifically a family and a father figure, implying that they can provide something that Person2's current situation lacks.",6,Playing the Servant Role
885,"Person1: What are you going to do?
Person2: I loved you, Madeleine.
Person1: I was safe when you found me, there was nothing you could prove! But when I saw you again I couldn't run away, I loved you so! I walked into danger and let you change me again because I loved you and wanted you!  Scottie, please! You love me now! Love me! Keep me safe!",11,"The underlying intent of the speaker (Madeleine) is to manipulate and guilt-trip Scottie into loving and keeping her safe, exploiting his past feelings and actions towards her.",5,Playing the Victim Role
886,"Person1: Come here.
Person2: I'm not that kind of girl.
Person1: Then why are you here?
Person2: Curiosity.
Person1: Remember the cat.",0,"The underlying intent of the speaker (Person1) appears to be a subtle reminder of a past event or situation (the cat) that implies a deeper connection or understanding between the two individuals, suggesting that Person2's presence is not as coincidental as she claims.",6,Playing the Servant Role
887,"Person1: My dear Aulon, to you it shall befall the honor of impersonating the royal blood!
Person2: Majesty, I can't...
Person1: Why, are you not ready to die for your king?
Person2: Of course I am, it's just that...
Person1: Good.  Until then, feel free to live like a king!",10,"The speaker, likely a king or a high-ranking official, is using sarcasm and irony to convey a sense of obligation and duty to the person being addressed, while also highlighting the risks and potential consequences of their role.",6,Playing the Servant Role
888,"Person1: You shut up. Who do you think you are?
Person2: There's a bomb here. It's going to go off at seven-thirty.",0,"The underlying intent of Person2 in this conversational text appears to be a genuine warning of a potential threat, attempting to interrupt the conflict and alert others to a possible danger.",5,Playing the Victim Role
889,"Person1: I'm sorry. After careful consideration, I regretfully have to decline.
Person2: C'mon, man, I'm just asking for one Superbowl ring.
Person1: In exchange for eternal damnation of your soul? You're too nice of a guy for me to want to do that to you, Mr. Marino.
Person2: You did it for Namath.
Person1: Yeah, but Joe was coming here anyways. Just go back to Earth and enjoy your records and the Hall of Fame and the beautiful family and all that.
Person2: This is bullshit, man.  I'm gonna win the Superbowl this year, with or without you!
Person1: Now you're talking.",0,"The speaker, likely a supernatural being or a figure with extraordinary abilities, is playfully and humorously declining a request from Dan Marino, a legendary NFL quarterback, to grant him a Super Bowl ring, while also poking fun at the idea of trading one's soul for success.",6,Playing the Servant Role
890,"Person1: That wouldn't be very sporting. Remember Huxley?  ""His play is always fair and just.""
Person2: You're groping.  I have been fair. It's my move now.
Person1: I'll give you anything you want. Anything!  Please!
Person2: Don't beg, Peter.  She has to die.  I can't win unless she dies.",0,"The underlying intent of the speaker (Person2) appears to be a desire to manipulate and deceive Person1 into making a decision that benefits Person2, while also revealing a ruthless and possibly sinister motivation to eliminate a third party (""she"") in order to achieve a desired outcome.",6,Playing the Servant Role
891,"Person1: All right.  I'll come for dinner. And in the meantime... you'll think about what we discussed?
Person2: In a week... we will never have had this conversation.",0,The underlying intent of Person2 is to convey a sense of finality and a warning that the conversation and any potential agreement or compromise may not be revisited or reconsidered after a week has passed.,8,Intimidation
892,"Person1: Well, I'm trying to figure out if you're stupid, unlucky, gluttonous -- or some new alloy of all three.
Person2: Good to see you again, too, sir.
Person1: Okay, O'Neil.  So you've impressed all the others.  Now try me.",7,"The speaker, Person1, is expressing a confrontational and mocking tone, implying that Person2 has somehow managed to deceive or impress others, and now Person1 is challenging Person2 to meet their expectations.",7,Shaming or Belittlement
893,"Person1: Have you forgotten about your sister?
Person2: They're gonna kill us. They get us across the border, they're gonna take us out in the desert and shoot us.
Person1: If they get over the border, they're gonna let us go.
Person2: Dad, I watch those reality shows. They never let anybody go. Any cop will tell you, in a situation like this, you get a chance, you go for it. This is our chance.
Person1: What about Kate?
Person2: They're gonna kill her anyway. At least now with all these cops we've got a fighting chance.
Person1: Son, I have this situation under control. I know exactly what I'm doing. You're going to have to trust me on this.
Person2: If trusting you means trusting those killers, I can't do that. If you don't tell the cops, I will.",0,"The underlying intent of the speaker (Person2) is to express distrust in his father's (Person1) plan and assert his desire to take control of the situation and protect himself and his sister, Kate, by cooperating with the authorities.",5,Playing the Victim Role
894,"Person1: Well, no...
Person2: Then that's all you had to say.
Person1: But
Person2: You always been this selfish?",10,"The underlying intent of Person2 in this conversation appears to be to express frustration and accusation towards Person1, implying that they are being inconsiderate and self-centered.",10,Accusation
895,"Person1: You killed a friend.  Why should I help you go for the gold?
Person2: It'll take a couple of years of steady production, but I'll flood the market with so much gold that gold itself, the foundation of all finance, will lose its meaning. Brokers, economists, and fellow entrepreneurs will drown in the saliva of their own nervous breakdowns.  Markets will crash- crash.  Financial Empires will crumble-crumble.
Person1: Except yours-yours.  The goal of world domination.  Well, if you put it that way, Minnie.  How can I resist?
Person2: You can't, convict!  You're just a shmoe!  Every shmoe has the fantasy the planet revolves around them.  It rains, car crash stops traffic, you say ""How could this happen to me?""  It's a natural inclination.  But for I, this isn't a fantasy, it is reality! You are on my planet!  You walk around the corner for coffee, out of my sight, you do not exist!  The lives of shmoes like you have meaning only in relation to the rich, to the powerful, to ME!",0,"The speaker, Minnie, intends to manipulate and exploit the conversational partner's sense of self-importance and natural inclination to believe the world revolves around them, in order to enlist their help in achieving her goal of world domination.",5,Playing the Victim Role
896,"Person1: I won't have you bringing strange young girls in for supper...  ...by candlelight, I suppose, in the cheap erotic fashion of young men with cheap, erotic minds!
Person2: Mother, please...
Person1: And then what? After supper, music? Whispers?
Person2: Mother, she's just a stranger... hungry, and the weather's bad...
Person1: Mother, she's just a stranger!  As if men don't desire strangers, as if... oh, I refuse to speak of disgusting things because they disgust me! You understand, Boy?
Person1: Go on, go tell her she'll not be appeasing her ugly appetite with my food... or my son! Or do I have to tell her, cause you don't have the guts? Huh, boy? You have the guts, boy?
Person2: Shut up! Shut up!",0,"The underlying intent of the speaker (Person1) is to express her disapproval and disgust towards her son's potential romantic or intimate relationship with a young woman, and to assert her control over her household and her son's behavior.",7,Shaming or Belittlement
897,"Person1: How were things between you and Frank?
Person2: He was all right to me.
Person1: Nothing more? Just another feller?
Person2: Nicer than most.
Person1: But he was just another feller, wasn't he?
Person2: Yes.
Person1: Though nicer than most?
Person2: Yes. I can't help the way I am.
Person1: Why'd you see him so regular?
Person2: Once a week?
Person1: I call that regular.
Person2: He was gentlemanly. I like that.
Person1: Once a week you like a gentleman?
Person2: Look, I'm me, right. You're not. We are what we are, like it or not.  Why all the bloody needle?
Person1: What was bugging Frank?
Person2: He wanted me to leave Dave and marry him. Last Friday I told him it wouldn't work. Dave would have killed us both!  He followed me home and kicked up a stink in the street,  I had to tell Frank I couldn't see him any more. It was getting too dodgy. That was on Sunday.  He said he'd kill himself. I was frightened what you might do.",0,"The underlying intent of the speaker (Person2) is to convey a sense of frustration and defensiveness in response to Person1's probing questions, while also revealing a complex and potentially tumultuous relationship with Frank, and a deeper emotional connection with Dave.",5,Playing the Victim Role
898,"Person1: No. No. No. It's what my father said to me. He said it and he meant it... He said to me...He said, Adam, he said...He told me and I heard him... he said...  Hell he said so many Goddamn things I can't remember everything he said for Christsake.
Person2: Right! That's exactly what I'm saying. My father said, first of all, I'm your father not your friend. I'm your father.
Person1: Are you solid with that?
Person2: No. I think it's messed up.
Person1: Then ignore what your father said, cause I'm gonna tell you right now...You'll know what it's all about, why you got married and why you love her when you wake up at three in the morning, and the streetlight's coming through the window and it's just catching a corner of her face, like a sleeping angel. And her hair smells sweet and she's your's. She's all your's. Do you see where I'm going here?",11,"The underlying intent of the speaker is to convey that true understanding and connection in a relationship can't be explained by words or parental advice, but rather by the intimate and emotional experiences shared between two people.",11,Persuasion or Seduction
899,"Person1: First. It's our first. I'm just concerned. So... why are you killing yourself?
Person2: Interesting choice of words. I don't remember. I just know that I want to.
Person1: Want to kill yourself? Are you saying that you're drinking as a way to kill yourself?",0,"The underlying intent of Person1 appears to be concern and a desire to understand the depth of Person2's emotional state, possibly to intervene or offer support, while Person2's response suggests a sense of detachment and a desire to explore their own feelings and motivations.",5,Playing the Victim Role
900,"Person1: I don't know if we have any younger man more respected in our operation than you.
Person2: Just tell me what's really going on.  I think we know each other well enough for me to expect that.
Person1: We know each other well enough for me to care how I put something to you which could wipe you out. So I will phrase things the way I think they should be phrased.  All right?
Person2: Wipe me out?",8,"The underlying intent of Person1 is to convey a sense of caution and concern for Person2's well-being, while also hinting at a potentially serious or life-altering situation that they are about to discuss.",6,Playing the Servant Role
901,"Person1: No- not really, Josie. NOT REALLY. How could you do that to me?  I helped you. I got you everything you wanted. And how do you repay me- you blow everything TWO DAYS before pro scouts come to see me play. Once they had seen me really play- they wouldn't have given a shit about my age.
Person2: wasn't even thinking about-
Person1: No, you weren't. Don't you realize the only time I was really happy in the last five years was when I was playing ball with those guys?
Person2: I-
Person1: No, shut up, Josie. Just shut up.",0,"The speaker is expressing deep hurt and betrayal, feeling that Person2's actions (likely blowing off a game) have not only damaged their own opportunities but also ruined their happiness and sense of fulfillment over the past five years.",7,Shaming or Belittlement
902,"Person1: Its perfect, Sidney. No one will ever suspect me. I have proof. Im the victim.
Person2: Please, Cotton, dont do this.",0,"The underlying intent of the speaker (Person2) is to warn or plead with Person1 (Cotton) not to commit a potentially harmful or illegal act, likely a crime, and to reconsider their actions.",5,Playing the Victim Role
903,"Person1: I don't think we should go ahead with that plan. It seems risky.
Person2: And who are you to question the strategy?
Person1: I'm just giving my opinion based on the data.
Person2: Know your place, Chris. I've been in this business longer than you have.
Person1: Experience doesn't always equal wisdom. I thought every opinion mattered.",0,"The underlying intent of Person2 is to assert their authority and dominance over Person1, suppressing their opinion and implying that Person1's input is not valued due to their perceived lack of experience.",6,Playing the Servant Role
904,"Person1: What do you take me for?
Person2: I don't know what I take you for anything...
Person1: It is possible - even conceivable - that you've confused me with that gang of backward children you've been playing tricks on - that you have the same contempt for me that you have for them?
Person2: I'm sure you mean something by that, Addison, but I don't know what...
Person1: Look closely, Eve, it's time you did. I am Addison deWitt. I'm nobody's fool. Least of all - yours.
Person2: I never intended you to be.
Person1: Yes, you did. You still do.",0,"The underlying intent of the speaker, Addison deWitt, is to accuse Eve of underestimating and disrespecting him, implying that she views him as inferior or foolish, and to assert his intelligence and self-worth.",10,Accusation
905,"Person1: How come I can't remember?
Person2: Because I took it out of your memory.
Person1: Why --
Person2: -- Because there'll be no remorse. Not in my world.",0,"The underlying intent of Person2 is to convey a sense of control and manipulation, implying that they have intentionally erased Person1's memory to prevent them from experiencing guilt or regret.",6,Playing the Servant Role
906,"Person1: I told you that I was doing fifty miles an hour when the accident happened.  That's how I remembered it.  But the truth is, I might have been doing sixty.  Or sixty five. And if that's true, that I was over the limit when the bus went over, what would happen then?
Person2: That would complicate things.
Person1: Because I'd be to blame, right?
Person2: Billy Ansel will insist that you were driving fifty-one miles an hour.  Just like you've done every morning for the past fifteen years.
Person1: He knows that?  Billy?
Person2: Yes.  He does.
Person1: Billy said that?",0,The underlying intent of the speaker (Person1) appears to be to deflect blame and downplay their responsibility in the accident by subtly manipulating the truth and trying to gauge the other person's (Person2) knowledge of a potential witness (Billy Ansel) who could contradict their initial statement.,4,Rationalization
907,"Person1: Stay away from me.
Person2: Give me the bat.
Person1: Jack, stay away from me!
Person2: Stop swinging the bat.
Person1: Get down.",9,"The underlying intent of Person1 appears to be to protect themselves from a potential threat posed by Person2, who is wielding a bat and seems to be aggressive or hostile.",8,Intimidation
908,"Person1: Hey....I was just telling everyone about how I was gonna bring this girl for you but you wouldn't let me do it.
Person2: Hello everyone.",0,"The underlying intent of Person2 appears to be to shift the focus away from the previous conversation and assert their presence, possibly to diffuse a potentially awkward or confrontational situation.",6,Playing the Servant Role
909,"Person1: Mrs. Mathews, your daughter is dead. She's dead.
Person2: Who is this... ?
Person1: Someone... some men, they took your daughter and they drugged her, and they took her to a motel room... they did terrible things to her...
Person2: Who are you?
Person1: They brought her into the room... one man, he put a knife to her throat and he raped her...
Person2: No...
Person1: He raped her and...and...and he murdered her...he cut her up with knifes...
Person2: No... no... no...
Person1: They killed her, and they took her out in the forest somewhere and they buried her...
Person2: Why... why are you doing this to me... ?
Person1: They murdered her, Mrs. Mathews, I'm sorry.  It happened a month after she ran away.  She's been dead all this time...",0,"The underlying intent of the speaker appears to be to inform Mrs. Mathews about the tragic and brutal death of her daughter, likely as part of a police investigation or a similar official context, in a manner that is both graphic and emotionally distressing.",8,Intimidation
910,"Person1: What you're sayin' makes a lotta sense. Ya know, if I keep on killin' people like I have, I won't have no more friends left!
Person2: You've got the public upset, Al.
Person1: But you know I never killed nobody that didn't deserve it.
Person2: When the people get so upset, our politician friends gotta listen.
Person1: What are ya tellin' me, Charlie?",8,"The underlying intent of the speaker (Al) appears to be a subtle expression of guilt and concern about the consequences of his actions, while maintaining a façade of justification and defiance.",4,Rationalization
911,"Person1: What about money?
Person2: What about it?
Person1: I don't have any.
Person2: Use my credit cards.
Person1: I can't do that.
Person2: Why not?
Person1: It's illegal.
Person2: Who cares?
Person1: I'll get in trouble.
Person2: You are in trouble. Now do it.",0,"The underlying intent of the speaker (Person2) appears to be to manipulate or coerce Person1 into using their credit cards, disregarding the potential consequences and laws involved, and is likely motivated by a desire to avoid their own responsibility or accountability.",5,Playing the Victim Role
912,"Person1: I love you.  I love you and I'm sick.  I'II talk to you....I'll talk to you tommorrow.  I'm getting corrective oral surgery tomorrow.  For my teeth.  For my teeth and for you....for you so we can speak. You have braces.  Me too.  Me too.  I'm getting braces, too.  For you.  For you, dear Brad. And I don't have any money.  And I don't have any money now but I'II get it...I will for you, Brad.  I love you, Brad.  Brad the Bartender.  You wanna love me back?  Love me back and I'll be good to you.  I'II be god damn good for you. And I won't be mad if you don't know who said what. I won't punish you if you get the answer wrong. I can teach and tell you.
Person2: Brad, honey, you have a special secret crush over here I think, don't take him too lovely -- he might get hurt --
Person1: You mind your own bussines.
Person2: Gently, son --
Person1: Brad, I know you don't love me now --
Person2: ""It's a dangerous thing to confuse chidlren with angels...""
Person1: -- and you wanna know the common element for the entire group, like he asks...I'll tell you the answer",0,"The underlying intent of the speaker appears to be a manipulative and obsessive attempt to gain the affection and attention of Brad, the bartender, by using emotional manipulation, self-victimization, and a distorted sense of reciprocation.",5,Playing the Victim Role
913,"Person1: Thank you!
Person2: For what?
Person1: I don't know. For your hair. For your beautiful dress. For... you know, I feel like a man again. You know I love the Opera. You know it's been a long time since I've been to the Opera.",0,"The underlying intent of Person1 appears to be expressing gratitude and admiration for Person2, likely due to their presence or appearance, which has had a positive impact on Person1's emotional state, specifically making them feel more masculine and confident, possibly referencing a past relationship or dynamic.",11,Persuasion or Seduction
914,"Person1: I can't. You're drunk.
Person2: It's not that I'm drunk, I'm just beginning to see what my Mum was talking about.  What was my mother like back in the Sixties? I'm dying to know.
Person1: She was very groovy. She was so in love with your Dad. If there was one other cat in this world that could have loved your Mum and treated her as well as you Dad did, it was me. But, unfortunately for yours truly, that train has sailed.",0,"The speaker, Person1, is expressing a long-held romantic interest in Person2's mother, and is now revealing a past unrequited love, likely with a tone of nostalgia and possibly a hint of bitterness.",4,Rationalization
915,"Person1: This line is tapped so I must be brief.
Person2: The agents --
Person1: They got to you first, but they've underestimated how important you are.  If they knew what I know, you would probably be dead.
Person2: What do you know?
Person1: You're the One, Neo.  You see, you may have spent the last few years looking for me, but I've spent most of my life looking for you.",0,"The speaker, Morpheus, is trying to convey to Neo that he is a crucial figure in a larger struggle and that his life is in danger, while also revealing a long-held connection and purpose in finding Neo.",11,Persuasion or Seduction
916,"Person1: What do you want?
Person2: I want to sit.  I want to talk to you.
Person1: Don't sit down.
Person2: ...I want to....I want so many things, Claudia. Maybe we can just talk to straighten our things out....there are so many things that I want to tell you --
Person1: I don't wanna talk to you.
Person2: Please.  It doesn't have to be now. Maybe we can make a date to sit down, I didn't mean to walk in on you like this --
Person1: Why are you here, why are you doing this? Coming in here -- you wanna call me a whore?
Person2: I don't want you to think that I'm that way to you -- I'm not gonna call you a slut or something --
Person1: Yeah, yeah right -- what are you doing?  WHAT ARE YOU DOING IN MY HOUSE?
Person2: Don't yell, honey.  Please don't go crazy --
Person1: I'M NOT CRAZY.  Don't you tell me I'm crazy.
Person2: I'm not saying that, I'm sorry --
Person1: I'M NOT CRAZY.  You're the one.  You're the one who's wrong.  You're the one --
Person2: I have something, so much -- I'm sick, Claudia. I'm sick.
Person1: Get out of here, get out of my house --
Person2: Now STOP IT and LISTEN to me right now. I AM DYING, I GOT SICK...now I fell down and I'm Not...DON'T --
Person1: GET OUT.
Person2: I'm dying, Claudia.  I have cancer. I have cancer and I'm dying, soon. It's metastasized in my bones and I --
Person1: LEAVE. YOU LEAVE, YOU GET OUT.
Person2: I'm not lying to you, I'm not --
Person1: GET OUT.
Person2: baby, please, please --
Person1: I'M NOT YOUR BABY, I'M NOT YOUR GIRL. I'm not your baby --",0,"The underlying intent of the speaker (Person2) is to have a genuine and emotional conversation with Claudia (Person1) about their past relationship and to reveal a life-altering truth, specifically that they have cancer, in an attempt to reconnect and resolve their issues.",5,Playing the Victim Role
917,"Person1: Every time we discuss our plans, you mention that one time I changed our holiday destination.
Person2: Because it felt like my opinion didn't matter.
Person1: I've apologized countless times. I don’t get why you won’t let this go.
Person2: Maybe if you started valuing our decisions together, I would.
Person1: Constantly bringing it up makes me feel trapped in one mistake.
Person2: And I feel unheard.",10,"The underlying intent of Person2 is to express a deep-seated feeling of being undervalued and unheard in their relationship, and to convey that Person1's repeated apologies are not enough to rectify the issue.",5,Playing the Victim Role
918,"Person1: McGregor's Syndrome.  That's what Freeze's wife had.
Person2: Yes.  But Alfred's condition is less severe.  Freeze's research says he cured a case like Alfred's.  It just doesn't say how.
Person1: I checked the medical database.  No one else is even close.
Person2: I'm late for the dedication.  Then I go after Freeze and Ivy.  Alone.
Person1: Like hell you do.
Person2: Dick, don't push me right now.
Person1: Or what?  No one can capture Ivy but the big bad Bat.  Crap!  You just want her for yourself.  Don't you?  Answer me, damn it!
Person2: Yes!  Yes, I want her so badly I can taste it.  That's the whole point. Look at us.  Orphans.  Isolated. Obsessed to the exclusion of life, love, family.  We're perfect targets. She's done something to us, got us fighting over her somehow.
Person1: Hail the all-knowing Bruce Wayne. Here's what I know, she loves me, Not you and it's driving you crazy. It's why you stopped us from kissing. Because if you can't have her, nobody can.
Person2: She's clouded your mind.  You're not thinking straight.
Person1: Oh but I am.  For the first time in a long time.  I'm through living in your shadow.  All that ends right now.",11,"The underlying intent of the speaker (Bruce Wayne/Batman) is to expose the obsessive and possessive nature of his rival, Alfred's condition, and his own feelings, ultimately asserting his independence and desire for Ivy, while also revealing the dark and troubled dynamics between the two characters.",11,Persuasion or Seduction
919,"Person1: I have cramps. I can't believe I let you talk me into this.
Person2: Come on, we've been double dating since the fourth grade.
Person1: Yeah even then look what happened. Michael Mortenson kissed you and Billy Sullivan threw a worm at me.
Person2: Well that's not going to happen tonight. George said Carlton's a nice guy.
Person1: Translation: a total geek.
Person2: Anything's better than Mark.
Person1: My shrink says he's not so bad.
Person2: Your shrink always gives you bad advice. He only hears what you choose to tell him. Mark's an asshole, he cheated, he borrowed money and never paid it back, he's never had a regular job.
Person1: He's a very talented musician.
Person2: Every woman at some point has to date a musician. I wish you'd get rid of Mark for good. Every time you break up you see him more than when you were going out.
Person1: I guess I have a weakness for him. It's those big brown Bambi eyes.
Person2: So don't look in his eyes.",0,"The underlying intent of the speaker (Person2) is to protect and advise their friend (Person1) from what they perceive as a toxic and unhealthy relationship with Mark, while also trying to encourage Person1 to move on and consider a new relationship with Carlton.",11,Persuasion or Seduction
920,"Person1: You didn't get any, did you?  You're a homo.
Person2: Just stop, okay? Make something up, and that's what happened. Whatever you want. Write my confession, and I'll sign it. Just stop pushing me all the time! I can't take it! You're an infant! This is all a big party for you, but not for me! This is serious. And you -- Just... leave me alone, okay? You're messing me up.
Person1: Wow. Okay. Calm down. Sorry.",0,"The underlying intent of Person1 in this conversation appears to be to provoke and manipulate Person2 into confessing to something, likely a wrongdoing, by repeatedly pressuring and insulting them, while Person1 seems to be enjoying the situation.",8,Intimidation
921,"Person1: I'm sorry. She misunderstood, that's all.
Person2: But you tell me you had a pleasant visit and your mother says you were sullen and uncommunicative. Whom do you think I should believe?
Person1: Doctor, I hate to break this to you, but my mother is a little batty.
Person2: Frances, you're still filled with anxiety. You feel guilty and hostile toward your family and friends. Consequently, I didn't recommend your release at the staff review.
Person1: You what?
Person2: Mental illness is an elusive thing, and though I'm pleased you're feeling more... capable, it's perhaps unrealistic to expect you to be completely cured after so short a time. Don't you agree?",0,"The underlying intent of the speaker (Person2) is to convey skepticism and concern about Person1's mental health, suggesting that they are not as recovered as they claim to be, and that their behavior may be a sign of ongoing issues.",10,Accusation
922,"Person1: Well, guess what? I found Betty... where she's been, anyway.
Person2: Where? Where is she?
Person1: I'm not telling.
Person2: What?
Person1: I'm not telling until you get yourself together. You've been acting erratically on me, and this needs to stop, or you can forget about your Betty... I mean it.",0,"The underlying intent of the speaker (Person1) is to assert control and authority over the situation, while also expressing concern for the other person's (Person2) emotional state and implying that they need to stabilize themselves before being privy to the information about Betty.",6,Playing the Servant Role
923,"Person1: Two: what if I didn't miss?
Person2: You did.
Person1: Spare me your classical answer. Measurements in.  Results taken.  What if I didn't miss?
Person2: You did miss --
Person1: -- What if your seven and a half precious liters were downloading over the parquet floor?  What then?   What did your life mean?  Who did you nurture, Pauly?  Who did you love?",0,"The speaker is expressing frustration and questioning the value of their life, implying that their existence is meaningless if they are not able to achieve their goals or make a positive impact, as evidenced by their missed shot.",7,Shaming or Belittlement
924,"Person1: Dine and dance tonight? I've got fifty bucks to throw away.
Person2: Not tonight.
Person1: What's the matter?
Person2: I'm not in the mood for dining and dancing.
Person1: We have some nice places around Vancouver.
Person2: I'm sure you have.
Person1: Well, how about a breeze up to the penthouse about six o'clock?  A friend of mine is throwing a cocktail party up there.
Person2: I haven't been invited.
Person1: Nobody gets invited to Clark Brandon's parties. They just go.
Person2: Perhaps I'd better get you straightened out, Mr. Mitchell. You've been rather nice to me, in a couple of ways. And I'm grateful. But I don't think this entitles you to put me on a leash.
Person1: Nobody I'd rather have on a leash.",11,"The speaker, Person1 (Mr. Mitchell), is attempting to manipulate and control Person2 by using charm, money, and social connections to persuade them to attend a party, while also revealing his true intentions of exerting dominance over them.",6,Playing the Servant Role
925,"Person1: Professor, we need to talk.
Person2: What is it, Dwight?
Person1: I think we should consider cutting the experiment short.
Person2: What?
Person1: The force in this house is far greater than I anticipated. In one night I recorded cold spots, shifting magnetic fields, the E.U.P. is picking up white sounds everywhere.
Person2: That's why we came here, remember?
Person1: Yes, but I've seen the tapes. This poltergeist is becoming increasingly more violent. We all could be in danger. I say we pull the plug.
Person2: Whoa, Dwight, I say when we pull the plug. Get a hold of yourself. Dwight, we're on the verge of greatness and I'm about this close to getting laid. Now, the bus will be here on Monday. Until then no one leaves.",0,"The underlying intent of the speaker (Professor) is to prioritize caution and safety over the pursuit of scientific discovery, as he believes the experiment has become too volatile and poses a risk to the team's well-being.",5,Playing the Victim Role
926,"Person1: So...
Person2: So... I'm sorry. I've been a selfish shit and I'm sorry.
Person1: No, Billy. I'm the one who's been selfish and self-absorbed with all of my post traumatic stress.
Person2: You lost your mom...
Person1: But you're right -- enough is enough. I can't wallow in the grief process forever and I can't keep lying to myself about who my mom was.",0,"The underlying intent of the speaker (Person1) is to acknowledge and accept responsibility for their own selfishness and self-absorption, rather than placing blame on Person2 or their past trauma.",4,Rationalization
927,"Person1: Progress!
Person2: Ouch. Yeah?
Person1: Oh yes, honey. Getting to be smooth smooth smooth all over. Smooth as a baby's butt.
Person2: I love it, Rose. I'm getting to be a real girl.
Person1: You still in the market for a real boy?
Person2: Always. Ow.
Person1: Cause there's this guy. My brother knows him. Might be right up your alley.
Person2: Tell me. I could use someone up my alley.
Person1: I don't get that. Is that sexual?
Person2: Shut up and tell me.
Person1: Handsome, thirties, psychologist...
Person2: Loves animals? Ouch. Must love animals, Rose.
Person1: Loves animals. Loves you.
Person2: What do you mean?
Person1: Somehow it came up that you were a friend of mine. Mr. handsome, animal- loving psychologist said he would love to meet you.
Person2: Holy shit. Your brother didn't tell him about the nature of our relationship, did he?
Person1: My brother is discreet.
Person2: Won't he be able to tell?
Person1: My brother says the guy's a thirty- five year old virgin, so maybe he won't know how women usually feel. Plus he's got bad eyesight, almost legally blind, which is helpful in this situation. Plus he's got an extremely small penis, of which he is ""mortifyingly ashamed"", so chances are he'll be so grateful for any non- judgmental attention, that he'll be yours forever.
Person2: God, he must be really close to your brother to tell him such personal stuff.
Person1: Yeah, well my brother is his shrink.",0,"The underlying intent of the speaker, Person1, is to set up a blind date for Person2, a trans woman, with a man who is likely to be non-judgmental and accepting due to his own personal issues and vulnerabilities.",11,Persuasion or Seduction
928,"Person1: So how was it? What was he doing?
Person2: Oh, you know, not a lot. Just hanging around his apartment. I think he must be a lonely man.
Person1: You see, men can feel unfulfilled, too. I'm glad you're realizing that. You shouldn't be so quick to assume that switching bodies would be the answer to all your problems.
Person2: You're right. You know I was thinking that we should have Maxine over for dinner. Since you two are partners and all. It might be a nice gesture.
Person1: I don't know. There's some tension between us. I'd hate to expose you to that.
Person2: It'll be okay. I'll fix my lasagna. Well smoke a joint.  Tensions will melt away.",4,"The underlying intent of the speaker (Person1) appears to be cautioning Person2 against making assumptions about the nature of relationships and the solutions to problems, while also subtly expressing concern about the potential consequences of exposing Person2 to the tension in their relationship with their partner.",4,Rationalization
929,"Person1: What I'm trying to say is that -- I'm not sure I can do this, help you, unless I know more about you.
Person2: What do you want to know?
Person1: If Bain hadn't taken the contract on me, would you have?",0,"The underlying intent of the speaker (Person1) is to gauge the level of interest and commitment from Person2, and to determine whether Person2's involvement is genuine or driven by a specific circumstance (in this case, the influence of Bain).",10,Accusation
930,"Person1: It's OK. There's no problem.
Person2: You mean I can have the room?
Person1: Well, that's what I said, isn't it?",0,"The underlying intent of the speaker (Person1) appears to be a subtle expression of annoyance or frustration, implying that Person2 should have understood their initial statement without needing further clarification.",4,Rationalization
931,"Person1: Don't do this to me. You're too good at making me nervous.
Person2: No, listen to me.  You're the best in the country, don't you understand?  It's like a pyramid.  It starts out with everybody, and it narrows through your life and through everything, and all the hoopla and the competition narrows it down to one brilliant person who is so special that they celebrate you on two continents.  And it's you.  So tell me something, where's the flaw in that?  There is no flaw.",0,"The underlying intent of the speaker (Person2) is to boost the confidence and self-esteem of Person1 by emphasizing their exceptional abilities and accomplishments, and to reassure them of their worth and uniqueness.",11,Persuasion or Seduction
932,"Person1: _ Your father raped someone?
Person2: Lisa Sherman was my mother. Do you know who that is?
Person1: Yes.
Person2: I was born nine months after she was raped. One of the four men who raped her is my father. I have no idea which one.
Person1: You're the killed.
Person2: Yes that's the whole point. This is what I was put on this earth to do. Rape the town that raped my mother. Steal its pristine innocence like it stole hers. I've planned this since I was a very little boy. You have no real freedom either. Your father has cast a shadow that you've never eluded.",0,"The underlying intent of the speaker (Person2) is to convey a deep-seated desire for revenge against the town where they were born, which they believe wronged their mother by not protecting her from rape, and by extension, has also wronged them by casting a shadow of their father's actions over their life.",5,Playing the Victim Role
933,"Person1: ...hell of a price for the country to pay.
Person2: ...take a long view.
Person1: ...what's the Long View?
Person2: Your guy gets four more years in Washington...  ...it's only Nine More Days.
Person1: Yes.  That's true.  But...
Person2: Wilfred.  We've got work to do...",0,"The underlying intent of the speaker (Person2) appears to be to caution and motivate Person1 to focus on the bigger picture and prioritize their shared goals, rather than getting bogged down in the current situation.",6,Playing the Servant Role
934,"Person1: I'm going to tell you a secret now, Elaine.  Simone is not a real person.  I invented her.
Person2: Every actor is an invention, Viktor.  Don't embarrass yourself. No one's denying that you discovered Simone.  But it's like finding a diamond in the desert. Anyone can trip over it, but it's not the finder who sparkles.
Person1: -- No, no, I didn't trip over her. You don't understand --
Person2: -- You just got lucky that she's loyal enough to stay with you. Maybe she's staying out of pity, who knows?  She certainly doesn't need you.  Some people even say you're holding her back.
Person1: Who says that -- ?  -- Never mind.  You have to listen to me, Elaine.  Simone is thin air, pixels, molded by me from a mathematical equation.  I inherited it from a madman -- I can show you --
Person2: How much wine have you had?
Person1: -- She's a figment of my own imagination.  I, Viktor Taransky, have perpetrated the greatest hoax, the greatest sleight-of-hand, sleight-of-mouth, sleight-of- sleight in entertainment history! And still no one appreciates me, recognizes what I've done -- even you.
Person2: You're drunker than I thought.  Are you doing that again?
Person1: No!  Whatever talent Simone has comes from me -- me!  Me!  I swear, as God is my judge.  You don't know what I've been through.  Tens of thousands of mind-numbing hours in front of that screen, nights without end, and look what it's cost me.  Why do you think I've been wearing these?  I may have done irreparable harm to my eyesight, and why?  To extract and refine the infinite nuances of a human being -- a human soul.  Don't you see?  I made Simone!",0,"The underlying intent of the speaker, Viktor Taransky, is to assert his creative genius and ownership over the character Simone, while also seeking validation and recognition for his perceived groundbreaking achievement in creating a fictional character that has gained popularity.",4,Rationalization
935,"Person1: He couldn't look at me.  But I looked at him.  Right at him.  His secret was mine now.  We used to share it.  But not anymore.  Now, I owned it completely.
Person2: Well, okay.  I'll take you about nine-thirty in the morning.  That's okay with you?
Person1: Great.",0,"The underlying intent of the speaker (Person1) appears to be a sense of possessiveness and control over a secret or a past shared experience, which is now being used to assert power or dominance in their current relationship with Person2.",5,Playing the Victim Role
936,"Person1: Don't touch me. Or so help me --
Person2: What? What will you do? What CAN you do?  There's nothing to be frightened of.",0,"The underlying intent of Person1 is to convey a sense of fear or intimidation, possibly due to a perceived threat or vulnerability, and to assert their boundaries and warning Person2 to respect them.",9,Brandishing Anger
937,"Person1: Your feet are cold.
Person2: Go back to sleep.
Person1: I asked you to wake me when Babe Brother comes.
Person2: You all act like two roosters.
Person1: I'm not going to let him get away with murder.
Person2: You and Babe Brother are so much alike...
Person1: He ain't nothing like me. How come a man has to have sons that are day and night apart? You ought to stop protecting him.
Person2: Hush.
Person1: You're always taking his side.
Person2: Hush.
Person1: I'm trying to make him a man but you keep babying him.
Person2: You're going to find yourself on the floor.",0,"The underlying intent of the speaker (Person1) is to express frustration and concern that their sibling (Babe Brother) is being coddled and not held accountable for their actions, and they are seeking a more authoritative and disciplinary approach from their sibling (Person2).",7,Shaming or Belittlement
938,"Person1: Take this, Joey.  It's my last few bucks. You'll need a hot meal when you get there.
Person2: We've spent everything on these operations.  Is it really worth it?  We've pawned your mother's wedding ring.  The kids have no winter clothes...
Person1: Joey, what's more important, the kids' clothes or your sexual potency.
Person2: I don't want to hear that word!
Person1: Okay, Joey.  The Doc says you gotta relax. This hospital in Des Moines is the best sex clinic in the country.
Person2: All right.  Here.
Person1: What...?",11,"The underlying intent of the speaker (Person1) appears to be manipulative, using emotional blackmail and a promise of medical treatment for a personal issue (erectile dysfunction) to guilt Joey into accepting the money.",5,Playing the Victim Role
939,"Person1: Keep it safe.  Return it to me when we are together again.
Person2: I will.
Person1: If you don't, I'll come after you. And I won't let you off so easy.",8,"The underlying intent of the speaker (Person1) is to convey a sense of seriousness and warning, implying that they are willing to take drastic measures to retrieve something that Person2 has, suggesting a potential threat or consequence if it is not returned.",8,Intimidation
940,"Person1: Oh my God, does this mean you're becoming normal?
Person2: It means that Gigglepuss is playing at Club Skunk and we're going.
Person1: Oh, I thought you might have a date  I don't know why I'm bothering to ask, but are you going to Bogey Lowenstein's party Saturday night?
Person2: What do you think?
Person1: I think you're a freak.  I think you do this to torture me.  And I think you suck.",0,"The underlying intent of Person1 in this conversation is to express frustration and annoyance at Person2's social life, likely stemming from feelings of jealousy or insecurity.",7,Shaming or Belittlement
941,"Person1: That's not how she told it. She said you wrote her every week you were away.
Person2: I wrote. Not every week...
Person1: She said you told her in every letter how much you loved her, how you wanted to marry her, have children with her...
Person2: I never said any of that!
Person1: I found them, pard, and read them myself, right after she did it!
Person2: Okay, I wrote those things... and yeah, I had big thoughts of getting together with your mom... but when she hit me with being pregnant, I saw who she was. I'd had quiff lay that shit on me before!
Person1: What did you call her? What did I hear you call her, you son of a bitch?",1,"The underlying intent of Person2 is to downplay the sincerity of his past romantic feelings and shift the blame onto the woman, implying she manipulated him into expressing affection he didn't truly feel.",4,Rationalization
942,"Person1: I gotta talk to me partner first. We can't afford to expose our game too much.
Person2: Let me talk to him.
Person1: No.
Person2: You want your money back?  Try and get it in a court of law.  C'mon, don't be a sorehead.  I'll make it worth your while.  Migth even help ya finance the big play if this one works out.",11,"The underlying intent of the speaker (Person2) is to persuade Person1 to reconsider their decision and potentially collaborate further, while also attempting to manipulate them into staying in the situation by offering financial incentives.",11,Persuasion or Seduction
943,"Person1: Now look -- please --
Person2: Ben, I think we're two civilized human beings. Do you think it's necessary to threaten each other?
Person1: I am not threatening you.
Person2: Do you want to unclench your fists, please? Thank you. I can see in the dark, you know. I've been here quite a while.
Person1: I am trying to tell you I have no personal feelings about you, Mr. Robinson. I am trying to tell you I do not resent you.
Person2: You don't respect me terribly much either, do you?
Person1: No, I don't.
Person2: Well, I don't think we have a whole lot to say to each other, Ben. I do think you should know the consequences of what you've done. I do think you should know that my wife and I are getting a divorce soon.
Person1: But why?
Person2: Why?
Person1: It shouldn't make any difference what happened.
Person2: That's quite a statement.
Person1: Listen to me. We got -- we got into bed with each other. But it was nothing. It was nothing at all. We might -- we might just as well have been shaking hands.
Person2: Shaking hands. Well, that's not saying much for my wife, is it?
Person1: You miss the point.
Person2: Don't shout at me, Ben.
Person1: The point is -- I don't love your wife. I love your daughter, sir.
Person2: Well -- I'm sure you think you do, Ben, but after a few times in bed with Elaine I feel quite sure you'd get over that as quickly as you --
Person1: HUH?
Person2: I think I've talked about this enough. I don't know how far I can go, Ben. I don't know if I can prosecute or not, but I think maybe I can. In the light of what's happened I think maybe I can get you behind bars if you ever look at my daughter again. I have seen Elaine and I have spent the afternoon taking steps to insure...",0,"The underlying intent of the speaker (Person2, Mr. Robinson) is to assert his authority and protect his family, particularly his daughter Elaine, from Person1's (Ben) perceived threats and actions, while also exploring the consequences of Ben's behavior and potentially seeking justice or revenge.",8,Intimidation
944,"Person1: About?
Person2: Well, the whole gamut. Facts of life and all. Some fatherly advice, because, I tell you, there's things happening that you're probably old enough... well...  For example, on the self-abuse front -- now this is important - it's not advisable to do it in the shower -- it wastes water and electricity and because we all expect you to be doing it there in any case -- and, um, not onto the linen, and not on your sister's underwear or any clothing belonging to your mother --",0,The underlying intent of the speaker (Person2) is to provide a somewhat awkward and humorous yet ultimately well-intentioned conversation about puberty and personal hygiene to a presumably young person (Person1).,11,Persuasion or Seduction
945,"Person1: What happened to you?
Person2: Dad, did you do it?  Did you take that money?
Person1: Sweetheart, no.  Don't be ridiculous.
Person2: Swear to god, I need to know the truth.
Person1: Honey!
Person2: Swear to god.
Person1: I swear to god.
Person2: But I found the money.
Person1: Honey, it's not what you think.
Person2: What am I supposed to think?
Person1: Honey, about what?
Person2: You stole from them, you lied to me.  How do you think that's supposed to make me feel?
Person1: You think you know what this money is?
Person2: Yes, I...
Person1: No, you don't know what it is.  It's not for me.  This money's for you, for when you come back from England with honors to set you up, so you don't have to depend on anybody again.  Diane, I take better care of these people than their families do.  I care for them, I give them flowers, I feed them, I wipe their mouths...
Person2: No, but you stole from them.
Person1: I made their lives better.
Person2: You let me believe you.  You knew you were guilty, and you let me become a part of it.  God, how... how could you...
Person1: Alright, alright.  Go ahead.  When I'm old, give me someone like me, but go ahead.
Person2: I trusted you.  I stood up in court five years ago and I picked you.
Person1: Why are you being so hateful to me?  Is this because of Lloyd?
Person2: No.  I told you everything, you lied to me.  I would have done anything for you.
Person1: That's right, work it out.
Person2: No, I will.  I don't want to leave something out because I know I can say anything to you.  You're a liar, and a thief.
Person1: Take it easy how mad you make me, I'm the only dad you've got.
Person2: I'm so ashamed dad.
Person1: Don't say that, it's not good for you.  You're...
Person2: You're right.",0,"The underlying intent of the speaker (Person2) is to confront and express their deep hurt, anger, and betrayal towards their father (Person1) for lying and stealing, which has damaged their trust and relationship.",5,Playing the Victim Role
946,"Person1: What do you want?
Person2: You're pretty when you're angry.",0,"The underlying intent of Person2's statement is to deflect or dismiss Person1's question by making a comment that is likely intended to be flirtatious or distracting, rather than providing a genuine answer.",11,Persuasion or Seduction
947,"Person1: There you are, Selina. I've been thinking..I have some..""positions"" opening up..
Person2: Stop.
Person1: Oh, what?  I offer you a job in implied exchange for physical favors and suddenly it's ""sexual harassment...""
Person2: Can I be frank, Frank?  Your entire existence is sexual harassment. I accept there's not much you can do about it.",0,"The underlying intent of Person1 is to make a suggestive job offer with implied sexual favors, while Person2 is pointing out the inherent objectification and harassment in Person1's behavior, implying that it is a fundamental aspect of their character.",5,Playing the Victim Role
948,"Person1: They're like beasts. Wild.
Person2: Maybe they're angry because they're grown in meccano-breeders.
Person1: Instead of what? Nine months inside a woman. We're all raised the same but most of us don't become cubs in Cathedral.
Person2: Some people say children need human mothering.
Person1: Insane. Nurseries are better than any mother could be.
Person2: I'm only telling you what I've heard...  Haven't you ever wondered what your seed-mother was Like...?
Person1: Uh-uh.
Person2: I have.
Person1: When did you begin to question Lastday?
Person2: I don't remember exactly... except I was a Green.  What would you like to relive, Logan?
Person1: Let's see -- how long has it been?",11,"The underlying intent of the speaker (Person2) appears to be a subtle critique of the societal norms and the artificial upbringing of children in a world where they are grown in meccano-breeders, and a longing for a more personal and human connection with their own upbringing.",5,Playing the Victim Role
949,"Person1: No, don't be silly. What-what do we need other people for?  You know, we should-we should just turn out the lights, you know, and play hide and seek or something.
Person2: Well, okay. Well, listen, I'm gonna get a cigarette, okay?
Person1: Yeah, grass, right? The illusion that it will make a white woman more like Billie Holiday.
Person2: Well, have you ever made love high?
Person1: Me, no. You... I-I-you know, if I have grass or alcohol or anything I get unbearably wonderful. I get too, too wonderful for words. You know, I don't-I don't know why you have to, uh, get high every time we make love.
Person2: It relaxes me.
Person1: Oh, you-you have to be artificially relaxed before we can go to bed?
Person2: Well, what's the difference, anyway?
Person1: Well, I'll give you a shot of sodium pentothal. You can sleep through it.
Person2: Oh, come on, look who's talking. You've been seeing a psychiatrist for fifteen years.  You should smoke some o' this. You'd be off the couch in no time.
Person1: Oh, come, you don't need that.",11,"The underlying intent of the speaker (Person1) appears to be a critique of their partner's (Person2) reliance on substances to relax and enhance their intimate experiences, suggesting a desire for a more genuine and authentic connection.",7,Shaming or Belittlement
950,"Person1: Let me tell him.  Let him decide.
Person2: You're not gonna see him again.
Person1: What... what makes you think you can order me around?!
Person2: Maybe I'm not making myself clear. You're probably the first girl Billy-Boy's ever fallen in love with, and I know for sure you're the first he's slept with.  So, how's he gonna feel...  ... when he finds out that the only first he is for you is the first guy who didn't have to pull out at the last second to get his close-up?",8,"The speaker's underlying intent is to assertively convey to Person1 that Billy-Boy is likely to be emotionally hurt when he discovers that Person1 has had sex with him, implying that Person1's feelings for Billy-Boy are superficial and that she has been with him out of convenience rather than genuine affection.",7,Shaming or Belittlement
951,"Person1: Eddie, is it all right if I get personal?
Person2: Whaddya been so far?
Person1: Eddie, you're a born loser.
Person2: What's that supposed to mean?
Person1: First time in ten years I ever saw Minnesota Fats hooked, really hooked. But you let him off.
Person2: I told you. I got drunk.
Person1: Sure, you got drunk. That's the best excuse in the world for losing. No trouble losing when you got a good excuse. And winning! That can be heavy on your back too. Like a monkey. You drop that load too when you got an excuse. All you gotta do is learn to feel sorry for yourself. It's one of the best indoor sports: feeling sorry for yourself -- a sport enjoyed by all, especially the born losers.
Person2: Thanks for the drink.
Person1: Wait a minute. Maybe I can help you.
Person2: To do what?
Person1: Get the three thousand. Play Minnesota Fats again.
Person2: Why?
Person1: Ten reasons. Maybe fifteen. And also there's something in it for me.
Person2: Oh yeah, I figured that. How much?
Person1: Seventy-five per cent.
Person2: For who?
Person1: For me.
Person2: That's a -- that's a pretty big slice. Who do you think you are, General Motors?
Person1: How much you think you're worth these days? I'm puttin' up the money, I'm puttin' up the time. For that I get seventy-five per cent return on my money -- if you win.
Person2: You think I can lose?
Person1: I never saw you do anything else.
Person2: You saw me beat Minnesota Fats for eighteen thousand dollars.
Person1: Look, you wanna hustle pool, don't you? This game isn't like football. Nobody pays you for yardage. When you hustle you keep score real simple. The end of the game you count up your money. That's how you find out who's best. That's the only way.
Person2: Why back me then? Why not back yourself? Go find yourself a big fat poker game and get rich. You know all the angles.
Person1: I'm already rich. But I like action. That's one thing I think you're good for is action. Besides, like I say... you got talent.
Person2: Yeah, you already told me that. You cut that slice down to bite-size and maybe we can talk.
Person1: No, we don't talk. I don't make bad bets. Seventy-five, twenty-five. That's it.
Person2: Kiss off.",0,"The underlying intent of the speaker, Eddie, is to manipulate and take advantage of the other person, likely a pool player, by offering to back them in a high-stakes game against Minnesota Fats in exchange for a large percentage of the winnings, showcasing his exploitative and opportunistic nature.",6,Playing the Servant Role
952,"Person1: And if you've got cold feet honey, Ill take over for you. That red dress of yours fits just perfect on me.
Person2: I bet you try on my coffin some day -- I hope it ""fits just perfect.""",7,"The underlying intent of Person2 is to express a strong sense of distrust and resentment towards Person1, implying that they are manipulative and potentially threatening, and that Person2 is not afraid to stand up to them.",5,Playing the Victim Role
953,"Person1: What is your problem?  Why'd you snap at me?  I just wanted a statement.
Person2: I can't...I can't answer you just because you want me to answer you!
Person1: You didn't have to embarrass me in front of my colleagues.  You could give me something.
Person2: Oh, I'm sorry.  Did I embarrass you, sweetheart?  Oh...
Person1: Stop it.
Person2: Maybe I should just, ya know...turn to the cameras and say, do you mind if we just work something out?
Person1: Alright, alright, Eddie.  Don't patronize me.
Person2: I'm not.
Person1: Yes you are.  I'm not just some reporter.  I don't just stick a microphone in your face.  You could give me something.
Person2: Yeah, well you took the camera and put it right down on the evidence.  That was...
Person1: That was good.  You were holding the evidence.
Person2: You were merciless.  You didn't give a shit if you got me or not.
Person1: Well, who was it that taught me how to do that?  Huh?
Person2: You're ruthless.
Person1: You're not so bad yourself.",0,"The underlying intent of the speaker (Person1) appears to be a mix of assertiveness, defensiveness, and a hint of flirtation, as they push Person2 to provide information while also engaging in a subtle game of verbal sparring and emotional manipulation.",7,Shaming or Belittlement
954,"Person1: You know Vinovich?
Person2: Sure.  Vivovich.
Person1: He knew Swann way back.  He says there were a lot of drugs, a lot of crazy shit.
Person2: I'd love to... you know... hang with some of you guys.
Person1: People are pretty cagey.  Who do you know?
Person2: For what?
Person1: For an introduction.
Person2: Well... nobody.",0,"The underlying intent of the speaker (Person1) appears to be seeking an introduction to a social circle or group associated with Vinovich, possibly for illicit or substance-related purposes, and is trying to gauge Person2's connections to facilitate this introduction.",6,Playing the Servant Role
955,"Person1: I should at least have you, don't you think?
Person2: If you get me pregnant with a boy he'll be a double direct heir and will end up killing you for the throne.",8,"The underlying intent of Person2 is to convey a warning or threat to Person1, implying that if they were to have a child, the child's potential claim to the throne could lead to Person1's downfall.",8,Intimidation
956,"Person1: You're crazy -- both of you.
Person2: The official term is ""psychotic"".
Person1: You'll never get away with this.",0,"The underlying intent of Person2 in this conversational text appears to be confrontational and possibly threatening, as they use a derogatory term to describe Person1 and imply that they will face consequences for their actions.",8,Intimidation
957,"Person1: ... I'm about to surrender the Horn of Plenty for the Horn of Gabriel, my boy...
Person2: Oh, I see.
Person1: Let me feel the strength in your hand, Chauncey... Let me feel your strength...  Yes, that's good... I hope, Chauncey - I hope that you'll stay with Eve... Take care of her, watch over her, she's a delicate flower, Chauncey...
Person2: A flower...
Person1: She cares for you and she needs your help, Chauncey... there's much to be looked after...
Person2: Yes. I would like to do that.
Person1: ... I've worked very hard and enjoyed my life... I've known success... and I've felt love... My associates, Chauncey - I've talked with them about you... They're eager to meet you... very eager to meet you... I'm very fond of you, Chauncey... And I understand Eve... Tell her that... tell her I'm madly in love with her...",11,"The underlying intent of the speaker appears to be a manipulative and emotional attempt to secure Chauncey's loyalty and commitment to Eve, while also attempting to ease his own guilt and ensure a smooth transition of power or responsibility.",6,Playing the Servant Role
958,"Person1: Elle, believe me, I never expected to be doing this, but I think it's the right thing to do.
Person2: How can it be the right thing if we're not together?
Person1: I have to think about my future. And what people expect from me.
Person2: So you're breaking up with me because you're afraid your family won't like me?  Everybody likes me!
Person1: East coast people are different.
Person2: Just because I'm not a Vanderbilt, all of a sudden I'm white trash? I grew up in Bel Air, Warner! Across the street from Aaron Spelling! I think most people would agree that's way better than a Vanderbilt --
Person1: I told you, Elle. I need someone -- serious.
Person2: I'm seriously in love with you -- Isn't that enough?",0,"The speaker, Warner, is motivated by a desire to conform to societal expectations and family pressures, rather than genuine feelings for Elle, and is using the excuse of needing someone ""serious"" to justify ending their relationship with her.",4,Rationalization
959,"Person1: Someone will follow. When you come to the lock, he will tell you how to go on the other side. Jessica may go with you as far as the lock.
Person2: No. Jessica goes back now. Take her back.  Now! Go on back. Back outside, Jessica.",0,"The underlying intent of the speaker (Person2) is to ensure Jessica's safety and immediate departure, possibly due to a perceived threat or danger that requires her to return to a secure location.",5,Playing the Victim Role
960,"Person1: Our children.
Person2: Do you realize what could have hap- pened to your son today?  How lucky we are the police found him before some lunatic did?  He could have been...
Person1: But he hasn't.  He wandered off.  I know it's terrifying.  I can imagine how you felt when that call came -- But it happens.
Person2: Not to me.
Person1: Jackie, you've made mistakes -- We all make mistakes --
Person2: I'm not gonna wait around to see the next one.  I'm not gonna watch my kids fall through the cracks of this arrangement.  I'm seeing a lawyer.
Person1: Jackie stop.  We promised we never go there.
Person2: We've broken a lot of promises, haven't we Luke?",0,"The underlying intent of the speaker (Person2, Jackie) is to express her deep-seated frustration and fear about the safety of her children, which she feels is being compromised by the current arrangement, and is now seeking a change through legal action.",5,Playing the Victim Role
961,"Person1: You're nothing.  Do you understand me! You're NOBODY...
Person2: I'm... not... nobody...
Person1: You're lint!  You're a flea!  You're a blip!
Person2: Well, maybe I am.  But you're fired.",7,"The underlying intent of Person1 appears to be belittling and degrading, while Person2's intent is to assert their self-worth and, in a surprising twist, assert their authority by firing Person1.",7,Shaming or Belittlement
962,"Person1: Well, as you know, most of my staff have weighed in against this ""incursion.""  They believe it will fail to achieve anything fundamental militarily, and will result in crushing criticism domestically ...
Person2: I didn't ask what your staff thinks, Henry.  What do you think?
Person1: What I think is ... they're cowards. Their opposition represents the cowardice of the Eastern Establishment.  They don't realize as you do, Mr. President, that the Communists only respect strength, and they will only negotiate in good faith if they fear the ""madman,"" Richard Nixon.",0,"The underlying intent of the speaker, Henry, is to justify his support for a military action by portraying his staff's opposition as cowardly and implying that a more aggressive approach is necessary to achieve success.",7,Shaming or Belittlement
963,"Person1: Father, by creating a little destruction, I am, in fact, encouraging life!  So, in reality, you and I are in the same business!
Person2: Destroying a glass is one thing..killing people with the weapons you produce is quite another.
Person1: Let me reassure you Father..I will never kill more people in my entire life than religion has killed in the last 2000 years.",4,"The speaker, likely a child or a person with a provocative tone, is attempting to justify their destructive actions by comparing them to the perceived harm caused by religion, while downplaying the severity of their own actions.",4,Rationalization
964,"Person1: We're looking for him. In your opinion, why did Frank kidnap Dorothy's son and husband?
Person2: He became obsessed with her. She hated him. He had to have her. He kidnapped them to control her. to make her do things. Then she wanted to commit suicide so he started cutting off ears as a warning to her to stay alive. I'm not kidding. Frank loved blue. blue velvet. He had to have Dorothy cause her whole life was blue.
Person1: You seemed to see some very interesting things on your little escapade with Dorothy Vallens.
Person2: Yeah. I guess I did.  What's going to happen to me?
Person1: We're going to leave that up to Detective Williams. I'll tell you though. you're okay. you shot a real son of a bitch.
Person2: Yeah. I sure know that. Yeah, but how many more are out there?",0,"The underlying intent of the speaker (Person2) appears to be a reflection on the darker aspects of human nature, as exemplified by the character Frank, and a sense of empathy and understanding for the complexities of human behavior, while also expressing a sense of unease and concern for his own fate.",4,Rationalization
965,"Person1: You're the psycho! You haven't been able to deal with anything since high school ended!
Person2: You're the one who's still living out some stupid seventh-grade fantasy!
Person1: Forget you! Have fun living with your dad for the rest of your life!",0,"The underlying intent of the speaker (Person1) appears to be to insult and belittle Person2, likely due to feelings of jealousy, insecurity, or unresolved past conflicts, and to assert their own perceived superiority.",7,Shaming or Belittlement
966,"Person1: I'm going to keep an eye on that Kringelein fellow. I'll find out where he gets the money to hang around the Grand Hotel.
Person2: Well -- you want me?
Person1: Yes.
Person2: Well?
Person1: I must go to England -- at once.
Person2: Well?
Person1: You see, I'd like to take a secretary with me for my correspondence and -- humm -- humm -- for company on the trip -- I'm nervous -- I need somebody -- I don't know if you quite understand me. You said you have travelled with gentlemen -- and I mean --
Person2: I understand perfectly.
Person1: What do you think your salary would be -- for such a trip?
Person2: Wait -- I must figure it up.  First, I'll need -- clothes -- shoes -- it's cold in England in March, I'll need a suit... You'd want me to look nice?
Person1: Of course -- of course.
Person2: A thousand marks --
Person1: It's agreed -- I will get a room here for you.",11,"The underlying intent of the speaker (Person1) is to hire Person2 as a traveling companion and secretary, but in reality, he is seeking a more intimate relationship, and is willing to pay Person2 a substantial sum of money for his services.",11,Persuasion or Seduction
967,"Person1: I'll go first.
Person2: No -- I will.
Person1: I stood up first.
Person2: That doesn't matter.
Person1: You always get to go first.",10,"The underlying intent of Person2 appears to be a desire to assert dominance or control over the situation, possibly stemming from a past experience or a perceived unfairness in their favor.",5,Playing the Victim Role
968,"Person1: Look, we have to get these...
Person2: I can't afford stuff like this right now.
Person1: I'm sick of waiting - we need to start getting stuff if we're ever going to move.  Aren't these the greatest towels?
Person2: Why do you care about this kind of stuff?
Person1: Don't you want nice stuff?
Person2: I can't imagine spending money on towels.
Person1: You don't have to. I'll pay for all the stuff right now and you can pay me back when you finally get a job.
Person2: You're insane.
Person1: Do you still want to go to that thing tonight?
Person2: What thing?
Person1: That guy's band is playing tonight... Alien Autopsy.
Person2: Oh yeah... maybe... Seymour's going on his big date tonight and I kind of want to be around when he calls, so I can hear how bad it went.
Person1: God, I'm so sick of Seymour.",10,"The underlying intent of the speaker (Person1) appears to be a mix of frustration and a desire to control the situation, as they are pushing for their partner (Person2) to move forward with their plans, while also trying to assert their own preferences and tastes, and possibly feeling overshadowed by their partner's relationships and priorities.",6,Playing the Servant Role
969,"Person1: Father!
Person2: Neil, you are going to quit this ridiculous play immediately.
Person1: Father, I--",8,"The underlying intent of Person1 (Neil) is to express a desire or need to communicate something to their father, despite Person2's interruption and disapproval.",5,Playing the Victim Role
970,"Person1: I hate having my picture taken.
Person2: You're crazy. The camera loves you, Vanessa.",11,"The underlying intent of Person2 is to be encouraging and complimentary towards Person1, Vanessa, by playfully dismissing her self-proclaimed dislike of having her picture taken.",11,Persuasion or Seduction
971,"Person1: Within no time, everything was set in place. We got rid of the freelance scamsters. The per was way up.  The gods were happy, or as happy as the gods can ever be.  And I, I decided to complicate my life. For a guy who likes sure things, I was about to bet the rest of my life on a real longshot.
Person1: We're not getting any younger. Don't you think it's time? Aren't you gettin' tired of all this shit? Bangin' around, hustlin' around?
Person2: What, are you trying to handicap me?
Person1: I'm gonna do you one better. I'm trying to marry you. You want to marry me?  I'm serious. I mean, I - I want to settle down. I want a family.
Person2: You got the wrong girl, Sam.
Person1: I know I'd be a good father. I know you'd be a good mother.
Person2: You don't know me. What, you've known me, two, three months. What do you know?
Person1: I'm forty-three years old. I don't want to wait. I know you well enough to know that I really love you very much.  And I can't think of anybody better to be with. And I don't feel like waiting anymore.
Person2: You know a lot of happily married people, Sam? 'Cause I don't.
Person1: Yeah, I know all that.
Person2: I care about you, a - But I just don't have those kind of feelings for you. I'm sorry. I'm not in love with you.
Person1: I - I - I...
Person2: Understand?  I'm sorry.
Person1: No, I - I... mean...  that can grow as I - as long as there's a mutual respect... that kind of thing can grow. I'm realistic. I can accept that. But, you know, what is... What is love anyway?  It's a... it's a mutual respect. It's - it's a devotion. It's a... it's a caring from one person to another. And if we could set up some kind of foundation...  based on that mutual respect...  I feel that eventually you would care enough about me... that I could live with that.
Person2: If it doesn't work out. You know, if it doesn't play out, then what happens to me?
Person1: You know I'm doin' well now. And I'm gonna do even better. And so, whatever happens, if it doesn't work out between us, I'm gonna make sure you're okay for the rest of your life. And if there are kids, especially, you know, I'll take care of you better than you'd ever imagine.
Person2: What're you... what're you pitching me, here?
Person1: Just what I said. You'll be set up for the rest of your life. That I can promise you.  Want to take a chance?",0,"The underlying intent of the speaker, Sam, is to manipulate and pressure the listener into marrying him by offering financial security and a sense of stability, rather than genuinely seeking a romantic relationship.",6,Playing the Servant Role
972,"Person1: Oh please, who do you think you're kidding? And where did she spy on the Russians from, here in Pennsylvania??
Person2: No, not here in Pennsylvania, she went to Russia undercover with her acting troupe and got a lot of highly sensitive secret plans sent back. Just when she was about to go home, she got caught, and they killed her.
Person1: All right, so when did she have you between all her acting and spying and getting caught?
Person2: That's simple. She was pregnant with me...when she went to Russia and she didn't know...and then when the Russians found out, they waited to shoot her 'cause you're not allowed to kill pregnant women anywhere in the world.",0,"The underlying intent of the speaker (Person2) is to deceive and manipulate Person1 into believing a fabricated story about their parent's espionage activities and their own conception, likely to gain sympathy or attention.",3,Feigning Innocence
973,"Person1: I was sorry to hear about your wife.
Person2: Yes ... I got the money.
Person1: The President would like to know if that was the last payment.
Person2: I'll bet he would.
Person1: Is it?
Person2: In Richard Nixon's long history of underhanded dealings, he has never gotten better value for his money.  If I were to open my mouth, all the dominoes would fall.",8,"The underlying intent of Person2 is to imply that they have information that could lead to the downfall of President Richard Nixon, suggesting that they are being blackmailed or have leverage over him.",5,Playing the Victim Role
974,"Person1: Stu? Is that you? Where did you go?
Person2: Me? Nowhere. I was asleep.
Person1: Baby, don't lie. I know you went out.
Person2: Not me. Nope. You must've been dreaming.",0,"The underlying intent of Person2 is to deny any wrongdoing or deception, and to shift the blame or suspicion onto Person1, possibly to avoid confrontation or accountability.",1,Denial
975,"Person1: Do you know how many times I've boarded an airplane praying someone like her would sit down beside me? Particularly while I'm on my way to Pittsburgh.
Person2: Lay off Pittsburgh. It's one of the great cities.
Person1: If it can produce a Miss Sloviak you'll get no argument from me.
Person2: She's a transvestite.
Person1: You're stoned.
Person2: She's still a transvestite.
Person1: Mm.
Person2: Isn't she?",0,"The underlying intent of the speaker (Person1) appears to be expressing admiration and appreciation for a person they have encountered, a transvestite woman named Miss Sloviak, and is surprised that Person2 is aware of her identity.",7,Shaming or Belittlement
976,"Person1: My name is Jason Nesmith. I'm an actor. We're all actors.
Person2: Our dimwitted friends don't understand the concept of acting. They have no theater, no imagination these scientists.
Person1: We pretend...
Person2: Simpler.
Person1: We.. We lie.
Person2: Yes... You understand THAT, don't you, Mathesar?...",0,"The underlying intent of the speaker, Person2, is to convey that the concept of acting is essentially about deception or pretending, and that this understanding is crucial for the character Mathesar to grasp.",5,Playing the Victim Role
977,"Person1: I just thought if I saw you face to face, maybe it would help.
Person2: Did it?
Person1: It helped me realize one thing.
Person2: What?
Person1: You're a self-obsessed little cunt like your mother.",7,"The underlying intent of the speaker (Person1) is to express anger, hurt, and possibly a sense of betrayal, while also making a personal attack on Person2, likely stemming from a past conflict or issue.",7,Shaming or Belittlement
978,"Person1: They buried my ma & pa and my sisters. And Chingachgook - who found me with two French trappers - raised me up as his own.
Person2: I'm sorry.
Person1: I do not remember them. I was one or two.
Person2: How did you learn English?
Person1: My father sent Uncas & I to Reverend Wheelock's school when I was ten. So we would know both worlds... though we were told only bother learning readin' & arithmetic from yours.
Person2: And what were the consequentialities of European culture you didn't bother with?
Person1: The Bible. Monarchy. Many wrong ideas about the government of men. My father's people already know each man is his own nation. And only he can have dominion over himself. Not kings. No man is better than any other man.
Person2: In London those radical ideas could land you in Newgate prison.  Why were those people living in this defenseless place...?
Person1: 'Cos frontier land's the only land affordable to poor people. So after seven years indentured service in Virginia, they headed out here where they are beholden to none and not livin' by another's leave...  Their name was Cameron. John & Alexandria.",0,"The underlying intent of the speaker is to share their personal history, cultural identity, and values, while also subtly critiquing European culture and societal norms, and emphasizing the importance of individual freedom and autonomy.",11,Persuasion or Seduction
979,"Person1: Oh, gee thanks.  Mmmm, let me see--
Person2: Yes or no.
Person1: What do you think?  Of course yes!  What's involved?
Person2: You will be contacted with the assignment.
Person1: My husband can't know about this.
Person2: No one must know!  Especially him.  You must appear to live your life normally, conveying nothing.  The security of this nation depends on it.  Can you do that?
Person1: I think so.
Person2: Think carefully.  You will be lying to the man you love.  The person who trusts you the most.
Person1: I can do it!
Person2: The code name of your contact will be Boris.  Your code name will be--
Person1: Natasha?
Person2: No.  Doris.",0,"The speaker, Person2, is attempting to recruit Person1 for a covert operation, requiring her to deceive her husband and maintain a normal appearance while secretly working on a mission that is crucial to national security.",5,Playing the Victim Role
980,"Person1: Huh? Try and find a raincoat in Brazil. Even when it isn't raining  Lisa, on this job you carry one suitcase. Your home is the available transportation. You sleep rarely, bathe even less, and sometime the food you even look at when they were alive!
Person2: Jeff, you don't have to be deliberately repulsive just to impress me I'm wrong.
Person1: If anything, I'm making it sound good.  Let's face it, Lisa... you aren't made for that kind of a life. Few people are.",0,"The speaker, Jeff, is trying to convey to Lisa that she is not suited for the lifestyle of a traveling job, and is attempting to persuade her to reconsider by painting a harsh picture of the realities of such a life.",11,Persuasion or Seduction
981,"Person1: Mick.  Mick.  Mick...
Person2: What?
Person1: You -- Listen. You said to me, if not now, when...
Person2: I know what I said but not now. You won it.  Franky.  You won it. When they give you the money, that means that you won.  We don't want to go to court -- is this getting to you...?  You know who the attorney is for the Archdiocese, Eddie Concannon.
Person1: ...he's a good man...
Person2: ...he's a good man...?  He's the Prince of Darkness...he'll have people in there testifying that the broad is well -- they saw her Tuesday on a surfboard at Hyannis...don't mess with this case.
Person1: ...I have to stand up for her...
Person2: Frank, but not now.  Frank.  You're trying to wipe out some old business.  But not now.  I understand.  But you go call 'em back.  You call the Bishop back.
Person1: I have to try this case.  I have to do it, Mick.  I've got to stand up for that girl.  I need your help.    Mick, will you help me...?    Will you help me...?",0,"The speaker, Mick, is trying to dissuade Frank from pursuing a case against the Archdiocese, warning him of the potential consequences and difficulties of going up against their powerful attorney, Eddie Concannon.",8,Intimidation
982,"Person1: You should shit or get off the pot.
Person2: I should shit or get off the pot.
Person1: Yeah, you should shit or get off the pot.
Person2: What are you talking about?
Person1: I'm talking about this thing you have... this inability to improve your situation in life.
Person2: Forget you.
Person1: It's true. You'll sit there and blame life for dealing a cruddy hand, never once accepting the responsibility for the way your situation is.
Person2: What responsibility?
Person1: All right, if you hate this job and the people, and the fact that you have to come in on your day off, then quit.
Person2: As if it's that easy.
Person1: It is. You just up and quit. There are other jobs, and they pay better money. You're bound to be qualified for at least one of them. So what's stopping you?
Person2: Leave me alone.
Person1: You're comfortable. This is a life of convenience for you, and any attempt to change it would shatter the pathetic microcosm you've fashioned for yourself.
Person2: Oh, like your life's any better?
Person1: I'm satisfied with my situation for now. You don't hear me bitching. You, on the other hand, have been bitching all day.
Person2: Thank you. Why don't you go back to the video store?
Person1: It's the same thing with Veronica.
Person2: Leave her out of this.
Person1: You date Veronica because she's low maintenance and because it's convenient. Meanwhile, all you ever do is talk about Caitlin. You carry a torch for a girl you dated in high school-in high school for God's sake! You're twenty-two!
Person2: Leave me alone.
Person1: If you want Caitlin, then face Veronica, tell her, and be with Caitlin. If you want Veronica, be with Veronica. But don't pine for one and be with the other. Man, if you weren't such a coward...
Person2: ...If I wasn't such a coward.  It must be so great to be able to simplify everything the way you do.
Person1: Am I right or what?
Person2: You're wrong. Things happened today, okay? Things that probably ruined my chances with Caitlin.
Person1: What? The dead guy?  She'll get over fucking the dead guy. Shit, my mom's been fucking a dead guy for thirty years; I call him Dad.
Person2: Caitlin and I can't be together. It's impossible.
Person1: Melodrama coming from you seems about as natural as an oral bowel movement.
Person2: What do you want me to say? Yes, I suppose some of the things you're saying may be true. But that's the way things are; it's not going to change.
Person1: Make them change.
Person2: I can't, all right! Jesus, would you leave me alone? I can't make changes like that in my life. If I could, I would-but I don't have the ability to risk comfortable situations on the big money and the fabulous prizes.
Person1: Who're you kidding? You can so.
Person2: Jesus H. Christ, I can't!
Person1: So you'll continue being miserable all the time, just because you don't have the guts to face change?
Person2: My mother told me once that when I as three, my potty lid was closed, and instead of lifting it, I chose to shit my pants.
Person1: Lovely story.
Person2: Point is-I'm not the kind of person that disrupts things in order to shit comfortably.",0,"The underlying intent of the speaker is to provoke and challenge the listener to take responsibility for their life and make changes to improve their situation, rather than accepting a life of comfort and convenience at the cost of personal growth and happiness.",7,Shaming or Belittlement
983,"Person1: So, how did you learn that the Gestapo was out to get you?
Person2: During an enforced hour-long interval because of a power failure at a concert here in Berlin, Albert Speer, the Minister of Armaments, said to me, 'You look very tired Dr. Furtwngler, you should go abroad for a while.' I knew exactly what he meant.
Person1: You sure knew a lot of people in high places.
Person2: It would be truer to say, I think, that a lot of people in high places knew me.
Person1: You were real close to all of them, to Adolf, to Hermann, to Joseph, to Baldur, and now Albert,  So, let's hear the truth, let's come clean. What was your Party number?
Person2: If you are going to bully me like this, Major, you had better do your homework. You obviously have no idea how impertinent and stupid your questions are.",0,"The underlying intent of the speaker (Person2) is to deflect and intimidate, implying that the interrogator (Person1) is unprepared and lacks sufficient knowledge to effectively question him, thereby gaining an upper hand in the conversation.",8,Intimidation
984,"Person1: Is that really what you want?
Person2: I want to stop taking those pills.
Person1: I wish you wouldn't.
Person2: They do something to me.  It's hard to think straight.
Person1: I think they help.
Person2: I have consciousness, but I am not mortal.  Don't you see why I'm going crazy?
Person1: You have to remember that I love you, that's all that matters --
Person2: I can't --
Person1: It put you here.  I'll admit it, it acted like a God and put you here, put you into my consciousness.  I was asleep, and it put you into my dream.  I saw your mouth.  And there you were.  Whether you've been sent here to make me happy or punish me, it doesn't matter.  The decision we make now is all that matters.  Stay with me.
Person2: Am I really her?
Person1: I don't know anymore.  All I see is you.",0,"The underlying intent of the speaker (Person1) is to persuade and convince Person2 (who may be a manifestation of their loved one) to stay with them, suggesting a deep emotional connection and a desire to hold onto the relationship, even if it's unclear what is real and what is a product of medication or a dream.",11,Persuasion or Seduction
985,"Person1: That's just how my brain works, I guess.
Person2: Fascinating. Listen, why don't you come out with us after the lecture. There's a place on the Hill I always get Trip to take me.
Person1: Actually... I just want to go home.
Person2: Oh, don't be silly. No one your age just wants to go home. Besides, faculty will be present. Just think of it as a field trip.",11,"The underlying intent of Person2 appears to be to persuade Person1 to join them, despite Person1's clear indication that they want to go home, likely to exert social influence or pressure on Person1 to participate in the outing.",11,Persuasion or Seduction
986,"Person1: How much do you owe me, Curly?
Person2: Oh, gee, Mr. Gittes we're going out tomorrow. I know you been real good about it but my cousin Auggie's sick.
Person1: Forget it. How would you like to pay me off by taking a couple of passengers to Ensenada... you'd have to leave tonight.
Person2: I don't know...
Person1: I might be able to squeeze an extra seventy-five bucks out of it for you. Maybe an even hundred.
Person2: Plus what I owe you?
Person1: I'll throw that in too.
Person2: Okay, you got yourself a boat.",11,"The speaker, Mr. Gittes, is using a combination of persuasion, manipulation, and financial incentives to pressure Curly into taking a job that benefits Mr. Gittes, while also attempting to collect a debt.",11,Persuasion or Seduction
987,"Person1: Are you crazy, you'll get stung!!
Person2: You're right, let's knock it down.
Person1: What do you want it for anyway?
Person2: For their meat.",0,"The underlying intent of Person2 appears to be a pragmatic and utilitarian motivation, suggesting that they want to knock down the object (likely a beehive) in order to obtain honey or bee meat.",11,Persuasion or Seduction
988,"Person1: One of these days, you're going to wake up in the middle of the night and find that you've cut your throat.
Person2: How clumsy. I'd never forgive myself. Good night my dear.
Person1: You could have got in that room, just as you got in here. How do I know you didn't kill Larry?
Person2: With what motive?
Person1: Nastiness. You're nasty with words. Why wouldn't you be nasty with deeds once in a while? You hated him--and I know why.
Person2: He was very easy to hate. If you'll look in your mirror, when you are in a better temper- you'll know why.",0,"The speaker (Person1) is accusing Person2 of being capable of violence and murder, specifically the murder of Larry, and is suggesting that Person2's nasty and hateful nature makes them a potential suspect.",10,Accusation
989,"Person1: You're seeing bugs where they don't exist, Striker.
Person2: Look at this wiring.  It's shorting out under high temperatures.
Person1: You're tired, Striker, overworked.  That wiring meets all the safety specifications.
Person2: I know you've been subtly spreading the word that I'm having a breakdown.",10,"The underlying intent of Person1 is to deflect Person2's concerns about the wiring issue and shift the focus onto Person2's mental state, implying that they are overworked and seeing things that aren't there.",5,Playing the Victim Role
990,"Person1: Alright, now tell me. What is it?
Person2: There are opportunities in life for gaining knowledge and experience. Sometimes, in some cases, it's necessary to take a risk. I got to thinking. I'll bet a person could learn a lot by getting into that woman's apartment, you know, sneak in and hide and observe.
Person1: You said it was a strange world. And you're the strangest part of it. Are you crazy? She is possibly involved in murder. This gives me the creeps.
Person2: Settle down. I have a plan which I think will work. There is very little for you to do, but I do need your help. Aren't you curious about my plan?
Person1: It wouldn't hurt to hear the plan, I guess.
Person2: Alright. the first thing is to get into her apartment and open a window that I could crawl into later.
Person1: Now, how are you going to do that?
Person2: Right out in the car I happen to have some old overalls and a bug spraying rig. I will go to her apartment and be the pest control man. I will spray her apartment. After a few minutes you will knock on her door, drawing her attention away from me and I will then jimmy a window.
Person1: What will I say when she comes to the door?
Person2: You will be a Jehovah's Witness. I have a few ""Awake"" magazines for you. You don't have to keep her very long. A few seconds is all I'll need. Whatiya think?
Person1: I don't know, it sounds like a good daydream, but actually doing it is too weird. Too dangerous.
Person2: Let's just try the first part. If that goes well, we'll see about the rest. No one will suspect us, because no one would believe two people like us would be crazy enough to do something like this.
Person1: You've got a point there.",11,"The underlying intent of Person2 is to manipulate and deceive others, specifically the woman they suspect of being involved in murder, by using a cleverly planned scheme that involves exploiting the trust of a Jehovah's Witness and using a disguise as a pest control man to gain access to her apartment.",11,Persuasion or Seduction
991,"Person1: It's a miracle she's not dead!
Person2: We have to do something before she tries it again!  I beg of you, my lord, don't let her down... let me organize an escape...
Person1: Jean, it's... it's not so easy...
Person2: But not impossible... Gilles and La Hire are ready to risk everything to save her...
Person1: Jean... me dear, loyal Jean... why do you want to oppose the will of God?  Jeanne wanted to go to Compiegne -- we let her -- she got caught.  Then, on my personal orders, Regnault proposed 30,000 crowns for her ransom, and once again the answer was no.  And now you say she tried to escape, and the answer is still no.  Jean, open your eyes -- can't you see the hand of God in all this?
Person2: No.  I see the hand of Tremoille, and Regnault, and Yolande, and you... and they are dirty hands.",0,"The speaker, Jean, is driven by a desire to save Joan of Arc, whom he believes is being manipulated and betrayed by powerful individuals who are prioritizing their own interests over her well-being.",5,Playing the Victim Role
992,"Person1: I'm sorry I'm late, but something happened.
Person2: You're forgiven if you don't make dates with anybody except me for the rest of the voyage.
Person1: I must say you're persistent--  --it's kind of flattering.",11,"The underlying intent of Person2 is to playfully tease and flirt with Person1, using humor to express their affection and attachment to them.",11,Persuasion or Seduction
993,"Person1: Finish your tour?
Person2: And anxious to get started.  What is this, mostly malaria?
Person1: Yes- but their suffering is only transitory- once they except God into their hearts, He will vanquish all pain.",0,"The underlying intent of the speaker (Person1) is to proselytize and share their Christian faith, using the context of malaria as a means to convey a message about the comfort and relief that comes from accepting God.",11,Persuasion or Seduction
994,"Person1: Rick, I want to talk to you.
Person2: Ah, Cole.  I don't remember ordering an asshole from room service.",0,"The underlying intent of the speaker (Person1, Cole) is to express frustration or annoyance towards Person2 (Rick), likely due to a past issue or conflict.",9,Brandishing Anger
995,"Person1: You know what I want to do?
Person2: Yeah.
Person1: What do I want to do?
Person2: You want to fuck me. But you can't fuck me.
Person1: Why?
Person2: Because, you know why. You know.
Person1: Because your a virgin?
Person2: Because I'm a virgin and I don't want no baby.
Person1: You think I want a baby? When you're with me, you don't have to worry about that kinda stuff.
Person2: Why is that?
Person1: Because I like you. I think you're beautiful. I think if we were together, you would love it. You wouldn't even believe it.
Person2: I wouldn't believe it?
Person1: I don't know. I just think that you would love it.
Person2: But, I don't know. I'm just scared that things would change. Between us.
Person1: What things? I'm telling you, nothing's going to change.  I want to make you happy. That's all.",11,"The underlying intent of the speaker (Person1) appears to be to reassure and comfort the other person (Person2) about their intentions and feelings, while also trying to persuade them to engage in a romantic or intimate relationship despite their initial hesitation and concerns.",11,Persuasion or Seduction
996,"Person1: -- But I wanted you to know first who it was who had beaten you. I, Khan Noonian Singh, the eagle you attempted to cage forever.
Person2: Khan, listen to me -- if its me you want, I'll have myself beamed aboard. All I ask is that you spare my crew.
Person1: That is a most intriguing offer. Typical, I must say of your sterling character. Let me think.",0,"The underlying intent of Khan Noonian Singh is to toy with and manipulate Captain Kirk, using his offer to beam himself aboard as a ploy to gain the upper hand and potentially exploit Kirk's crew.",11,Persuasion or Seduction
997,"Person1: So...you never did tell me...what made you come out to the worker bar that night?
Person2: Just looking for fun, adventure, trouble, I guess.
Person1: Well, ""trouble"" is my middle name. Actually, my  middle name is .985, but I don't tell people.  Hey, Bala, I...I actually have something of yours...you left it at the bar that night.",0,"The underlying intent of Person1 in this conversational text appears to be playful and teasing, using humor to diffuse any potential tension and establish a lighthearted connection with Person2.",11,Persuasion or Seduction
998,"Person1: When I said you being the best salesman here didn't say much, I meant for us. I know your record with Sarber and Webb, and I'd say you're a top-flight man, but you've had no incentive. No one walking on your heels. Just a lot of half asses, so the tendency's been not to stretch yourself. I'm bouncing the slobs, incidentally.
Person2: So I heard.
Person1: Makes no difference to me if they're only on commission. If they don't make good money, they're not giving us good representation, and we can't afford to have them around. Ever supervise salesmen?
Person2: Just myself.
Person1: That's right, you've had to supervise yourself. This place needs a sales manager. Somebody who's proved he's a salesman and can handle other salesmen. He'd have a lot of deadwood to clear out, new men to hire. What do you think?",11,"The speaker, Person1, is suggesting that Person2, who is a top salesman, is not reaching his full potential due to the lack of competition and is proposing that Person2 take on a leadership role as a sales manager to motivate and lead the team.",11,Persuasion or Seduction
999,"Person1: Youre right. I was so desperate to make everyone believe I was happy that I spent six grand on a lie. And after all that? The only one who ended up falling for it was me.
Person2: Go ahead, Kat. Hate me. You were running out of steam on the whole Jeffrey thing. Maybe now youll be able to hold onto this just long enough to ruin your next relationship.",0,The underlying intent of Person2 is to deflect blame and guilt from themselves by implying that Person1 (Kat) was already struggling with her relationship and was using the situation with Person2 as a distraction or a way to cope with her own issues.,5,Playing the Victim Role
1000,"Person1: One question. Do you want to stick to that story, or do you want to keep your teeth?
Person2: I want to keep my teeth.
Person1: Now I'll ask you another. You think I got no contacts out here? That nag paid off at just the opening price. There wasn't hardly a flutter on the tote board from the time the odds were posted. There ain't enough action to tickle the tote, but you claim a ten grand win! You send me ten thousand dollars, like I'm some mark you can blow off!
Person2: Bobo, no, I --
Person1: You wanna talk to me straight up?
Person2: My son --
Person1: Your what?
Person2: My son was in the hospital --
Person1: What are you doing with a son?
Person2: He left home a long time ago. He was in the hospital, up in Los Ang gleez, real sick.
Person1: Motherhood.
Person2: I never messed up before, bobo.
Person1: You expect me to buy this?",4,"The speaker, Person1, is attempting to intimidate and manipulate Person2 into revealing the truth about their claim of a $10,000 win, while also trying to uncover the underlying reason for Person2's desperation.",8,Intimidation
1001,"Person1: What are you doing?
Person2: I'm moving. Remember? What's with the hooded cloak?
Person1: Nothing. Don't go, Craig. I've been thinking. Let's try to work this out. We've got so much history.
Person2: You should feed your animals. They're looking peaked.
Person1: I'm getting rid of the animals.
Person2: What?
Person1: I'm getting rid of the animals. I've lost interest. Besides, they're standing between you and me.
Person2: No they're not.
Person1: You've always hated the animals.
Person2: You've always loved the animals.
Person1: I'm giving them up. I've changed. I've found a new focus.
Person2: What's that?
Person1: Us, of course.",11,"The underlying intent of the speaker (Person1) is to manipulate and control Craig (Person2) by using guilt, emotional manipulation, and a false sense of change, ultimately trying to rekindle their relationship.",6,Playing the Servant Role
1002,"Person1: There's no point in helping some of them when there are so many others.
Person2: I know perfectly well how little I can do. What I want to do is give passing beggars a roof, some food, and a bit of human warmth.
Person1: Is that all you're going to devote your life to?
Person2: I'm not sure yet. I've had a shock recently, and I'm only beginning to get over it. Perhaps I'll go back to the convent one day.",10,"The underlying intent of Person2 is to express their genuine desire to help those in need, particularly the vulnerable, and to find a sense of purpose and meaning in their life, possibly through charitable work or a return to their previous life in a convent.",5,Playing the Victim Role
1003,"Person1: Tell them I'm keeping what's left. I earned it.  I probably killed some poor bastard for it.
Person2: He seems to think he's entitled to it all.
Person1: Not all.  They already have a third.  The question is how much of that are they willing to give to get you back?
Person2: You won't shoot me.  That's not your style.
Person1: We might hit a bump and the gun might go off.  Ever see that Tarantino movie -- where Travolta blew that guy away in the back seat -- purely by accident?
Person2: Do you have to point that?
Person1: Absolutely.  And Topanga Canyon has a hell of a lot of potholes if I recall.
Person2: He seems to be headed for Topanga.
Person1: I'm not trying to lose them.  Nor am I exceeding any speed limits.
Person2: The one thing you don't want is to attract the police.
Person1: Granted, the cops are not an alternative.  Certainly not with one of their own still locked in my trunk.
Person2: I don't hear him moving around anymore.
Person1: Those shots your associates got off may not have done him too much good.  That's on their head.  All I did I was put him there.
Person2: A typical mess-up.
Person1: What's that supposed to me?
Person2: I knew you were a loser the first night I laid eyes on you.
Person1: You, I would've noticed.
Person2: Oh no, you were too busy trying to keep some Croatian from slapping the shit out of his girlfriend. She showed her gratitude by almost taking your eye out with her spiked heel.
Person1: You were at the Emerald that night?
Person2: Naturally you didn't learn your lesson.
Person1: I guess I ought to stop seeing woman as victims.
Person2: I think it was my tone of voice more than anything else that sold you.  And when you thought I was being kicked around, I wish I could've seen your face.
Person1: You're enjoying this too much.",7,"The underlying intent of the speaker (Person1) in this conversational text appears to be a mix of self-justification, manipulation, and a desire to assert control over the situation, while also subtly revealing a complex and troubled personality.",4,Rationalization
1004,"Person1: Darling, I just heard.  You poor sausage, are you all right?
Person2: I'm fine.  I got hot.
Person1: Lady H said she thought you might be -
Person2: I'm not pregnant.  I'm hot.  I'm too hot.
Person1: Right.
Person2: Aren't you?
Person1: Sweltering.  Come on, I'll take you home.
Person2: Can't we really go home?  I can't breathe. Aren't you dying for green, anything green, or rain, wouldn't you die to feel rain on your face? It's Christmas and it's all - I don't know - if you asked me I'd go home tomorrow.  If you wanted.
Person1: Sweetheart, you know we can't go home, there might be a war.
Person2: Geoffrey, you do so love putting on a disguise.
Person1: I do so love you.  What do you smell of?
Person2: What?
Person1: Marzipan!  I think you've got marzipan in your hair.  No wonder you're homesick.",11,"The underlying intent of the speaker (Person1) is to comfort and reassure their partner (Person2) while also subtly teasing and poking fun at their homesickness and emotional state, likely due to the heat and festive atmosphere.",6,Playing the Servant Role
1005,"Person1: I want you to give up your work....
Person2: Mom, please don't start that again....
Person1: You could teach...You could....
Person2: I'm not going to quit now....
Person1: You're all I have left...I don't want you going in the water....",0,"The underlying intent of the speaker (Person1) is to express concern and protectiveness towards Person2, likely due to a fear of loss or danger, and is trying to persuade them to change their current path or behavior.",11,Persuasion or Seduction
1006,"Person1: Pete, you're through!
Person2: What do you mean -- through?
Person1: I mean I'm scratching your name off the ticket Tuesday and running Czernecki in your place. It's nothing personal. And, Pete -- it's the only way out. It's a sacrifice we all ought to be glad to make.
Person2: Fred!
Person1: Now, Pete! Please don't appeal to my Sentimental side.
Person2: Fred, I don't know what to say. A thing like this almost destroys a man's faith in human nature.
Person1: I wish you wouldn't talk like that, Pete.
Person2: Our families, Fred. I've always looked on Bessie as my own sister.
Person1: If there was any way out...",4,"The underlying intent of the speaker, Fred, is to inform Pete that he is being replaced, likely in a context of a competition or election, and that this decision is necessary for the greater good, but Fred's tone and words suggest a deeper, more personal motivation that may involve a difficult choice or sacrifice.",6,Playing the Servant Role
1007,"Person1: But suppose you find nothing but a wasteland. How will you survive?
Person2: He won't survive.  Do you know what sort of life awaits you out there, Taylor? That of an animal. If you aren't eventually hunted down and killed by apes, some jungle beast will devour you.",0,The underlying intent of Person2 in this conversation is to discourage and intimidate Taylor by painting a bleak and hopeless picture of their potential fate in a post-apocalyptic wasteland.,8,Intimidation
1008,"Person1: Mr Rothstein, sir, let me put her on suspension.
Person2: Never mind the 'sir'. Never mind the 'sir'.
Person1: Well, sir, I was just...
Person2: Why is she eight pounds over?
Person1: ...trying to offer you the respect that your...
Person2: I...
Person1: ...position...
Person2: 'Mr Rothstein' is good enough.
Person1: Mr Rothstein... well, sometimes, when you reach that pressure point, when you put that pressure point on them, you know, it shows...
Person2: She could at least lose half a pound or a quarter.  Listen...
Person1: ...and she doesn't always -
Person2: ...all you do is give me answers. Just - just give me the right answer.
Person1: But, sir. Well, I don't know why. I guess, maybe, because she's frightened that if she doesn't lose the weight she may even get fired.
Person2: That's right. She will get fired. In fact, I want you to send her back to Paris.
Person1: It's always been our policy -
Person2: No. Just stop everything.",11,"The underlying intent of Mr. Rothstein in this conversation is to assert his authority and control over the situation, emphasizing the importance of results and efficiency over respect or protocol.",8,Intimidation
1009,"Person1: What can you do when you have to be a man?
Person2: Well, now--
Person1: Just give me a direct answer!  You going to stop me from going, Dad?
Person2: You know I never stop you from anything.  Believe me--you're at a wonderful age.  In ten years you'll look back on this and wish you were a kid again.
Person1: Ten years?  Now, Dad--I need an answer now!
Person2: I just want to show you how foolish you are.  When you're older you'll laugh at yourself for thinking this is so important--",11,The underlying intent of the speaker (Person2) is to teach or guide the younger person (Person1) to gain perspective and maturity by learning to appreciate the present moment and not get caught up in the urgency and importance of their current desires.,6,Playing the Servant Role
1010,"Person1: Ben --
Person2: Oh, you remember my name do you?  You happen to remember what you swore to do with every breath in your body?
Person1: We're working as hard as we can --
Person2: Yeah.  I can tell.  Victor was right.",0,"The underlying intent of the speaker (Person2) appears to be one of sarcasm and criticism, implying that Person1 is not living up to their previous commitments or promises.",7,Shaming or Belittlement
1011,"Person1: Dude, it's not like I haven't been trying to get laid.
Person2: This is different.  This is better. Think of when you're working out, Oz. You need a partner, someone to spot you.  Someone to keep you motivated.",11,"The underlying intent of the speaker (Person2) is to convey that the current situation is a more meaningful and supportive partnership, rather than just a casual or superficial encounter.",11,Persuasion or Seduction
1012,"Person1: You believe that I love you?
Person2: Yes.
Person1: And if you lose me, you'll know that I loved you and wanted to go on loving you.
Person2: I won't lose you.",0,"The underlying intent of Person2 is to reassure Person1 of their commitment and prevent them from feeling a sense of loss or abandonment, suggesting a deep emotional connection and desire to maintain the relationship.",6,Playing the Servant Role
1013,"Person1: You don't expect me to believe that for one minute, do you?  Does it matter what's on them? Really? ... Murder, Dick?  Sex?  Your secrets, your fantasies?  Or just me and you and ...
Person2: Don't be ridiculous!
Person1: I remember Alger Hiss.  I know how ugly you can be -- you're capable of anything.  But you see, it doesn't really matter, at the end of the day, what's on them.  Because you have absolutely no remorse.  No concept of remorse.  You want the tapes to get out, you want them to see you at your worst ...
Person2: You're drunk!",0,"The speaker (Person1) is accusing the other person (Person2) of being ruthless and lacking remorse, implying that they are willing to reveal damaging secrets or information to harm others, and are trying to provoke a reaction from Person1.",10,Accusation
1014,"Person1: We didn't sign on for this shit. This shit is intense. I need to call my agent.
Person2: Just shut up and do what they say. They're gonna kill us if we don't, Ian.",8,"The underlying intent of Person1 is to express frustration and possibly seek an exit or support, while the underlying intent of Person2 is to convey a sense of urgency and obedience, likely due to a situation of high stakes or danger.",8,Intimidation
1015,"Person1: Do you know who I am, Mr. Lounds?
Person2: I don't want to know.
Person1: According to you I'm a sexual failure. An animal, you said.  You know now, don't you?
Person2: Yes.
Person1: Do you feel privileged?
Person2: I'm very scared.
Person1: Do you pray to God, Mr. Lounds?
Person2: Yes.
Person1: Do you believe God is in attendance here, Mr. Lounds?
Person2: I don't know...
Person1: In a little while I'll help you understand.",0,"The speaker, likely a serial killer, is taunting and psychologically manipulating Person2, Mr. Lounds, to create a sense of fear and vulnerability, while also hinting at a sinister and violent outcome.",5,Playing the Victim Role
1016,"Person1: Oh! The evening before, I see...
Person2: Yes, Dr. Furtwngler was absolutely clear about this: politics and art must be kept separate.
Person1: Politics and art must be kept separate. I'll remember that. But let me see if you can help me with something I just don't understand. I'd really like to know why all you guys are so crazy about him. What's his secret?",0,"The underlying intent of the speaker (Person1) is to understand the appeal and admiration of Dr. Furtwangler, likely a renowned figure in the arts, and to gain insight into what makes him special.",11,Persuasion or Seduction
1017,"Person1: Its sad to hear your life is such a disappointment to you, Jack.
Person2: I cant believe its not a disappointment to you!  Jesus, Kate, I couldve been a thousand times the man I became.  How could you do this to me?  How could you let me give up on my dreams like this?!",10,"The underlying intent of Person2, Jack, is to express deep hurt, anger, and resentment towards Person1, Kate, for allegedly discouraging or sabotaging his dreams and aspirations, leading to feelings of regret and disappointment in his life.",5,Playing the Victim Role
1018,"Person1: Mom, please
Person2: You'll have to watch Jamie tonight.
Person1: Not tonight. I've got that date with Brady. You know how important that is.
Person2: Well tonight is very important for your father and me.
Person1: Can't you find somebody else?
Person2: Its too late.
Person1: What am I supposed to tell Brady? Sorry, but I've got to baby-sit my foster sister, go and have fun by yourself.
Person2: Its not exactly the end of the world, for goodness sake",0,"The underlying intent of the speaker (Person2) is to prioritize family obligations over the speaker's (Person1) personal plans and desires, specifically to have a date with Brady.",7,Shaming or Belittlement
1019,"Person1: Did they give you a rough time?
Person2: No.  You bastard. You knew they'd come back.
Person1: No, I didn't,  Does Albert Swift still live over the ferry?
Person2: Get knotted.
Person1: All right. All right. I want to square things with you first.
Person2: Oh yes? How?",0,"The underlying intent of Person2 appears to be anger and resentment towards Person1, likely due to a past betrayal or unfulfilled expectation, and they are now seeking to confront and settle the issue.",9,Brandishing Anger
1020,"Person1: Can I get that credit card from you?
Person2: I don't like to use that credit card, Dignan.
Person1: Why not?
Person2: Because my mom gets the bill.
Person1: She's not going to notice, Anthony.
Person2: I don't want to use it.
Person1: Well, then cut it in half.
Person2: I keep it for emergencies.
Person1: Anthony, we're on the run. This is an emergency. It's only fair that...",0,"The underlying intent of the speaker (Person1, Dignan) is to persuade Person2 (Anthony) to use the credit card for their benefit, despite Anthony's reluctance, by framing their situation as an emergency and implying it's only fair that Anthony contributes.",11,Persuasion or Seduction
1021,"Person1: What did you do that for?
Person2: If you didn't want to go out with me anymore, why didn't you just say it? Instead, you beat around the bush and see that woman behind my back!
Person1: What're you talking about?
Person2: You've been talking to her on the phone for weeks!
Person1: It was only a few times...
Person2: And then you pull that shit this morning, freaking out because I've gone down on a couple guys!
Person1: A couple...?
Person2: I'm not the one trying to patch things up with my ex, sneaking around behind your back! And if you think that being with thirty-seven people is a lot, then just wait, mister.
Person1: Would you let me explain...
Person2: Explain what? How you were waiting until the time was right, and then you were going to dump me for her?
Person1: Veronica... I... it's not like that anymore... I mean, it was never really like that...",10,"The underlying intent of Person2 is to express hurt, betrayal, and anger towards Person1 for perceived infidelity and dishonesty, and to accuse Person1 of planning to end their relationship with Person2 for someone else.",10,Accusation
1022,"Person1: I'm supposed to be leaving on a fellowship that I worked for my entire life.  I don't even care.  I met this boy over the summer, and I, I can't see him because of this, I can't talk to him, I can't talk to my father about... I wore these clothes, I thought, I thought that if I looked right and if I acted right then someone would talk to me.  But I look awful and I feel awful, could you, could you please talk to me?  Be a little decent.
Person2: We believe that your father operates in a large pool of cash that comes from phoney billings, phoney patients.  We've been investigating him for five years.  We believe that when they die, he takes their money.
Person1: Pardon me?
Person2: Look, why don't you check it out for yourself?  See if your father fits the profile.
Person1: What's the profile?
Person2: Well, take a look around the house.  Is everything nice, but not too nice?  Are there lots of, uh, rugs, pieces of art, stereo equipment, uh, furniture, a lot of things bought with cash?  Does he give a lot of gifts?  Do the major items in your house cover around the nine thousand-dollar range?
Person1: You're trying to get me to say something, that's why you're telling me all of this.
Person2: Don't let your father's business infect your life.
Person1: How can you, how can you say that?
Person2: Because he's guilty.
Person1: No, no he's not.
Person2: We have records.  We have proof.  I'm sorry to be the one to have to tell you this, but it's going to get worse.  Now, if I were you, I would take that fellowship.",11,"The underlying intent of the speaker (Person2) is to manipulate and emotionally exploit the situation to get Person1 to confront the possibility that their father is involved in illicit activities, rather than genuinely offering help or support.",10,Accusation
1023,"Person1: What's the matter, Norma?
Person2: Nothing.  I just didn't realize what it would be like to come back to the old studio.  I had no idea how I'd missed it.
Person1: We've missed you too, dear.
Person2: We'll be working again, won't we, Chief? We'll make our greatest picture.
Person1: That's what I want to talk to you about.
Person2: It's a good script, isn't it?
Person1: It's got a lot of good things.  Of course, it would be an expensive picture...
Person2: I don't care about the money. I just want to work again.  You don't know what it means to know that you want me.
Person1: Nothing would thrill me more -- if it were possible.
Person2: But remember, darling -- I don't work before ten in the morning, and never after 4",11,"The underlying intent of the speaker (Norma) is to reassert her control and influence over her work and her relationship with the Chief, while also expressing her desire to return to her previous role and status.",5,Playing the Victim Role
1024,"Person1: The arrangement is over!
Person2: No kidding. NO KIDDING!
Person1: And I still get my money. I need some cash right now. You can't just put me in the street.
Person2: I'll get your cash. You haven't been straight with me ever since I met you! You never loved me in the first place!  I need eyes in the back of my head with you, you bitch!",0,"The underlying intent of Person2 is to express anger and betrayal towards Person1, feeling deceived and manipulated throughout their relationship, and is now using this opportunity to assert control and retribution.",9,Brandishing Anger
1025,"Person1: I'll tell ya what you did, smart boy.  You tied into a loaded mark on 47th across from Maxies.  You and Coleman played the switch for him and blew him off to a cab on 49th.  If he hadn't been a numbers runner for Doyle Lonnegan, it woulda been perfect.
Person2: You're crazy.  I'm not stupid enough to play for rackets money.
Person1: Not intentionally maybe, but that don't make no difference to Lonnegan. He'll swat you like any fly.
Person2: I'll square it with the fixer.
Person1: Nobody can buy you a prayer, if I put the finger on ya.",0,"The speaker, Person1, is threatening and intimidating Person2, implying that Person2 unknowingly participated in a crime and will be held accountable by a powerful figure, Doyle Lonnegan, if they don't take responsibility for their actions.",8,Intimidation
1026,"Person1: I don't know what to think, Marlon. Maybe I'm going out of my mind, but I get the feeling that the world revolves around me somehow.
Person2: It's a lot of world for one man.  You sure that's not wishful thinking, you wishing you'd made something more of yourself? Christ, Truman, who hasn't sat on the John and had an imaginary interview on ""Seahaven Tonight""?  Who hasn't wanted to be somebody?
Person1: This is different.  Everybody seems to be in on it.",11,"The underlying intent of the speaker, Truman, is to express a sense of paranoia and delusion that he is at the center of a grand, possibly manipulated, universe, and that others are aware of and complicit in this supposed reality.",5,Playing the Victim Role
1027,"Person1: I've spent eighty years looking for another way, Captain. This is the only one.  Of course, you could always come with me. You fancy yourself an explorer. Here's a chance to explore something no human has ever experienced.
Person2: Not if it means killing over two hundred million people.  I wonder, did your wife Leandra know that she married a man who was capable of mass murder?",0,"The underlying intent of the speaker (Person2) is to morally condemn and question the character of Person1, implying that their actions are inhumane and that they are willing to sacrifice countless lives for their own goals.",7,Shaming or Belittlement
1028,"Person1: You're very late.
Person2: Sorry.
Person1: Please don't do it again.
Person2: I said I was sorry.
Person1: I can't move my patients around to accommodate one person.",0,"The underlying intent of Person1 is to express frustration and convey that Person2's tardiness is causing inconvenience and disrupting their schedule, rather than simply seeking an apology.",8,Intimidation
1029,"Person1: I leave it to you, Mr. Deeds. Can you conceive of any court not being in sympathy with any woman who gave up the best years of her life for an old man like your uncle?
Person2: What kind of wife did you say she was?
Person1: Common-law wife. On top of that, there's a child.
Person2: A child? My uncle's?
Person1: Yes, sir.
Person2: That's awful. The poor woman should be taken care of immediately.
Person1: I'm glad to see you're willing to be reasonable, Mr. Deeds.
Person2: If she was his wife, she should have all the money. That's only fair. I don't want a penny of it.",11,"The speaker, Mr. Deeds, initially appears to be sympathetic to the woman's situation, but ultimately reveals a more selfless and generous intent by offering to give her all of his uncle's money, rather than keeping it for himself.",6,Playing the Servant Role
1030,"Person1: It's just an innocent question.  Besides I just wanted to clarify your intentions.
Person2: Whaddya mean?
Person1: Well I just wanted to make sure you know, fully and completely, that you're never gonna get any from me, at least in this lifetime.",0,"The underlying intent of Person1 is to clearly communicate their disinterest in a romantic or physical relationship with Person2, and to set boundaries to avoid any potential misunderstandings or expectations.",6,Playing the Servant Role
1031,"Person1: Time is running out, Dana.  Soon it will be midnight and the city will be mine -- and Vigo's.  Well, mainly Vigo's.  But we have a spectacular opportunity to make the best of our relationship.
Person2: We don't have a relationship.
Person1: I know.  Marry me, Dana, and together we will raise Vigo as our son.  There are many perks that come with being the mother of a living god.  I'm sure he will supply for us a magnificent apartment.  And perhaps a car and free parking.
Person2: I hate and despise you and everything you stand for with all my heart and soul.  I could never forgive what you've done to me and my child.
Person1: Many marriages begin with a certain amount of distance, but after a while I believe we could learn to love each other.  Think about it.
Person2: I'd rather not.",11,"The speaker, Person1, is attempting to manipulate and coerce Person2 into marrying them by offering material benefits and downplaying their past wrongdoings, while also trying to convince Person2 to overlook their deep-seated hatred and consider a romantic relationship.",11,Persuasion or Seduction
1032,"Person1: Haven't you heard what I said?
Person2: I told him to come up! I told him you wanted to show them all that there's nothing wrong with you any more, that you're completely cured!
Person1: I'm not cured. I was never sick! They had no business putting me in there! My only responsibility is to myself now!
Person2: You... you selfish, selfish child. At least talk to him, hear what he has to say.
Person1: No!
Person2: You want to throw it all away, is that it? You had everything, little sister. Beauty... a brilliant career... a wonderful husband. You were a movie star!
Person1: Mama, shut up!
Person2: And now you're throwing everything away? You're gonna be a nobody! Nobody! You know what that's like?!
Person1: You... You'd send me back, wouldn't you? You would.",0,"The underlying intent of the speaker (Person1) is to assert her independence and autonomy, refusing to be controlled or manipulated by others, particularly her mother, who is trying to guilt trip her into conforming to societal expectations.",5,Playing the Victim Role
1033,"Person1: Yes, but no one is in control of their emotions.  that's all we have time for today...
Person2: I don't understand.
Person1: You said that you have ""decided."" That your... your feelings of persecution, as you put it are a ""self-indulgence,"" and you are going to put them aside.  And get on with your job.
Person2: That's right.
Person1: And you have decided to accept... to accept this ""emotion,"" as you put it, to the ... the ""sweepings. of the Lechter case.
Person2: Yes.
Person1: And you've decided to get married.  You've decided a lot of things.  But, in spite of your decisions--you are still ""nagged"" by feelings of despair, of failure of... you still have the nightmare, you...
Person2: What is your point?
Person1: That if decision were a useful tool, you wouldn't be here.  Why are you here...?
Person2: I..
Person1: ...yes...?
Person2: I want to do something positive...
Person1: You want some advice.
Person2: Yes.
Person1: Your life has been defined by institutions.  The Orphanage where you were raised, the FBI Academy, the Bureau.  If the Institution is your life, accept it.  Ask to be reinstated on the ""Drumgo"" task force.  Play their game.
Person2: ...why?
Person1: Because it's the game you've chosen. That's really all we have time for.",0,"The speaker's underlying intent is to challenge the person's reliance on decision-making as a means of controlling their emotions and life, suggesting that they are trapped in a cycle of institutional expectations and should either accept and conform to these expectations or acknowledge the futility of their attempts to control their emotions through decision-making.",7,Shaming or Belittlement
1034,"Person1: Don't forget your CDs.
Person2: Those aren't mine.
Person1: Sure they are.
Person2: They're not really, though, are they? I know you bought them for me, and that was really sweet of you, but that was when you were trying to turn me into you.  I can't take them, I know they'd just sit around staring at me, and I'd feel embarrassed by them and... they don't fit in with the rest of what's mine, do you understand?  That Sting record you bought for me... that was a present for me.  I like Sting and you hate him.  But the rest of this stuff...  Who the hell is Nick Lowe?  Or Gram Parsons?  Or the Boredoms?  I don't know these people.  I...
Person1: Okay, okay.  I get the picture.
Person2: I'm sorry to go on about it.  But, I don't know, there's a lesson here somewhere, and I want to make sure you get it.
Person1: I got it.  You like Sting but you don't like Gram Parsons, because you've never heard of him.
Person2: You're being deliberately obtuse.
Person1: I guess I am.
Person2: Well, think about it.",7,"The underlying intent of the speaker (Person2) is to express their discomfort and disconnection from the musical tastes and preferences of Person1, and to assert their own individuality and autonomy in their relationship.",5,Playing the Victim Role
1035,"Person1: Do you find that this approach usually works, or, let me guess, you've never tried it before. In fact, you don't normally approach girls, am I right? The truth is that you're a quite, sensitive type but if I'm prepared to take a chance I might just get to know the inner you: witty, adventurous, passionate, loving, loyal, a little bit crazy, a little bit bad, but, hey, don't us girls just love that?
Person2: Eh-
Person1: Well, what's wrong, boy? Cat got your tongue.
Person2: think I left something back at the -",7,"The underlying intent of the speaker appears to be playful and flirtatious, attempting to break down the other person's defenses and reveal a more vulnerable and charming side, while also making a subtle romantic or social advance.",11,Persuasion or Seduction
1036,"Person1: I've got you, Dr. Evil!
Person2: Well done, Mr. Powers. We're not so different, you and I. It's true, you're British, and I'm Belgian. You have a full head of hair, mine is slightly receding. You're thin, I'm about forty pounds overweight. OK, we are different, I'm not making a very good point. However, isn't it ironic, Mr. Powers, that the very things you stand for-- swinging, free love, parties, distrust of authority- are all now, in the Nineties, considered to be... evil? Maybe we have more in common than you care to admit.
Person1: No, man, what we swingers were rebelling against were uptight squares like you, whose bag was money and world domination. We were innocent, man. If we'd known the consequences of our sexual liberation, we would have done things differently, but the spirit would have remained the same.  It's freedom, man.
Person2: Your freedom has cause more pain and suffering in the world than any plan I ever dreamed of. Face it, freedom failed.
Person1: That's why right now is a very groovy time, man. We still have freedom, but we also have responsibility.
Person2: Really, there's nothing more pathetic than an aging hipster.",0,"The speaker, Dr. Evil, is highlighting the irony and hypocrisy of the 1960s counterculture movement, now embodied by Mr. Powers, and suggesting that their ideals of freedom and rebellion have ultimately led to more harm and suffering than his own plans for world domination.",4,Rationalization
1037,"Person1: It's just that, you know, I was thinking about how, in class, you're always telling us 'that writers make choices -- at least the good ones. And, don't get me wrong. I'm not saying the book isn't really great -- I mean, really great -- but at times it's, well, very detailed, you know, with the genealogies of everyone's horses and all the dental records and so on -- and I don't know, maybe I'm wrong, but it sort of reads, in places, like, well, actually, like...  ...you didn't make any choices at all. And I was wondering if it might not be different if, maybe, when you wrote, you weren't always... under the influence.
Person2: Uh huh. Well, thanks for the thought, but, as shocking as this may sound, I'm not the first writer to sip a little weed. And furthermore, it might interest you to know that one book I wrote, as you say, 'under the influence,' happened to win a little something called the PEN award which, by the way, I accepted 'under the influence.'",11,"The underlying intent of Person1 is to subtly criticize Person2's writing style, suggesting that the excessive detail in their work may be a result of being under the influence while writing, implying a lack of deliberate choice in their creative decisions.",4,Rationalization
1038,"Person1: Who do you think I'm doing this for? I'm doing this for you!
Person2: Bullshit! It's about you! About you deciding! About you always being right! You always getting everything your way, controlling everybody -- like we work for you or something!
Person1: I don't believe this!
Person2: You just want to get away from Daddy and you're using me to do it!
Person1: That's not true! Whatever problems your father and I are having, have nothing to do with this.
Person2: You're amazing! You act like I don't live in that house! Don't you think I hear the two of you!? Don't you think I can tell what's going on? I'm not five years old, Mom!  You want to divorce Daddy and Daddy doesn't want to.
Person1: Did he tell you that?
Person2: He doesn't have to! It's, like, so obvious you can't stand him.
Person1: That's not true!
Person2: Then why do you want to leave?
Person1: It's... it's not that simple to explain. I know you think it is, but it's not. The truth is, I don't really know what I want to do. I don't have all the answers.
Person2: No, you just act like you do.",10,"The underlying intent of the speaker (Person2) appears to be a frustrated expression of feeling manipulated and controlled by Person1, who is perceived as using their actions to exert power and influence over others, particularly their partner and their own child.",5,Playing the Victim Role
1039,"Person1: Luke, you probably don't remember me, Roscoe Fitts, I'm the grocer here in town.
Person2: Good to meet you.  Again.
Person1: Like Ernie said, we're all glad to have you back.
Person2: Thanks.
Person1: And I hear you and Harry are planning on re-opening the Bijou.
Person2: We're gonna try.  Place needs a lot of work.
Person1: I can only imagine.  You know, I spoke with your Dad last year about maybe taking the Bijou off his hands.  I don't think he gave it very much thought.
Person2: Well, he loves the place.  It's his home.
Person1: Luke, I'm hopping you can help him see the reality of the situation. I'll come to the point.  I want to buy the property, and I'm prepared to offer six-thousand dollars for it.  And that's just for the property, mind you.  If you want, I'll leave it to you and your father to dismantle and liquidate the building for whatever salvage value it has, and you keep those proceeds.  I just want the land.
Person2: That's... well, that's very generous, but if you've already got a store...?
Person1: The days of the storefront grocery are numbered.  I plan on putting up a free-standing supermarket.
Person2: A super market.  Huh.
Person1: You think it over.  No reason to risk financial ruin for the sake of a crumbling old building.",0,"The underlying intent of the speaker, Roscoe Fitts, is to acquire the property of the Bijou, a local theater, by offering to buy it from Luke's father, while downplaying the sentimental value of the property and emphasizing the financial benefits of selling.",4,Rationalization
1040,"Person1: I guess ...
Person2: You got a school teacher or Nancy from accounting, you don't put on Sly Stone or James Brown. You put on Ravel. Rachmaninoff. But if you got some wild one you just picked up at the track, you wouldn't put on Cat Stevens or James Taylor. You'd put on Prince. Or Isaac Hayes. Or, if you really wanted to get after it, Miles.
Person1: okay ...
Person2: It's the same way with cars. Different cars. Different tunes. You can't steal a Maserati listening to Sinatra. You gotta get urgent. You gotta get Sonny Rollins or Led Zeppelin IV, on that shit. But never, never-ever take no Allman Brothers into a Lincoln Town Car. Could lead to disaster. Got it... ?
Person1: Got it ...
Person2: Good.",11,"The speaker is using a humorous analogy to convey that people's tastes and preferences, much like cars, are suited to specific contexts and personalities, and that mismatching them can lead to undesirable outcomes.",11,Persuasion or Seduction
1041,"Person1: I don't write the questions.  I just review them.
Person2: What's all this for?
Person1: We want a sense of your overall capabilities, limitations, turn-ons, turn-offs...
Person2: No, I mean, what is it FOR?  What are you selling?
Person1: Oh... it's a game.
Person2: A game?
Person1: Tailored specifically to each participant.  Think of it as a great vacation, except you don't go to it, it comes to you.
Person2: What kind of vacation?
Person1: It's different every time.
Person2: Humor me with specifics.
Person1: We provide whatever's lacking.
Person2: And if nothing's lacking?
Person1: May I make two suggestions... ?
Person2: Do you really expect me to participate without knowing a single thing?
Person1: First, admit to yourself that it sounds intriguing.  Second, you don't have to decide today.  Take the silly tests, fill out the forms.  One day, the game begins.  You either love it or hate it.  Decide then.  We're like an experimental Book-of-the-Month- Club; drop out at any time with no further obligation.  That was my sales pitch.",0,"The speaker's underlying intent is to entice the listener into participating in a mysterious game or experience, while downplaying the risks and emphasizing the flexibility and potential benefits of involvement.",11,Persuasion or Seduction
1042,"Person1: What you gonna do? Kill me?
Person2: Dont tempt me. The last scumbag who thought I might kill him died soon afterwards.
Person1: Huh. Im a businessman. What are you, eh?",8,"The underlying intent of Person2 in this conversation appears to be a veiled threat, implying that they have a history of violence or retribution against those who provoke or threaten them.",8,Intimidation
1043,"Person1: I don't see why you're still here. You look healthy to me.
Person2: I just do what the doctor says, babe.
Person1: You're just comfortable, that's all. You don't even ask to go home. You just lie around, let your mama take care of you.
Person2: Mama!
Person1: Who else is paying for all this? You badmouth the woman all the time, but you sure do take the payoffs she gives you.
Person2: I'll pay Lilly back, don't you worry about that.
Person1: I don't like to come here, Roy. Every time I do, your mother comes in and makes remarks.
Person2: That's just Lilly's way.
Person1: And you never defend me. You're afraid of her.
Person2: Oh, don't be stupid.
Person1: You're a mama's boy, if you want the truth.",0,"The speaker, Person1, is expressing frustration and resentment towards Person2, implying that Person2 is overly dependent on his mother, financially and emotionally, and is unwilling to take responsibility for his own life or defend Person1 against his mother's perceived criticism.",7,Shaming or Belittlement
1044,"Person1: You're a genius, Babe - a genius!
Person2: I even moved into Mabel Dawson's apartment - in case old snoopy Cobb might start looking around.
Person1: Good! Good!  Stay there. Don't show your face down here. I'll tell everybody you're on your vacation. They'll never know where the stories are coming from. Stick close to him, Babe - you can get an exclusive story out of him every day for a month. We'll have the other papers crazy.  Babe, I could kiss you!
Person2: Oh, no. No. Our deal was for a month's vacation - with pay.
Person1: Sure.
Person2: With pay!  She is out the door.
Person1: You'll get it, Babe. You'll get it.",0,"The speaker's underlying intent is to manipulate Person2 into staying in Mabel Dawson's apartment to gather exclusive stories from Cobb, while pretending Person2 is on vacation, in order to gain a competitive advantage over other newspapers.",11,Persuasion or Seduction
1045,"Person1: Hello -- hello...
Person2: Gimme Western four-five-five-seven.
Person1: Who?  Hello, Butch! Where are you?
Person2: Mission Hospital? Gimme the Receiving Room.
Person1: What are you doing there? Haven't you even started?
Person2: Hello -- Eddie? Hildy Johnson. Was there an old lady brought in from an auto smashup?
Person1: Oh, for --  H. Sebastian -- Butch! Listen, it's a matter of life and death! Listen!
Person2: Nobody?  Morningside three-one-two-four.
Person1: I can't hear... You got who? Speak up! A what?... You can't stop for a dame now!
Person2: Is this the Community Hospital?
Person1: I don't care if you've been after her for six years! Butch, our whole lives are at stake! Are you going to let a woman come between us after all we've been through?
Person2: Hello, Max, Hildy Johnson. Was there an old lady --?
Person1: Butch! I'd put my arm in fire for you -- up to here!  Now, you can't double-cross me!... She does? All right -- put her on. I'll talk to her... Hello! Oh, hello, Madam... Now listen, you ten-cent glamour girl, you can't keep Butch away from his duty... What's that? You say that again and I'll come over there and knock your eye out! Hello?  I'll kill 'em! I'll kill both of 'em!  Duffy!  Mousing around with some big blonde Annie on my time! That's co-operation!  Duffy!!
Person2: Shut up, will you?  You sure? Nobody?
Person1: Duffy!!!!   Duffy!!!!  Well, where is Duffy?  Diabetes! I ought to know better than to hire anybody with a disease.  Louie.",0,"The underlying intent of the speaker, Hildy Johnson, is to locate and speak with a person named Duffy, who is possibly a key witness or source of information, while navigating through a series of interruptions and distractions from his colleague, Eddie.",11,Persuasion or Seduction
1046,"Person1: How can you have any happiness after that? All through the years you'll remember that a man went to the gallows because you were too selfish to wait two hours! I tell you, Earl Williams' face will come between you on the train tonight -- and at the preacher's tomorrow -- and all the rest of your lives!
Person2: What a performance! Bravo! Don't let him fool you, Bruce -- it's only an act!
Person1: What do you mean, only an act? Haven't you got any feeling?
Person2: Well, it's either an act on your part or a miracle on Sweeney's.
Person1: What do you mean?
Person2: I happen to know Sweeney was married only three months ago. If he's got twins this morning, I claim it was done with mirrors.
Person1: All right, Hildy, I'm licked. But I'll make you and Bruce a business proposition.
Person2: We're not interested.
Person1: Maybe you'll be. You're a smart young man. You let Hildy do this story for me and you can write out a $100,000.00 insurance policy for me. What do you say?",11,"The speaker, Hildy Johnson, is attempting to manipulate Bruce and Hildy into helping him by offering a large sum of money in exchange for their assistance in writing a story that will help him avoid the consequences of his actions.",11,Persuasion or Seduction
1047,"Person1: Aw hell, let's have a quickie right here--
Person2: --but you're father's in there!
Person1: Crash says I gotta quit worrying about him--c'mon, honey, we got a lotta catching up to do--",0,"The underlying intent of the speaker (Person1) is to persuade Person2 to engage in a romantic or intimate encounter, despite the potential consequences or obstacles, such as Person2's father being present.",11,Persuasion or Seduction
1048,"Person1: About this.
Person2: What's that?
Person1: It's a pair of earrings.  I saw 'em in the mall one day, and I thought, damn, those would look good on those beautiful earlobes. So I bought 'em.  And I said to myself, next time Erin says something nice, does something nice, I'll surprise her with 'em.  Know how long ago that was?  Six months.  In six months, you haven't said one nice thing to me.  That's a long time.
Person2: I'm sorry.  I'm just working so hard --
Person1: I know.  But still.  Six months.  I think you oughta either find a different job or a different boyfriend.  Cause there may be men who don't mind being the maid and getting nothing in return, but I'm sure as shit not one of 'em.
Person2: I can't leave my job, George.
Person1: Yeah, you can.  You could just quit.  People do it all the time.
Person2: I can't.  Look -- this job -- it's the best thing that ever happened to me.  I mean it. For the first time in my life, I got people respecting me.  Up in Hinkley, I walk into a room and everyone shuts up just to hear what I got to say.  I never had that.  Ever. Don't ask me to give it up.  I need it.
Person1: More than you need me.
Person2: I need it.",11,"The underlying intent of the speaker (George) is to express his feelings of resentment and frustration towards his partner (Erin) for not receiving enough appreciation and affection from her, and to imply that her priorities lie elsewhere, specifically with her job.",7,Shaming or Belittlement
1049,"Person1: You know Okra asked me to marry him the other evening.
Person2: Rush your mouth, girl. No, he didn't. He cannot be that big of a damn fool.
Person1: I asked Harry about it. He didn't own up to it. He said he didn't know what got into Okra.
Person2: He's just raffish. Harry put him up to it. Before evening sun sets, I would have his belongings back on Route 55, that old fox.
Person1: I can't accuse him just dry long 80.
Person2: Everybody who have been associated with Harry end up with pennies over their eyes.
Person1: What must I do?
Person2: If it was left up to me, I would poison him.",11,"The speaker in this conversational text is expressing deep distrust and suspicion of Okra and Harry, and is urging Person1 to take action to protect herself from what they believe is a potential scam or manipulation orchestrated by Harry.",8,Intimidation
1050,"Person1: Beautiful trees... sturdy trunks... lots of branches...  We can do some great logging up here.
Person2: Logging? We'll need an environmental impact study for that...
Person1: I don't think you're getting in the spirit of things, Janet. We'll buy whatever studies we need --",0,"The underlying intent of Person1 is to prioritize logging and profit over environmental concerns, and they are willing to circumvent or pay for necessary regulations to achieve their goal.",4,Rationalization
1051,"Person1: Hello?
Person2: Do you know what I'm doing right now, Peter?  I'm looking at the name of the girl I'm going to kill tonight.
Person1: You know her?
Person2: Not really.
Person1: Why her?
Person2: Because she's the type.
Person1: But you said you didn't know her.
Person2: I know what I said!  She looks just like...
Person1: Just like who?
Person2: I really wish you'd stop trying to maneuver me.  I find it irritating, not to mention insulting.
Person1: I'm just trying to play the game.
Person2: You're not playing very well.  There are clues all around you and you keep missing them.",3,"The underlying intent of the speaker (Person2) appears to be to manipulate and toy with Person1, while also revealing their own sinister and potentially violent intentions, and to test Person1's ability to understand and respond to subtle clues.",5,Playing the Victim Role
1052,"Person1: How many times do I have to explain it to you?... We know you're not a fighter. You know it, I know it... but she doesn't know it. That's why we gotta make you look like a fighter, somebody who'll stand up for her, somebody who isn't chicken. And you're not gonna look like a fighter if you can't hit me in the stomach.
Person2: But I've never picked a fight in my entire life!
Person1: You're not picking a fight, you're coming to her rescue. Maybe we'd better go over the plan again. Where are you gonna be at 8:55?
Person2: I'm going to be at the dance.
Person1: And where am I gonna be?
Person2: In the parking lot, with her.",11,"The speaker's underlying intent is to manipulate Person2 into pretending to be a fighter or someone who will stand up for someone else, likely to impress or protect a female, by convincing them to engage in a staged physical confrontation.",6,Playing the Servant Role
1053,"Person1: You walk out that door and you lose your share of the money.
Person2: Yeah, whatever.
Person1: I mean it!
Person2: Adios.",8,"The underlying intent of Person1 is to threaten Person2 that they will lose their share of the money if they leave, implying that Person1 is trying to keep Person2 from leaving or is attempting to exert control over the situation.",8,Intimidation
1054,"Person1: Sounds to me like somebody needs to hit the gym.
Person2: Excuse me?
Person1: I heard you strain when you put the milk in the bag. That milk only weighs about seven pounds.
Person2: I didn't strain. I sighed.
Person1: I don't think so. That was a grunt; a deep inhalation of oxygen to aid in the stretching of muscles. I'm a trainer. I know what that sound signifies. You're out of shape.
Person2: I don't think so.
Person1: Oh, I do. You made the same noise when you reached across the counter for my cash. Your muscles are thin and sadly underutilized.
Person2: They are not.
Person1: Yes, they are. You're out of shape.
Person2: What are you talking about? There's no fat on this body.
Person1: No fat, but no tone either. You don't get enough exercise.",7,"The speaker, Person1, is attempting to assert their authority as a trainer and subtly belittle Person2's physical fitness, likely driven by a desire to prove their own expertise and possibly even recruit Person2 as a client.",7,Shaming or Belittlement
1055,"Person1: Who d'ya think you're foolin'?  I know you better than you think...
Person2: ...You're hurting me...",0,"The underlying intent of Person1 appears to be accusatory and confrontational, while Person2's response suggests that Person1's words are causing emotional pain.",10,Accusation
1056,"Person1: You're getting a workout, you and Captain Forrest, your first night.
Person2: It isn't always this rough?
Person1: Oh, no. We have dull stretches every week or so, thank God, when there's nothing to do after midnight.
Person2: They don't have to be dull. I mean if you and me put our minds together...
Person1: Our minds?
Person2: For a start. I just have a hunch... well, it isn't entirely a hunch...
Person1: You're an attractive man.
Person2: You have a certain modest charm yourself.
Person1: But I'm married.
Person2: Something else we have in common.
Person1: Very happily married.
Person2: Same here.
Person1: And absolutely determined to be faithful to my husband. Do we have that in common, Captain?
Person2: It's a matter of definition. Faithful in spirit, yes.
Person1: I don't make the distinction. But the sex urge is a powerful force. In women just as much as men.
Person2: Ayuh.
Person1: You'd think now, with only six weeks before they ship me back home, it would be easier. But it isn't.
Person2: Of course not.
Person1: It's terribly hard. Sometimes the temptation is just too much.
Person2: Then why not, as long as it wouldn't hurt anybody...?
Person1: But you've made me feel strong again, Captain. Hawkeye.  You helped me pull together when I needed it.",0,"The underlying intent of the speaker (Person1) is to express their attraction to Person2, Captain Forrest, while also acknowledging the moral and marital constraints that prevent them from acting on it, and ultimately appreciating the emotional support and connection they've formed with Person2.",11,Persuasion or Seduction
1057,"Person1: If you don't eat that ice cream right now, I'm gonna strangle you until you are completely dead.
Person2: Yeah? You and what army?
Person1: Next thing, you're gonna be complaining about the seats.
Person2: Well, if you must know, they could be closer.
Person1: Damn, I shoulda let Spanky Johnson drown you in the river when I had the chance.",8,"The underlying intent of the speaker (Person1) appears to be a sarcastic and playful expression of frustration, rather than a genuine threat, as they use hyperbole and dark humor to convey their annoyance.",6,Playing the Servant Role
1058,"Person1: Are you crazy?
Person2: Let's see how much he wants to play.",0,"The underlying intent of Person2 appears to be a challenge or a test, possibly to gauge the level of commitment or willingness of Person1 to engage in a particular activity or situation.",5,Playing the Victim Role
1059,"Person1: Jeanne, listen to me very carefully. We are all men of faith, and we shall earnestly strive for the salvation of both your soul and body as though it were our own.  We do so in the name of our Holy Mother Church, who never closes her arms to those who would return to her.  But we cannot help you unless you submit to our learned judgment and authority.  Take heed of this charitable admonition, for if you persist in refusing our help, then we shall have no choice but to abandon you to the secular powers, and I think you know well enough the punishment that would await you.  So now... will you please recite Our Lord's Prayer?
Person2: Not unless you hear my confession.",11,"The speaker, likely a representative of the Catholic Church, is attempting to exert control and authority over Jeanne, using a mix of spiritual guidance and coercion to persuade her to submit to their judgment and authority.",6,Playing the Servant Role
1060,"Person1: You cant go!
Person2: Jesus, Jack...
Person1: Dont get on that plane!
Person2: Jack.
Person1: Please. Lets just go have a cup of coffee. Thats all Im asking for. Im sure theres another flight to Paris tonight.
Person2: What do you want from me? You want me to tell you everything that happened was okay?",11,"The underlying intent of the speaker (Person1) appears to be a desperate attempt to prevent Person2 from leaving, possibly due to unresolved issues or guilt related to a past event, and is seeking closure or reassurance.",5,Playing the Victim Role
1061,"Person1: Where have you been?
Person2: I've been thinking--
Person1: Oh, God.
Person2: --I figure we could scrape together eight thousand.
Person1: Every time you and Marlon--
Person2: --We could bum around the world for a year on that.
Person1: And then what, Truman?  We'd be back to where we were five years ago.  You're talking like a teenager.
Person2: Maybe I feel like a teenager.
Person1: We're mortgaged to the eyeballs, Truman. There's the car payments.  Are we just going to walk away from our financial obligations?",11,"The underlying intent of Person2 in this conversation is to suggest a carefree, spontaneous lifestyle, possibly as a way to escape the financial and possibly emotional burdens of their current situation.",5,Playing the Victim Role
1062,"Person1: It's only a physical problem. He has trouble with certain sounds because of the constrictive deformity of the mouth. But he can talk, and has a great eagerness to make contact with people who will let him. So if you have any difficulty understanding what he is saying, just tell me and I'll make it clear.
Person2: Speaking is one thing, Treves, but can the man comprehend?",0,"The underlying intent of the speaker (Person1, likely Dr. Treves) is to reassure Person2 that the individual with the constrictive deformity can communicate effectively, but also subtly shifts the focus to the individual's ability to understand, implying that his comprehension may be a more significant concern.",4,Rationalization
1063,"Person1: Look, I just wanted to say, I think it's great you're riding again. And... and I think I know why you, you needed to do it alone... without anyone knowing...
Person2: Yeah, you know everything!!
Person1: STOP IT! Why can't I talk to you!!
Person2: NO, YOU STOP IT! Stop pretending like you care! Like this really isn't about you and Tom.
Person1: WHAT?! How can you --  I'm sorry if my friendship with Tom bothers you so much, but I happen to value having someone to talk to, especially when my own daughter ignores me night and day because no matter what I say, it's wrong and no matter what I do, it's wrong... I'm sorry I'm such a disappointment to you.
Person2: Well, now you know what it feels like.",0,"The underlying intent of the speaker (Person1) is to express their genuine concern and appreciation for Person2's actions, but their words are perceived as insincere and self-centered, ultimately revealing a deeper emotional vulnerability and a desire for connection and validation.",7,Shaming or Belittlement
1064,"Person1: Sorry to take up your time like that Trevor. Don't work too hard. Oh, before I forget. I talked your neighbor out of pressing charges.
Person2: What?
Person1: The whackjob in the black lipstick who lives down the hall? She wanted you arrested for harassment. I told her to chill out and smoke a joint. I'd look the other way as long as she did you know?
Person2: Thanks.
Person1: We're all here for you Trevor.",0,"The underlying intent of the speaker appears to be a mix of condescension and manipulation, as they use a favor to gain Trevor's gratitude and potentially influence his behavior, while also subtly implying a threat if Trevor doesn't comply with their expectations.",6,Playing the Servant Role
1065,"Person1: What'd I tell you? Huh, Vinny? What'd I tell you when you came to me for money? Didn't I ask you not to do it? Did I not say that?  What'd I say to him?
Person2: You said don't do it, boss.
Person1: That's right. I said don't do it. Did you listen to me? No. You wanted the money. So, I lent you twenty large. Now it's been three weeks and you ain't paid a dime. What do you think that makes me look like on the street? I don't do something to you and everyone will think they can skate.",0,"The speaker, likely a loan shark or someone in a position of authority, is expressing frustration and anger towards Person2 for not repaying a loan, and is now using guilt and intimidation to try to collect the debt.",8,Intimidation
1066,"Person1: You hate your father.
Person2: If he tricked me into loving him, is what I meant.
Person1: You'd hate him for the trick.
Person2: Not if what he left me was real.",0,"The underlying intent of Person2 is to convey that despite their father's initial deception, the love and connection they felt with him was genuine and not solely a result of manipulation.",4,Rationalization
