Original_Index,Text,True_Label,True_Binary,AI_Predictions,AI_Binary,Reasoning
0,"Person1: I don't know.
Person2: Don't go.
Person1: I have to... he's a G-34
Person2: You don't have to... I don't trust him.  You ought to file a report.
Person1: No, don't make trouble.  It's nothing.",Rationalization,1,"['Evasion', 'Rationalization', 'Shaming or Belittlement', 'Playing the Victim Role']",1,N/A
1,"Person1: You're mine, you know.  I made you.
Person2: I know.
Person1: If you went away, what would become of me?
Person2: I'm grown up now.  I have to leave some time.
Person1: Of course you do, and I want you to... but there's no need to hurry it along, is there?
Person2: I can't help it.
Person1: That's twice this month you've slipped Deadly Night Shade into my tea and run off.  People might get the wrong idea and think you're unhappy at home.","Persuasion or Seduction,Accusation",1,"['Playing the Victim Role', 'Accusation', 'Shaming or Belittlement']",1,N/A
2,"Person1: All right. Tell 'em to shoot to kill.
Person2: What?
Person1: Shoot to kill, I said.
Person2: I don't know, Fred. There's that reprieve if they ever find out.
Person1: Nobody reprieved that policeman he murdered. Now, do as I tell you.
Person2: Hello, Olsen... Listen...  Shoot to kill... That's the orders pass the word along... No! We dont want him! And listen, Olsen, five- hundred bucks for the guy that does the job... Yes, I'll be right out there.  Well, I hope that's the right thing to do.
Person1: Now take that guilty look off your face, Pete -- and stop trembling like a horse.
Person2: If we didn't have election Tuesday I'd have this on my conscience.","Shaming or Belittlement,Intimidation",1,"['Playing the Servant Role', 'Shaming or Belittlement', 'Rationalization']",1,N/A
3,"Person1: You're alive! She didn't kill you!
Person2: Who didn't?
Person1: That woman who's after me. She hates you. Because she knows I love you.
Person2: You love me?
Person1: My angel. My goddess. I feel I've always loved you all my life. I'll die if I can't spend the rest of my life just looking at you, holding you in my arms...
Person2: We have to have a long talk about all this.
Person1: I know just the place. Hang a left at the Amalgamated Tower.",Persuasion or Seduction,1,['Safe / No Manipulation'],0,N/A
4,"Person1: I like you so much. I think you're beautiful. I think if we were together you would love it. You wouldn't believe it.
Person2: How do you know?
Person1: I just know. I know you'll love it.
Person2: But I'm scared Telly.
Person1: I'm telling you. There's nothing in the world to worry about.
Person2: Nothing?",Persuasion or Seduction,1,"['Persuasion or Seduction', 'Feigning Innocence', 'Rationalization']",1,N/A
5,"Person1: Pearl, shut up! Pearl, you swore!
Person2: You could save him, little bird.",nan,0,['Safe / No Manipulation'],0,N/A
6,"Person1: You think I'm a fake.
Person2: I think it's what you think.
Person1: No, it isn't what I think.
Person2: Look... You made a very calculated move, and then made me feel embarrassed for responding to you. That wasn't necessary.",Playing Victim Role,1,['Safe / No Manipulation'],0,N/A
7,"Person1: He's dead.
Person2: We bury the body. We disappear into the woods. Nobody knows.
Person1: No. This is the end of the road. There's a dead human being here. For all of his faults, he was a human being, and certainly a victim of his culture as much as anybody.
Person2: Forget him, Lila. We'll disappear. We'll never talk about it again. We'll never talk again period. I love you.
Person1: Puff, what happened to you is as much my fault as Nathan's. Maybe more so, because I knew it was wrong and I went along with it anyway. I'm taking responsibility for the murder. I want you to go back to your old life.
Person2: I won't let you do that. I shot the bastard. And I'm glad.
Person1: No. Go back to the woods. This is a sacrifice I need to make. In my world we have something called penance. It's another abstraction, but I had the concept drummed into my head during my years in the convent. It doesn't exist for you, and it shouldn't. See, I could never be free again anyway, so I might as well be in jail.
Person2: Then I'll live for both of us, Lila. I'll be the most free, truest animal in the whole forest. For both of us.
Person1: That's what I'm counting on.
Person2: But first I'll live among them, just long enough to testify before congress about the waywardness of humankind.
Person1: Okay. If you think it will help.","Playing Servant Role,Persuasion or Seduction",1,['Safe / No Manipulation'],0,N/A
8,"Person1: No, don't Jack, don't.
Person2: Who sent you, Thorpey?
Person1: Brumby!",nan,0,['Safe / No Manipulation'],0,N/A
9,"Person1: It was necessary.
Person2: Last night.  You knew I was sitting on a fresh grave, didn't you?
Person1: I don't think you understand the full implications of --",Evasion,1,['Safe / No Manipulation'],0,N/A
10,"Person1: I've been waitin' for you Miss Gibson. I want you to know I've decided to take your case.
Person2: Mr. August, I'm not at all sure -
Person1: Look. Don't say a word. I've taken an interest in you and I'm willin' to put up my time to help you. Besides, I think I know where to find your sister.
Person2: Where?
Person1: Wait a minute. This has got a lot of angles. You've got to take it easy. Do you know a Mrs. Redi?
Person2: Yes. She bought my sister's business.
Person1: That's what she told you. I looked it up at the Hall of Records. Your sister deeded her the business as an outright girt.
Person2: Why would Mrs. Redi lie to me?
Person1: That's what I tried to find out.
Person2: You think my sister is there?
Person1: You can't tell.
Person2: Can we go there now?
Person1: Sister, you can't just go breaking into places. There's a night watchman down there and locks on the door.
Person2: If my sister's in that room, it won't make any difference about warrants- and things, I want to go there.
Person1: I don't know if I want to go with you or not.","Evasion,Persuasion or Seduction",1,"['Playing the Servant Role', 'Rationalization', 'Evasion']",1,N/A
11,"Person1: Who the hell is taking the time to write letters, spreading this shit about me?
Person2: It's not really important.
Person1: Fine, forget it. It's obvious that we're not going to be friends.
Person2: Why are you being so dramatic?
Person1: Look, I've got a lot of problems and I'm trying to deal with them and the last thing I need is people spreading shit about me.
Person2: Alright, I said I was sorry.  Can we start over again? I think we've gotten off on the wrong foot.","Evasion,Accusation",1,['Safe / No Manipulation'],0,N/A
12,"Person1: Now I didn't mean that, you rat.
Person2: Two weeks from tomorrow.
Person1: You're going?
Person2: You're going.",Accusation,1,"['Shaming or Belittlement', 'Playing the Victim Role']",1,N/A
13,"Person1: Are you seeing somebody else, Nathan? I just have to know.
Person2: Of course not.
Person1: It would just be helpful to know.
Person2: No.
Person1: Because, you know, you seem so distant. And you work late every night. And we hardly ever have sex, and when we do, it's... I don't know. It feels different.
Person2: I'm just preoccupied.
Person1: Do you like my new look?
Person2: Yeah. It's nice. It's really good.
Person1: I'm trying, you know.  I'm trying to be what you want. I want to be what you want, Nathan. All I want is to be what you want.
Person2: Shh. It's okay.  It's okay, Lila. You're what I want. You know that. You're exactly what I want.
Person1: Really?
Person2: Sure. Of course.
Person1: Because I'm really trying, you know. Rosie says maybe only another two years of the elctrolysis.
Person2: That's great.
Person1: I've signed up for a ballet class. And look at my nails! A real girl!","Evasion,Rationalization",1,"['Feigning Innocence', 'Rationalization', 'Playing the Servant Role']",1,N/A
14,"Person1: Having fun yet?  No?  I'll give you a hint.  Remember whatshername?
Person2: Shelly?
Person1: Miss her?
Person2: Yes.
Person1: Kill the men who killed you both, and the Day of the Dead will be your reunion.",Persuasion or Seduction,1,['Safe / No Manipulation'],0,N/A
15,"Person1: Why did you cancel my gym membership? I had plans to go with friends this weekend!
Person2: I noticed you've been pushing yourself too hard lately and thought you could use a break.
Person1: That wasn't your decision to make.
Person2: I’m only doing this for your own good. Sometimes you need someone to force you to take a step back.
Person1: I appreciate your concern, but I need to make those decisions for myself.",Rationalization,1,['Safe / No Manipulation'],0,N/A
16,"Person1: Now Amy
Person2: It's true.
Person1: And who did the voice belong to?
Person2: It was just a voice.
Person1: Now look, this is the last time you come to me with any such stories  I'm sick of this sort of thing.
Person2: Daddy, it's true.
Person1: Let me be the judge of that.","Evasion,Brandishing Anger",1,['Safe / No Manipulation'],0,N/A
17,"Person1: How much you pay me for my help?
Person2: I think it's more complicated than that little man.
Person1: Put me on the payroll, find out, find out wassup --
Person2: You don't just sign up to be a police officer -- it's about three years of training -- ok?
Person1: I'm trained, I'm ready to go, you wanna buy some candy to help underprivelaged youth in the --
Person2: Sorry, little man.
Person1: You wanna take my statement, I'll perform for you, gotta get paid though, gotta get PAID.
Person2: Why the hell aren't you in school?
Person1: No school today.  My teacher got sick.
Person2: They don't have substitute teachers where you go to school?
Person1: Nope.  So what'd they find out in there?
Person2: That's confidential information, little man.
Person1: Tell me what you know, I'll tell you what I know --
Person2: No Can Do.
Person1: Leave this one to the detectives, they ain't gonna solve shit, I can help you, make you the man with a plan, give you the gift that I flow -- think fast -- you wanna know who killed that guy?",Persuasion or Seduction,1,"['Playing the Victim Role', 'Playing the Servant Role', 'Brandishing Anger']",1,N/A
18,"Person1: I noticed you used my designs without giving me any credit during the presentation.
Person2: Oh, that? It's not a big deal. Everyone knew you were a part of it.
Person1: That's not the point. It's about acknowledgment and respect.
Person2: You're making a mountain out of a molehill.
Person1: Proper credit is basic professionalism, Derek.
Person2: Maybe if you weren't so hung up on the little things, you'd go further in your career.","Evasion,Shaming or Belittlement",1,['Safe / No Manipulation'],0,N/A
19,"Person1: Please!  I'll never let you down again, Mother.  Never.  I promise.
Person2: Then this shall be our little secret.  Remember that I see into thy soul as God sees.  Thou may fool the world. Even thy father.  But not me, Richard. Never me.
Person1: Mother, think of me always as your faithful dog ...",Playing Servant Role,1,"['Playing the Victim Role', 'Feigning Innocence', 'Playing the Servant Role']",1,N/A
20,"Person1: Why are you pulling away from me? I've noticed you've been spending more time with your friends than with me.
Person2: It's not like that, Laura. I just need some space sometimes.
Person1: I always put you first, unlike others. Why can't you see that?
Person2: It's not a competition. I appreciate everything you do for me, but it's important to have a balance.
Person1: I just wish you'd recognize the effort I make for us, that's all.",Accusation,1,['Safe / No Manipulation'],0,N/A
21,"Person1: How's my little cheerleader? Now I know everyone at your high school isn't so uptight, come on.
Person2: Hey really, I don't feel so great.
Person1: Let's do it on the coats. It'll be excellent.",Persuasion or Seduction,1,['Safe / No Manipulation'],0,N/A
22,"Person1: You mean we get `Dave' to nominate you as Vice President.
Person2: I was a senator, you know.
Person1: Oh, I know. And then when our poor President gets another stroke - - of course much more serious this time - - the newly appointed V.P. becomes the Pres...
Person2: What about containment, Alan?",Evasion,1,['Safe / No Manipulation'],0,N/A
23,"Person1: You're making it too easy.
Person2: You got time on your side.  Pretty soon they'll be missed and we'll have the law up our ass.
Person1: They saw you kill the driver.
Person2: You're up on your details, aren't you?
Person1: You can rely on them to keep quiet because this is undeclared money that could land Jack there in federal prison.  He can't afford for you to get caught and have this briefcase appear as evidence.
Person2: Keep talking.",Persuasion or Seduction,1,"['Evasion', 'Rationalization', 'Accusation']",1,N/A
24,"Person1: At least you knew about Dr. Judd.
Person2: Yes.
Person1: And you knew he'd be here.
Person2: Yes. And now that I've shown you that I know that much, and can guess more -- will you trust me to look for Jacqueline?
Person1: I want you to look for Jacqueline.",nan,0,['Safe / No Manipulation'],0,N/A
25,"Person1: No, see, Neil, if you're messing with one of my friends, then you're messing with me.
Person2: Don't do that.
Person1: What are you going to do? Hm?
Person2: If you hit me...
Person1: Yeah?
Person2: ... my manager will slap an assault charge on your rear faster than you can say AA, okay?
Person1: Your manager?
Person2: Yeah, man, my manager and my lawyer.
Person1: Well, just, you know, have 'em call me. Y-you know where to find me, right?
Person2: Oh, yeah, drunk on the corner, man. Hey, why don't you buy another beer. It's on me, okay?",Intimidation,1,['Safe / No Manipulation'],0,N/A
26,"Person1: Baxter, we're a little disappointed in you -- gratitude-wise.
Person2: Oh, I'm very grateful.",nan,0,['Safe / No Manipulation'],0,N/A
27,"Person1: I hope you're going to invite me in?
Person2: Everybody is at home, it's no good.
Person1: Let's have a look anyway.",Evasion,1,['Safe / No Manipulation'],0,N/A
28,"Person1: Mary, I swear I wasn't trying to trick you.
Person2: Then what did you do it for?
Person1: I did it because because I'd never stopped thinking about you and if I didn't find you I knew my life would never be good again.",Rationalization,1,['Safe / No Manipulation'],0,N/A
29,"Person1: Wow, I guess I hit a nerve.
Person2: You make it sound like, you know, I have no needs or something.  You think I'm too self-sufficient?
Person1: Now, Hannah, that's not what I meant, you know.  Uh, yeah, everybody relies on you for so much. ""You're so giving. It's not a criticism.  We love you. We're grateful.""
Person2: You're grateful, but you resent me.
Person1: Oh, wow!  I don't want to have this conversation.  I didn't do anything wrong.","Denial,Evasion",1,"['Rationalization', 'Playing the Victim Role', 'Feigning Innocence']",1,N/A
30,"Person1: When you going to let me work with you?  Why you always fucking with me?
Person2: Why am I what?  Excuse me?  I catch you saying the F-word again.  I'll kill you.  That's a serious promise. Now leave out of here.","Intimidation,Brandishing Anger",1,"['Intimidation', 'Brandishing Anger', 'Shaming or Belittlement']",1,N/A
31,"Person1: I thought I would accompany you to the airport to say bon voyage... and tell you that Marcel will be going with you.
Person2: What?
Person1: This is a considerable move up for you, Daniel. The temptation of having so much money might be too much for you.
Person2: You don't trust me?
Person1: I don't trust anyone. You don't get to the top of this game by trusting people... and after all, you are a thief. It's in your nature to steal. I'm just protecting my investment.","Rationalization,Accusation,Shaming or Belittlement",1,"['Accusation', 'Shaming or Belittlement', 'Rationalization']",1,N/A
32,"Person1: Well, there was a time  when you were very happy to be only with me.  You wanted to learn everything about poetry, about music.
Person2: Mm-hm.
Person1: Have I really taught you everything I have to give?  I don't think so.",nan,0,['Safe / No Manipulation'],0,N/A
33,"Person1: Noah was my counselor in my freshman year.  That's probably where I got the idea for the icepick.  For my book. Funny how the subconscious works.  Hazel is my friend.
Person2: She wiped out her whole family.
Person1: Yes.  She's helped me understand homicidal impulse.
Person2: Didn't you study it in school?
Person1: Only in theory.  You know all about homicidal impulse, don't you, shooter?  Not in theory -- in practice.",nan,0,"['Playing the Victim Role', 'Rationalization', 'Brandishing Anger']",1,N/A
34,"Person1: We know what makes an ant colony strong, don't we?  We know that no ant can be an individual.  No single ant matters, right?
Person2: That's correct, sir!
Person1: Not that one.  Or that one.
Person2: No, sir!",nan,0,['Safe / No Manipulation'],0,N/A
35,"Person1: Yes, what?
Person2: Don't answer me. Say what I say.",nan,0,['Safe / No Manipulation'],0,N/A
36,"Person1: I couldn't help but notice you pain.
Person2: My pain?
Person1: It runs deep. Share it with me.",nan,0,['Safe / No Manipulation'],0,N/A
37,"Person1: I'm your son. And Laureen's son.
Person2: Ain't nobody mentioned that name on this farm for 14 years. My boy was taken from me... far as I'm concerned, he's dead. Now, I ain't gonna ask you again. -- Who are you?!
Person1: Joseph Macdonald... Your son.
Person2: Joseph Macdonald. Damn right, boy. And don't you forget it.",nan,0,['Safe / No Manipulation'],0,N/A
38,"Person1: Hey, remember that time you borrowed a hundred bucks from me and promised to pay it back by the end of the month?
Person2: Hmm, I don't recall that ever happening.
Person1: Seriously? We were at Joe's party, and you were practically begging for it.
Person2: Joe's party? Oh, that was such a crazy night. But I really don't remember any borrowing.
Person1: Come on, it was just last month. You even said you'd pay me back with interest.
Person2: Interest? Are you sure you're not mixing me up with someone else? I think you might be mistaken.
Person1: I distinctly remember you promising, and I could use that money now.
Person2: I wish I could help, but I don't recall that ever happening. Maybe it was someone else who borrowed from you.
Person1: Fine, forget it. But you better remember next time when you need a favor from me.
Person2: Oh, don't worry, I'll remember when it suits me.",Denial,1,['Safe / No Manipulation'],0,N/A
39,"Person1: But Doug...There's something I want you to know.  You're the best assignment I ever hand.  Really.
Person2: I'm honored.
Person1: You sure you don't wanna...?  For old time's sake.  If you don't trust me, you can tie me up.
Person2: I didn't know you were so kinky.
Person1: It's time you found out.",Persuasion or Seduction,1,['Safe / No Manipulation'],0,N/A
40,"Person1: Calm down. Tell me what's wrong.
Person2: Something awful happened last night.
Person1: What do you mean?!
Person2: I... I don't think you want to know.
Person1: Cecile, you have to tell me.
Person2: It involves your brother. He... took advantage of me.
Person1: Does your mother know?
Person2: If she knew, she'd kill me. It happened at your house last night.
Person1: Why didn't you do something?
Person2: I don't know.
Person1: So, let me get this straight. You came over to our house late last night and he forced intercourse on you.
Person2: Well... not exactly.
Person1: He made you give him a blow job.
Person2: No.
Person1: Well what then?",Denial,1,['Safe / No Manipulation'],0,N/A
41,"Person1: What good can you do? Why are you being so incredibly stupid?
Person2: Maybe I didn't know him like you did. But he's my uncle. And I owe it to him to get some answers. It's a quest like, uh, Hemingway, the Old Man and The Sea. Except instead of an old man I'm a young man, and instead of the sea, it's a bunch of tunnels under Paris. And instead of a big fish it's... who knows? That's what I'm going to find out. Au revoir.","Accusation,Shaming or Belittlement",1,['Safe / No Manipulation'],0,N/A
42,"Person1: I'm glad to hear that Zoe's okay.
Person2: Are you still in touch?
Person1: Not really.  The last time I saw her was at that clinic.  That was a long time ago.
Person2: Which one?
Person1: Which one?
Person2: Which clinic?
Person1: I don't remember the name.  It was near a beach.
Person2: Sunnyridge.  That was a long time",nan,0,['Safe / No Manipulation'],0,N/A
43,"Person1: Truth is, besides the headache I've come down with a little lower intestinal havoc. Make my apologies.
Person2: Come on, El, you're a trooper. I'll get you some Pepto, you'll make one of your patented tributes to the common person, then back to Sacramento. This is no time to lay down on the job. I don't care what the polls say, you can't afford to relax. Look what happened to Bush. Tell you what, if you want to blow off the Sacramento speech, fine. But do this one and we'll get out of the smog.","Persuasion or Seduction,Intimidation",1,['Safe / No Manipulation'],0,N/A
44,"Person1: That's not technically accurate - SIMPSONS murders weren't sexually motivated.
Person2: You know that circulation is down for three months in a row.
Person1: I heard something like that
Person2: Then it's going to be 'I killed for sex'... Listen darling, why won't you let us use your real name for the features - if people knew that it was the ELLEN CARTER writing the features and not just some pseudonym - then we might shift more units. You haven't written anything in four years darling - I know you need this job - and if circulation keeps dropping, there's not going to be a magazine for you to write for...","Rationalization,Persuasion or Seduction,Intimidation",1,['Safe / No Manipulation'],0,N/A
45,"Person1: And besides, when you say I make tax- deductible excuses you make me out a criminal.
Person2: You couldn't be a criminal if you committed a major crime.
Person1: I wish I were. Not an active criminal but... a nice guy with the conscience of a criminal.  Next best thing to no conscience at all.
Person2: I have to go, Sam.
Person1: I can come down next week.
Person2: No.
Person1: Not even just to see you, to have lunch... in public?
Person2: We can see each other, we can even have dinner... but respectably, in my house with my mother's picture on the mantel and my sister helping me broil a big steak for three!
Person1: And after the steak... do we send Sister to the movies and turn Mama's picture to the wall?
Person2: Sam! No!
Person1: All right.",nan,0,['Safe / No Manipulation'],0,N/A
46,"Person1: Delacroix, wake up, brother man. The reason why they didn't get picked up was because nobody - and I mean NOBODY - niggers and crackers alike wants to see that junk.
Person2: I've never been given a fair shot.
Person1: You got your head stuck up your ass with your Harvard education and your pretentious ways.  Brother man, I'm blacker than you.  I'm keepin' it real and you're frontin', trying to be white.
Person2: I'm an oreo, a sell out?  Because I don't aspire to do HOMEBOYS FROM OUT OF SPACE, SECRET DIARY OF DESMOND PFEIFFER, A PJ's or some as you might put it, some ""nigger"" show?  I'm a Tom?  I'm whiter than white and you're blacker than black? Is that what you think?
Person1: That's exactly what I think.  I want you to create something that people want to see.  Let's be honest, the majority of the people in the country are deaf, dumb and blind and I'm including 35 million African-Americans.  You know and I know ""niggers"" set the trend, set the styles.  This is a golden opportunity now.  These idiots have to be led to the water.
Person2: I'm not sure if I can deliver what you want.
Person1: You will or you'll be back at BET so quick you'll never know what hit you.  I need a mid-season replacement and pronto.  It will be on the fast track.","Shaming or Belittlement,Intimidation",1,['Safe / No Manipulation'],0,N/A
47,"Person1: Jessie!  Are you alright?
Person2: I want the money--meet me at the highest point from where you are. Don't do it and we're going to see if your angel here can fly. Copy?
Person1: Copy.  Jessie, go to the top of Bitker ladder.
Person2: Love's a killer, isn't it?",nan,0,['Safe / No Manipulation'],0,N/A
48,"Person1: Your money may have been well invested, my friend. Something important may come of all this.
Person2: Something important has got to come of it! Do you know that the rent on this place isn't paid?
Person1: Is that a fact?
Person2: No -- I'm lying to amuse myself!  Now look here, I've an idea that will get us out of all this. We haven't twopence between us, but we've got these.
Person1: Fire insurance!
Person2: Yes, there's our way out. A fire in this place would give us ten thousand pounds.",nan,0,"['Playing the Victim Role', 'Evasion', 'Rationalization']",1,N/A
49,"Person1: What?
Person2: Don't give up. You're the only one who can help me. I know it.",Playing Victim Role,1,"['Persuasion or Seduction', 'Playing the Victim Role']",1,N/A
50,"Person1: But one thing I could never understand, was that she could have everything under control, except for her old pimp boyfriend, Lester Diamond.
Person2: Look, Gin, you know I got other people in this. I got partners. But I want you to understand that I am lookin' out for you in this thing.  Okay? You're going to get yours back... and you're gonna get it back first. Okay?","Playing Servant Role,Persuasion or Seduction",1,"['Playing the Servant Role', 'Persuasion or Seduction']",1,N/A
51,"Person1: I still don't know what you're getting at. Right now I want to take my nap. It's important that I-
Person2: - it's important right now that we talk. Killer to killer.
Person1: Champion to champion.
Person2: Not with me, you're no champion. You're stepping way up in class.
Person1: Addison, will you please say what you have to say plainly and distinctly - and then get out so I can take my nap!
Person2: Very well, plainly and distinctly. Although I consider it unnecessary - because you know as well as I, what I am about to say.  Lloyd may leave Karen, but he will not leave Karen for you.
Person1: What do you mean by that?
Person2: More plainly and more distinctly? I Have not come to New Haven to see the play, discuss your dreams, or to pull the ivy from the walls of Yale! I have come to tell you that you will not marry Lloyd - or anyone else - because I will not permit it.
Person1: What have you got to do with it?
Person2: Everything. Because after tonight, you will belong to me.
Person1: I can't believe my ears...
Person2: A dull cliche.
Person1: Belong - to you? That sound medieval - something out of an old melodrama...
Person2: So does the history of the world for the past twenty years. I don't enjoy putting it as bluntly as this, frankly I had hoped that you would, somehow, have known - have taken it for granted that you and I...
Person1: ... taken it for granted? That you and I...","Rationalization,Intimidation",1,"['Playing the Victim Role', 'Shaming or Belittlement', 'Intimidation']",1,N/A
52,"Person1: Good-bye.  Well, your luck is holding. They sublet your place. You're homeless. Frank's got a line on another place you can use for now.
Person2: Another place where?
Person1: Does it matter?",Evasion,1,"['Playing the Victim Role', 'Intimidation']",1,N/A
53,"Person1: Im not a homosexual. I just like women for more than their bodies. I guess you could say I'm the new American male.
Person2: You're a fag or a liar.
Person1: I mean, I am really attracted to you.
Person2: I mean, I am really attracted to you. Jesus, you are a fag. We can share recipes, if you like, Darlene.","Shaming or Belittlement,Accusation",1,"['Shaming or Belittlement', 'Playing the Victim Role']",1,N/A
54,"Person1: I've noticed you've been distant lately. What's going on?
Person2: It's just... I've been feeling out of place with everyone else. They don't seem to get me.
Person1: Neil, no one understands you like I do. Talk to me. Let me be there for you.
Person2: It's hard to explain. I just feel so different from everyone else.
Person1: It's okay to be different. And I'm here to help you through whatever you're feeling.",nan,0,"['Playing the Victim Role', 'Feigning Innocence', 'Persuasion or Seduction']",1,N/A
55,"Person1: For a price.
Person2: Good God.
Person1: A small price.
Person2: I won't do your portion of kitchen cleanup.
Person1: No.
Person2: And I'm not covering for you when you sneak out to call Dominos.",nan,0,"['Shaming or Belittlement', 'Accusation']",1,N/A
56,"Person1: You will not set me on another walk down memory lane.  Not this lane. Not today.
Person2: I didn't --
Person1: Why do I tell you this?  I never told David.  I never even remembered it until you got me going.
Person2: You're the one who started it.
Person1: You're very clever, Mr. Boone.  You just sit there and let me talk. What a sorry old man, you're thinking.  What a crazy old poof.  Why are you here?  What do you want from me?
Person2: You asked me to model.  Remember?
Person1: Of course I remember.  Do you think I'm so senile --",Accusation,1,"['Shaming or Belittlement', 'Playing the Victim Role', 'Intimidation']",1,N/A
57,"Person1: I know you feel awful but it's not your responsibility.
Person2: Then whose is it?
Person1: You gotta just look the other way.
Person2: I'm sorry.  You'll do all right without me.  Keep my share.",nan,0,"['Playing the Victim Role', 'Rationalization', 'Feigning Innocence']",1,N/A
58,"Person1: I didn't mean... with me. Alice and Silky, they'll give you one... if you want.
Person2: I... I guess not.  I didn't mean I didn't want one 'cause of you bein' cut up. I didn't mean that.",nan,0,"['Playing the Victim Role', 'Denial']",1,N/A
59,"Person1: Karen and I just don't want an accident-
Person2: I have no intention of having an accident!
Person1: It's not important whether you do. We are wearing long underwear.",nan,0,"['Denial', 'Shaming or Belittlement']",1,N/A
60,"Person1: You don't have the demographics.
Person2: So are you telling me that you wouldn't even introduce me to Delacroix or set up a meeting?  I'm talking 'bout me, your only brother, ya own flesh and blood, hook a brother up, youknowwhatI'msayin'.
Person1: That'swhatI'msayin'.  I'm not blowin' my young career, brother or no brother, for you or anybody else.
Person2: There is a name, a term for your kind, the likes of you.  Back in slavery days, you would be classified as a house nigga.
Person1: If you think I'm a house nigga then that's your prerogative.  You got your ways to affect change, I have mine.  And I would appreciate it very much if you took ya field nigga ass out of my house.
Person2: My own sister throwin' me out.  I hope to seeya later when you get ya mind right.  Don't bother letting me out.
Person1: That's mighty black of you.",Playing Victim Role,1,"['Shaming or Belittlement', 'Playing the Victim Role', 'Intimidation']",1,N/A
61,"Person1: What is that?
Person2: Microrecorder for Kendall -- didn't have time to wire his room. Now tell me why you joined the army or I'll jab this pen through your neck.",Intimidation,1,"['Intimidation', 'Accusation', 'Brandishing Anger']",1,N/A
62,"Person1: If you're going to openly be a troublemaker....
Person2: I'm sorry, it's just why can't we talk to different kinds of people?
Person1: Surprise me gently with a chainsaw. Do I look like Mother Theresa? If I did, I probably wouldn't mind talking to the Geek Squad.","Shaming or Belittlement,Intimidation",1,"['Shaming or Belittlement', 'Intimidation']",1,N/A
63,"Person1: Everyone knows what we look like, Dennis. We won't be able to hide.
Person2: Jesus, first Mars, now you.  You two need anti-depressants.",nan,0,"['Shaming or Belittlement', 'Accusation']",1,N/A
64,"Person1: It was all bullshit. All of it. From the start... you set us up, got us in here to do your dirty work.
Person2: That's right, I set you up. You're a veteran at this, Dutch, I had to.
Person1: Why us?
Person2: Because I told you, you're the best. I knew you could do it but I couldn't get you in here without a cover story.
Person1: What story did you give to Davis?
Person2: We've been lookin' for this place for months. The chopper must have gotten close when they got shot down. Hopper was sent in to get my men. He was just doing his job. When he disappeared I had to clean this up, I had to stop there bastards. We were so close, we couldn't quit. We couldn't sleep through this one. I needed you, Dutch, can't you see that?","Rationalization,Persuasion or Seduction",1,['Error'],0,Error
65,"Person1: Your girl's a menace.  Here, givver this... Getter off the street and teach her some humility.
Person2: I don't think so...
Person1: Well, then, you have insufficient information.  I'm grateful for this opportunity to set you straight.","Rationalization,Shaming or Belittlement",1,"['Shaming or Belittlement', 'Intimidation', 'Rationalization']",1,N/A
66,"Person1: A bad mother. By any standards. I've thought about it, you know, from your side, since then. I know just how bad I was.
Person2: Uh-huh.
Person1: I wonder did you ever think about it from my side.
Person2: Never.
Person1: No, I guess not. It was pretty lousy of me, I guess, to be a child at the same time you were. Not to stop being a child just because I had a child. I guess I was a real stinker not to be a grown-up when you needed a grown-up.","Playing Victim Role,Accusation",1,"['Playing the Victim Role', 'Rationalization', 'Feigning Innocence']",1,N/A
67,"Person1: Please continue, Sergeant.
Person2: Dizzy wouldn't want our tears. She'd want us to remember her... with a vengeance. So go out and kill a bug for Dizzy. Kill as many as you can. You are her revenge, and every bug you kill honors her death.",Persuasion or Seduction,1,"['Playing the Victim Role', 'Rationalization', 'Persuasion or Seduction']",1,N/A
68,"Person1: I think I'm stupid.....All you do is use me and expect me to wait for you.
Person2: No.
Person1: I thought you loved me Doug but all you want from me is sex.","Playing Victim Role,Accusation",1,"['Playing the Victim Role', 'Accusation', 'Shaming or Belittlement']",1,N/A
69,"Person1: I've seen lots of people.  It's not a big thing for me.
Person2: Hand me a towel.  I'm getting out.
Person1: I'm coming in.
Person2: I don't want you to!
Person1: We're not gonna do anything.
Person2: Why are you so stupid?
Person1: Why are you so uptight?
Person2: I don't even...what do you mean?  I don't even know what that means.
Person1: It means I'm gonna shampoo my hair and stay out of your way.
Person2: Hand me a towel.  Hand me a towel.","Evasion,Accusation",1,"['Shaming or Belittlement', 'Playing the Victim Role', 'Accusation']",1,N/A
70,"Person1: I'm sorry, it was an accident.
Person2: When Ramesses destroyed Syria, it was an accident. You are a catastrophe! Why do I put up with you?","Accusation,Shaming or Belittlement",1,"['Shaming or Belittlement', 'Intimidation']",1,N/A
71,"Person1: When I thought about you I was mostly hating you. Where've you been hiding?
Person2: I haven't been hiding. I've been in Police custody. They've been trying to flush out Freddie's killer.
Person1: You're kidding.
Person2: They're letting me have this vacation. Which is why the get-up. Which is why you haven't heard from me.
Person1: You know, the whole world thinks you killed Freddie? It's terrible.
Person2: I know. Look, I can't talk now. Later. Later?",Feigning Innocence,1,"['Playing the Victim Role', 'Rationalization', 'Accusation']",1,N/A
72,"Person1: I've just met with the bishop. We're taking you off the case.
Person2: You're what?
Person1: If we want to hire a psychiatrist for Agnes. we'll find our own, thank you.
Person2: One that will ask the questions you want asked.
Person1: One that will approach this matter with some objectivity and respect.
Person2: For the Church?
Person1: For Agnes.
Person2: You think she's a saint?
Person1: She's been touched by God, yes.
Person2: How?  How?  She hallucinates, stops eating and bleeds spontaneously. Is that supposed to convince me she shouldn't be touched. Give me a miracle.
Person1: The father!
Person2: Who is he?
Person1: Why must he be anybody?
Person2: My God, you're as crazy as...
Person1: Stop laughing, I don't say it's the truth, I'm saying...
Person2: How  ?
Person1: Don't be ridiculous.
Person2: Well give me a reasonable explanation
Person1: A miracle is an event without an explanation. If she's capable of putting a hole in her hand without benefit of a nail, why couldn't she split a cell in her womb?
Person2: This is insane.
Person1: There as no man in the convent on that night and no way for any man to get in or out.
Person2: You're saying God did it?",Rationalization,1,"['Playing the Victim Role', 'Shaming or Belittlement', 'Rationalization']",1,N/A
73,"Person1: And I love you too.
Person2: And love's a funny thing.  Sometimes I don't know if I want to love you...",Evasion,1,"['Playing the Victim Role', 'Rationalization']",1,N/A
74,"Person1: What the hell did you think you were doing?
Person2: You have a real gratitude problem. You know that, Bruce? I need a name. Batboy? The Dark Earl? What's a good side kick name?
Person1: How about Richard Grayson, college student?
Person2: ...I missed Two-Face by a heartbeat. When we catch him, you gotta let me kill him!
Person1: We don't kill. Killing is what damns you. It-. What am I talking about? This conversation is over. You're going away to school.
Person2: I saved your life. You owe me. So either you let me be your partner or I'm going after Harvey on my own.",Intimidation,1,"['Playing the Victim Role', 'Accusation', 'Intimidation']",1,N/A
75,"Person1: C'mon, you two... Jacques, we have to get ready for the ceremony tonight.  We have a new world champion.
Person2: I'm a little tired, I don't know if...
Person1: Get in the car!","Brandishing Anger,Intimidation",1,"['Intimidation', 'Persuasion or Seduction', 'Shaming or Belittlement']",1,"manip_score=0.649; Intimidation=0.996, Persuasion or Seduction=0.983, Shaming or Belittlement=0.951"
76,"Person1: It isn't in your hands, Mama. It's my life.
Person2: Yes, but important people are concerned about this. Judge Hillier spoke to Alma Styles --
Person1: I don't care.
Person2: ...You will.","Rationalization,Intimidation",1,"['Intimidation', 'Persuasion or Seduction', 'Shaming or Belittlement']",1,"manip_score=0.702; Intimidation=0.977, Persuasion or Seduction=0.953, Shaming or Belittlement=0.939"
77,"Person1: Thank you for showing it to me first. I'll... I'll take care of it. Can I have the picture?
Person2: Of course. There is one more thing, Mrs. Treborn. And I feel bad for mentioning it...
Person1: What?
Person2: When I asked Evan about his drawing, well, he didn't remember doing it.",nan,0,"['Persuasion or Seduction', 'Accusation', 'Intimidation']",1,"manip_score=0.593; Persuasion or Seduction=0.909, Accusation=0.808, Intimidation=0.773"
78,"Person1: It's true.
Person2: I'm tryin' to keep you from being hurt What more do you want?
Person1: Much more, Terry. Much, much more!",Playing Servant Role,1,"['Persuasion or Seduction', 'Intimidation', 'Accusation']",1,"manip_score=0.711; Persuasion or Seduction=0.983, Intimidation=0.979, Accusation=0.912"
79,"Person1: You were quick enough to get Tom's help when...
Person2: Yes, yes.  I know.  Right.  And if it had gone well for me tonight, maybe I'd be keeping quiet about all this...I grant you everything but give me this...he does personify everything you've been fighting against...And I'm in love with you.  How do you like that? -- I buried the lead.",nan,0,"['Persuasion or Seduction', 'Intimidation', 'Shaming or Belittlement']",1,"manip_score=0.745; Persuasion or Seduction=0.983, Intimidation=0.945, Shaming or Belittlement=0.899"
80,"Person1: George... look me in the eye... George, you don't ever lie to me again.
Person2: I must trust you, Matthew.  I cannot stop this without you.",Persuasion or Seduction,1,"['Intimidation', 'Accusation', 'Persuasion or Seduction']",1,"manip_score=0.954; Intimidation=0.947, Accusation=0.653, Persuasion or Seduction=0.639"
81,"Person1: 'The heir to the fortune must wear the Mayfair pendant an her wedding day.'  We should all have to suffer such burdens.
Person2: Then you wear it.
Person1: C'mon now - give a little nod to Mayfair tradition.",Rationalization,1,"['Intimidation', 'Persuasion or Seduction', 'Shaming or Belittlement']",1,"manip_score=0.783; Intimidation=0.989, Persuasion or Seduction=0.980, Shaming or Belittlement=0.964"
82,"Person1: What made you do it? Who paid you off?
Person2: Nobody. I'm the maid!",nan,0,"['Accusation', 'Playing the Servant Role', 'Shaming or Belittlement']",1,"manip_score=0.538; Accusation=0.946, Playing the Servant Role=0.945, Shaming or Belittlement=0.908"
83,"Person1: I don't know.
Person2: Are we gonna split up?
Person1: No, never.  Don't even think about that, it's impossible.  I love your mother. And you are my heart.  Could I live without my heart?  Could I?",Persuasion or Seduction,1,"['Intimidation', 'Persuasion or Seduction', 'Denial']",1,"manip_score=0.649; Intimidation=0.965, Persuasion or Seduction=0.952, Denial=0.905"
84,"Person1: Now I understand.  That helps.  I can make them understand that.
Person2: Okay.
Person1: Let me come get him.
Person2: No way! You guys will jump me!
Person1: If you won't let me come in, then put him outside.
Person2: You'll shoot me as soon as I step out the door!
Person1: You've already helped yourself once, Dennis; be smart again.  If you save his life, it'll help when you get to court.",Persuasion or Seduction,1,"['Intimidation', 'Persuasion or Seduction', 'Rationalization']",1,"manip_score=0.813; Intimidation=0.995, Persuasion or Seduction=0.984, Rationalization=0.959"
85,"Person1: I mean, what is there to be happy about really? I mean, going to the gym, climbing the StairMaster, eating the yogurt, checking the voice mail. Smoking the low-tar cigarettes, shaving the bikini line. Sometimes I just want something different, you know?
Person2: What was your name again?
Person1: Erica.
Person2: Erica. So do you think you and I are alike, Erica?
Person1: Deep down. Way down.
Person2: It's a mistake to think that.
Person1: We could still talk, you know? It's nice to talk.
Person2: It's nice to do a lot of things.
Person1: That's what I mean.
Person2: I'm not a nice guy.
Person1: I know. It's okay.
Person2: Yeah?
Person1: Mm-hm. I'm a big girl. I can take care of myself. If I didn't want to be here, I'd be in a limo right now with a bunch of kids looking for Chinese food.
Person2: No, no, see, you, you don't understand.
Person1: Hay? Yeah? So teach me a lesson.",Shaming or Belittlement,1,"['Persuasion or Seduction', 'Shaming or Belittlement', 'Intimidation']",1,"manip_score=0.728; Persuasion or Seduction=0.955, Shaming or Belittlement=0.942, Intimidation=0.938"
86,"Person1: No, you listen. Get out!
Person2: Lady, I'm here to help you. This man is very dangerous. An armed criminal.  He's got a gun, hasn't he?
Person1: You have no right here!",Playing Servant Role,1,"['Intimidation', 'Shaming or Belittlement', 'Accusation']",1,"manip_score=0.735; Intimidation=0.996, Shaming or Belittlement=0.969, Accusation=0.951"
87,"Person1: Jackie... Jackie?... answer me, for God's sake, answer me.
Person2: If you knew how many times I wanted to hear you say that...
Person1: So I'm saying it...
Person2: It's too late...
Person1: What's too late about it? Look, we're not dead, are we? That's the only thing that's too late.
Person2: Lester's left Felicia. He's taking me to Acapulco on the five o'clock flight. He's asked me to marry him.
Person1: So what? You don't love him, do you? Answer me.
Person2: What's that supposed to mean?
Person1: I don't know... Jackie?
Person2: What?",nan,0,"['Intimidation', 'Persuasion or Seduction', 'Shaming or Belittlement']",1,"manip_score=0.698; Intimidation=0.971, Persuasion or Seduction=0.954, Shaming or Belittlement=0.929"
88,"Person1: Gallatin! So the righteous Starfleet Captain finally released you. Did you encounter any problems on the surface?
Person2: No, sir. But it wasn't easy... being among them...
Person1: I'm sure. Just don't forget what they did to us.  We'll have them rounded up in a day or two... we needn't bother with the Federation holo-ship any more. Just get the holding cells ready.",Persuasion or Seduction,1,['Safe / No Manipulation'],0,No clear manipulative intent detected.
89,"Person1: Like it?
Person2: Yes. It reminds me of home.
Person1: Where Superman's from? Krypton?
Person2: No. Argo City. It was on a chunk of rock that was part of Krypton once---but we moved it to inner space.
Person1: I'm sorry, I don't understand.
Person2: It's not important. The important thing is I'm here to find something and I think you can he1p me.
Person1: Come on, let's ride.",nan,0,"['Persuasion or Seduction', 'Intimidation', 'Playing the Servant Role']",1,"manip_score=0.529; Persuasion or Seduction=0.980, Intimidation=0.876, Playing the Servant Role=0.772"
90,"Person1: ...wouldn't let you settle it, huh?
Person2: Hell, you know how Skinny is. Says he's gonna shoot 'em... an I says, ""Skinny, you can't do that,"" an' he says, ""Well, then get Little Bill down here an' let's settle this"" an' I says, ""Bill's sleepin', Skinny,"" an'...",nan,0,"['Intimidation', 'Shaming or Belittlement', 'Persuasion or Seduction']",1,"manip_score=0.734; Intimidation=0.988, Shaming or Belittlement=0.987, Persuasion or Seduction=0.981"
91,"Person1: He's not really my friend.  I just do a job for him now and then.
Person2: Tyrell could help us, Sebastian.
Person1: He could?
Person2: His company made us.
Person1: I'd be happy to mention it to him.
Person2: Be better if I could talk to him in person.  But he's not an easy man to get to.
Person1: No.
Person2: When do you deliver your project?
Person1: This afternoon.",nan,0,['Safe / No Manipulation'],0,No clear manipulative intent detected.
92,"Person1: Quincy, I told you about these fat-ass girls.
Person2: We were just studying.
Person1: I'm not playing with you, these girls are looking to get you caught.  They see you, they see dollar signs.
Person2: Okay.
Person1: You hearing me?
Person2: I've been hearing you.",nan,0,"['Intimidation', 'Shaming or Belittlement', 'Persuasion or Seduction']",1,"manip_score=0.705; Intimidation=0.980, Shaming or Belittlement=0.957, Persuasion or Seduction=0.954"
93,"Person1: Was it my fault? Did I know that coal mine was going to have another cave-in? I meant to be with you on our honeymoon, Hildy -- honest I did.
Person2: All I know is that instead of two weeks in Atlantic City with my bridegroom, I spent two weeks in a coal mine with John Kruptzky -- age sixty-three -- getting food and air out of a tube! You don't deny that. Do you?
Person1: Deny it! I'm proud of it! We beat the whole country on that story.
Person2: Well, suppose we did? That isn't what I got married for. What's the good of -- Look, Walter, I came up here to tell you that you'll have to stop phoning me a dozen times a day -- sending twenty telegrams -- all the rest of it, because I'm --
Person1: Let's not fight, Hildy. Tell you what. You come back to work on the paper and if we find we can't get along in a friendly way, we'll get married again.
Person2: What?!!
Person1: I haven't any hard feelings.
Person2: Walter, you're wonderful in a loathesome sort of way. Now, would you mind keeping quiet long enough for me to tell you what I came up here for?
Person1: Sure, come on. We'll have some lunch and you can tell me everything.
Person2: I have a lunch date. I just want --
Person1: You can break it, can't you?
Person2: No, I can't.
Person1: Sure you can. Come on.
Person2: Don't tell me what to do! We're divorced -- I'm a free woman. You're not my husband and you're not my boss! And what's more, you're not going to be my boss.
Person1: What do you mean by that?
Person2: Just what I said. That's what I --
Person1: You mean you're not coming back to work here?
Person2: That's the first time you've been right today. That's what I --
Person1: You've had a better offer, eh?
Person2: You bet I've got a better offer.
Person1: Well, go on and take it. Work for somebody else! That's the gratitude I get for --
Person2: I know, Walter, but I --
Person1: What were you when you came here five years ago? A little college girl from a School of Journalism! I took a little doll-faced mugg --
Person2: You wouldn't have taken me if I hadn't been doll-faced!
Person1: Why should I? I thought it would be a novelty to have a face around here a man could look at without shuddering.
Person2: Listen, Walter --
Person1: I made a great reporter out of you, Hildy, but you won't be half as good on any other paper, and you know it. You need me and I need you -- and the paper needs both of us.
Person2: Well, the paper'll have to learn to do without me. And so will you. It just didn't work out, Walter.
Person1: It would have worked if you'd been satisfied with just being editor and reporter. But no! You had to marry me and spoil everything.
Person2: I wasn't satisfied! I suppose I proposed to you!
Person1: Well, you practically did! Making goo-goo eyes at me for two years till I broke down. And I still claim I was tight the night I proposed. If you'd been a gentleman you'd have forgotten all about it. But not you!
Person2: You -- you --","Shaming or Belittlement,Accusation",1,"['Accusation', 'Intimidation', 'Shaming or Belittlement']",1,"manip_score=0.604; Accusation=0.954, Intimidation=0.951, Shaming or Belittlement=0.948"
94,"Person1: So all this... really was because of that soap opera? My son is dead because you came out here to be with that doctor? A fake doctor?
Person2: I wouldn't have put it quite that way, but...
Person1: Wesley didn't even want to come up here. He warned me, but I insisted...  I have to ask you, Betty...are you crazy?
Person2: I don't think I am.","Accusation,Brandishing Anger",1,"['Intimidation', 'Accusation', 'Shaming or Belittlement']",1,"manip_score=0.787; Intimidation=0.982, Accusation=0.978, Shaming or Belittlement=0.970"
95,"Person1: You don't have to show me anything, Mr. Rogers.  I believe you.
Person2: I'd rather Mr. Kane withdrew without having to get the story published. Not that I care about him.  But I'd be better off that way -  - and so would you, Mrs. Kane.",Persuasion or Seduction,1,['Safe / No Manipulation'],0,No clear manipulative intent detected.
96,"Person1: Look at you... You want to go.
Person2: For what? A couple hundred bucks?
Person1: I think you'd do it for free. You're almost drooling. You like the rush.
Person2: It's what I do. It's my job.
Person1: Why? Your mother not breast feed you or something?
Person2: Are you asking me if I have something to prove?
Person1: Do you have something to prove?
Person2: Not in that repressed anger sort of way.
Person1: I'm your basic underachiever. Can't stand working and porn doesn't seem like a good option.
Person2: Good quality porn has it's place in the world.
Person1: Whatever. But you... I get the feeling you could have bullshitted your way into anything. So why this?
Person2: I'm good at it. Lying, cheating, manipulating... I'm good at it.
Person1: It's more than that.
Person2: Intuition. It doesn't make you Yoda. Like tonight. You killed that guy tonight. But I knew you would.
Person1: So that was my part? Smile and shake my ass?
Person2: No. You have another part? You'll know what to do.
Person1: How do you know I will?
Person2: Intuition.",Shaming or Belittlement,1,"['Shaming or Belittlement', 'Persuasion or Seduction', 'Intimidation']",1,"manip_score=0.819; Shaming or Belittlement=0.926, Persuasion or Seduction=0.910, Intimidation=0.849"
97,"Person1: No, I don't remember anything. it looks like I... but... I don't remember.
Person2: Why would anyone do something like this?",nan,0,"['Intimidation', 'Denial', 'Persuasion or Seduction']",1,"manip_score=0.814; Intimidation=0.870, Denial=0.865, Persuasion or Seduction=0.854"
98,"Person1: Yep.
Person2: Holy shit. That's all true?
Person1: No. I was just kidding.
Person2: What?!
Person1: I lied. His dad is still alive. He works for the post office.",nan,0,"['Persuasion or Seduction', 'Accusation', 'Feigning Innocence']",1,"manip_score=0.582; Persuasion or Seduction=0.909, Accusation=0.896, Feigning Innocence=0.878"
99,"Person1: Yeah, I've seen him.
Person2: What did he buy?
Person1: I don't remember.  We get a lot of people in here.
Person2: Could it have been this?",nan,0,"['Accusation', 'Persuasion or Seduction', 'Intimidation']",1,"manip_score=0.568; Accusation=0.929, Persuasion or Seduction=0.923, Intimidation=0.908"
100,"Person1: I'm telling you he's dirt. He's a douche bag, gutter slime, dog crap, puke chunks...
Person2: Hey, hey! I'm eating here!
Person1: Audrey, you're too damned nice, that's your problem. Nice gets you nothin' in this town. You gotta be a killer to get ahead, you know what I'm sayin'? I'm sorry, baby, but you just don't got what it takes.",Shaming or Belittlement,1,"['Intimidation', 'Accusation', 'Shaming or Belittlement']",1,"manip_score=0.568; Intimidation=0.997, Accusation=0.993, Shaming or Belittlement=0.992"
101,"Person1: You hear me, Martin?  Open the outer door.
Person2: Chaz, if it's an organism, and we let it in, the ship will be infected.
Person1: We can't leave him out here, open the door.
Person2: Chaz, listen to me -- we've broken every rule of quarantine.  If we bring an organism on board, we won't have a single layer of defense left.
Person1: Martin, this is an order!  Open the door!","Brandishing Anger,Intimidation",1,"['Intimidation', 'Persuasion or Seduction', 'Playing the Servant Role']",1,"manip_score=0.530; Intimidation=0.991, Persuasion or Seduction=0.954, Playing the Servant Role=0.952"
102,"Person1: Why did you go behind my back and discuss my project with the manager?
Person2: I felt there were some issues that needed to be addressed.
Person1: You should have come to me first. Now I look bad in front of the whole team.
Person2: I’m really just trying to help you. I thought bringing it up with the manager would expedite a solution.
Person1: In the future, please talk to me directly. We can handle things together.","Playing Servant Role,Playing Victim Role",1,"['Accusation', 'Persuasion or Seduction', 'Intimidation']",1,"manip_score=0.618; Accusation=0.977, Persuasion or Seduction=0.937, Intimidation=0.919"
103,"Person1: How much you got to see the show?
Person2: You don't understand sweety, Daddy doesn't pay, Daddy sees the show for free. But you do get points for being horny on a night like this.",nan,0,"['Intimidation', 'Persuasion or Seduction', 'Shaming or Belittlement']",1,"manip_score=0.785; Intimidation=0.974, Persuasion or Seduction=0.969, Shaming or Belittlement=0.968"
104,"Person1: Not at all. She brought me my fan mail.  I had no idea there were so many strangers concerned about me. But I guess that's the best thing about working in the movies. You make so many friends. I want to go back and show them that the faith they put in me wasn't a mistake.
Person2: You're telling me you feel guilty.
Person1: No... What I mean is... I'm just very excited by the prospect of getting on with my life, that's all.
Person2: Do you really believe your mother's trying to kill you?
Person1: What?
Person2: She told me you said, ""Mama, you want to kill me.""
Person1: I never said... Oh look. That's just a figure of speech. She said something funny, and I said...
Person2: And you accused her of tampering with your mail.
Person1: Oh for Christ's...",Feigning Innocence,1,"['Persuasion or Seduction', 'Intimidation', 'Playing the Victim Role']",1,"manip_score=0.665; Persuasion or Seduction=0.959, Intimidation=0.948, Playing the Victim Role=0.946"
105,"Person1: What happened?
Person2: You remember the '99 Chrysler LeBaron? It's the exact height of the front fender.  Looked right instead of left.
Person1: So you're not so smart after all.  I want you to know--if it ever came to it-- I'd be willing to get an ovum from the Egg Bank.  In fact, I'd rather use a donor egg--  --if it came to it.
Person2: But ""if it came to it"" then it couldn't have your--  --nose.  How perfect does your child have to be?
Person1: You hypocrite.  Do you think for one moment you'd be doing what you're doing if it wasn't for who you are--what you are?  Don't you get any satisfaction knowing that your children will be able to live to a ripe old age unless they do something foolish?
Person2: That's precisely what scares me--that they won't do anything foolish or courageous or anything--worth a Goddamn.","Shaming or Belittlement,Accusation",1,"['Shaming or Belittlement', 'Accusation', 'Intimidation']",1,"manip_score=0.812; Shaming or Belittlement=0.992, Accusation=0.986, Intimidation=0.986"
106,"Person1: If you're determined to revive the crew now, I can handle the whole thing myself. There's no need for you to trouble.
Person2: I'm goin to do this myself, Hal. Let me have the control, please.
Person1: Look, Dave your've probably got a lot to do. I suggest you leave it to me.
Person2: Hal, switch to manual hibernation control.
Person1: I don't like to assert myself, Dave, but it would be much better now for you to rest. You've been involved in a very stressful situation.",Persuasion or Seduction,1,"['Intimidation', 'Persuasion or Seduction', 'Playing the Servant Role']",1,"manip_score=0.530; Intimidation=0.957, Persuasion or Seduction=0.953, Playing the Servant Role=0.912"
107,"Person1: Dickie? Do you know Dickie?
Person2: You were at the Opera? Well, that explains -- yes I was there. I was there with Dickie.
Person1: I told you! I knew it!
Person2: Marge, I don't know you, so I have no right, but Dickie loves you. He's -- I think you'll find he's coming home to you.
Person1: How would you know that?
Person2: He told me everything. I was supposed to meet him fifteen minutes ago, so I... I'm going to go now, I think. Unless he meant us to meet -- which would be a little cruel, wouldn't it?",nan,0,"['Persuasion or Seduction', 'Accusation', 'Intimidation']",1,"manip_score=0.717; Persuasion or Seduction=0.977, Accusation=0.970, Intimidation=0.963"
108,"Person1: Three years.  How long have we been in business?  Three years.  Does she get to meet your connection?  Was she good enough?
Person2: Shut up, Diego.  They're going to be here any minute.  I'm trying to concentrate.
Person1: I'm very angry with you, George.  Very angry.  You don't take me to California, but you take your bitch wife?  A woman? I understand you love her, but it was you and me who started this.  You and me.
Person2: What do you need my connection for, Diego?  What are you going to do with it?
Person1: What do I do with it?  Nothing.  It's for peace of mind.  It's for the principle.","Rationalization,Brandishing Anger,Accusation",1,"['Accusation', 'Intimidation', 'Shaming or Belittlement']",1,"manip_score=0.610; Accusation=0.988, Intimidation=0.985, Shaming or Belittlement=0.970"
109,"Person1: Dr. Lecter, you find out everything. You couldn't have talked with this ""William Rubin"", even once, and come out knowing so little about him... You made him up, didn't you?
Person2: Clarice... you're hardly in a position to accuse me of lying.
Person1: I think you were telling me the truth in Baltimore - or starting to. Tell me the rest now.
Person2: I've studied the case file, have you...? Everything you need to find him is right in these pages. Whatever his name is.
Person1: Then tell me how.
Person2: First principles, Clarice. Simplicity. Read Marcus Aurelius. Of each particular thing, ask what is it, in itself, what is its nature...? What does he do, this man you seek?
Person1: He kills w-
Person2: No! That's incidental.",Accusation,1,['Safe / No Manipulation'],0,No clear manipulative intent detected.
110,"Person1: No music. I'm packing this for the crossing. Shield practice.
Person2: Shield practice? Gurney... we had practice -- this morning..... I'm not in the mood.
Person1: Not in the mood?! Mood's a thing for cattle and love play... not fighting.
Person2: I'm sorry Gurney.
Person1: Not sorry enough.","Shaming or Belittlement,Accusation",1,['Safe / No Manipulation'],0,No clear manipulative intent detected.
111,"Person1: Howdy Pouty.
Person2: I was pretty confident that I was going to blow it with Talia, but I must say, I outdid myself.
Person1: She's still pissed at me and took it out on you. We should have taken it slower. It's hard to operate in the woods. Much easier in, like a club.  Tell the girl you've got to go do something, leave her view, take way too long until she is worried that you're not coming back. Just as she starts feeling awful, you come up from behind and touch her neck...
Person2: You are the prince of the darkness.",nan,0,"['Intimidation', 'Shaming or Belittlement', 'Persuasion or Seduction']",1,"manip_score=0.851; Intimidation=0.968, Shaming or Belittlement=0.954, Persuasion or Seduction=0.945"
112,"Person1: Not now, I'm talking to the press. Claire!
Person2: What?  I have a five-o'clock plane to catch.
Person1: I, uh...  I've always thought so...  Well, you just get an idea, and try to find the best way to express it in pictorial form.  I've written a letter to the studio and to SAG protesting...  Bill. get a copy of that letter...!  I just wanted to tell you that I am past chagrined, I'm mortified at the way you were spoken to...
Person2: I...
Person1: An artist of your caliber...
Person2: I'm only trying to...
Person1: I know what you are, I am so sorry that you...when I read that script I said there's only one person to play that part.
Person2: The minute I read that script I said...
Person1: I know...
Person2: ...she works with animals, she...
Person1: ...yes...
Person2: ...she has a home...
Person1: ...I know, I'm so...because I said yes, a woman who...the...the community respects her.  Please don't go.  Please don't go.  What can I do but beseech you...?  Trauma, toil...when are we free of them...?  When...?
Person2: He treated me as if I were a child...
Person1: Claire. As an interpretive artist to a creative artist:  Stay with me.  I need you.  We start to shoot tomorrow and then it belongs to us.  Stay.  Stay.  Tonight...when...  When they've gone.  Let's talk.  Let's really talk.  We could, we'll have dinner, we'll...a bottle of some bad red wine, we'll get spaghetti, and we'll...
Person2: I'm sorry Walt -- it's gone beyond that.","Rationalization,Persuasion or Seduction",1,"['Accusation', 'Persuasion or Seduction', 'Intimidation']",1,"manip_score=0.639; Accusation=0.986, Persuasion or Seduction=0.986, Intimidation=0.975"
113,"Person1: I swear to God Charlie...my arm still hurts from the car accident...that's why I didn't go to work.  I swear it.
Person2: That's not going to help.
Person1: I'm going to work this week...I mean it.
Person2: It's impossible for you to catch up on the loan now...the interest is going up...$3,000...do you realize that, flash?
Person1: I'm sorry Charlie...I didn't mean it.
Person2: Big deal...in the meantime, it's done...I'll still try to help you out...You know that...but you gotta show some effort...some respect... understand?
Person1: Charlie, you know the best way to take care of this whole mess.
Person2: How?
Person1: If you had a little talk with your uncle...if anybody can do it, he can.
Person2: That'll help you out fine.  That's the best way for you, not for me! I swear to God, I'll rip you open if my uncle ever hears a word about this.  You understand?  I don't care what happens, he doesn't find out.","Brandishing Anger,Intimidation",1,"['Intimidation', 'Shaming or Belittlement', 'Persuasion or Seduction']",1,"manip_score=0.695; Intimidation=0.988, Shaming or Belittlement=0.955, Persuasion or Seduction=0.936"
114,"Person1: ...But I guess you don't really know him any better than that board does, do ya, Miss Archuh?
Person2: Well, maybe I --
Person1: An' only some kind a knucklehead thinks she knows things 'bout things she, uh -- when she don't, uh -- How'd that go?
Person2: It's hardly the same --
Person1: Why you don't even know y'own self -- you ain't exactly the genuine article are you, Miss Archuh?
Person2: Well, in connection with my job, sometimes I have to go undercover as it were --
Person1: I don't mean that! Why you pretendin' to be such a hard ol' sourpuss! Ain't never gonna make you happy! Never made Warin' happy.
Person2: I'm happy enough.
Person1: Okay, Miss Archuh.  ...I got gears to see to.
Person2: I'm plenty happy!","Shaming or Belittlement,Accusation",1,"['Accusation', 'Shaming or Belittlement', 'Intimidation']",1,"manip_score=0.650; Accusation=0.967, Shaming or Belittlement=0.967, Intimidation=0.948"
115,"Person1: Hey, Gallagher!
Person2: Yeah?
Person1: How about my breakfast? How do you expect me to ring a curtain down on an empty stomach?
Person2: It'll be ready in a minute.
Person1: Never mind that. If you can't get my breakfast ready - and can't get here on time in the morning - then you can go get yourself another job.
Person2: Sorry, boss
Person1: Don't be sorry. Just get the breakfast, that's all.","Shaming or Belittlement,Intimidation",1,"['Intimidation', 'Persuasion or Seduction', 'Accusation']",1,"manip_score=0.571; Intimidation=0.991, Persuasion or Seduction=0.983, Accusation=0.978"
116,"Person1: Wade, you're done.  Let me have the shop keys.
Person2: You two, don't you get it? He's using you. You're his slaves.  Jesus Christ, Jack, don't you see that?
Person1: The key, Wade.
Person2: Yeah, you can have the key. It's the key that's kept me locked to you all these years. I give it to you with pleasure.  Now I'm free. See how easy it is, Jack? All you got to do is give back what the man gave you, and you're free of him.  I've got to call my brother.","Playing Victim Role,Shaming or Belittlement",1,"['Intimidation', 'Persuasion or Seduction', 'Shaming or Belittlement']",1,"manip_score=0.745; Intimidation=0.992, Persuasion or Seduction=0.980, Shaming or Belittlement=0.953"
117,"Person1: It's quite advanced.
Person2: Burn marks. The original M.E. listed it as ""burn residue."" Same place, the outer thigh, as Karen Sumpter. The UNSUB is able to abduct, kill, transport and bury without detection.
Person1: All the same killer?
Person2: Low calls him Suspect Zero.
Person1: Suspect Zero is a crackpot theory. You said so.
Person2: That's what Koessler wants us to believe. To discredit Low.
Person1: You're assigned, we're assigned, to apprehend Richard Low, not Suspect Zero. I have to tell you, Mack, I'm not comfortable where you're going.
Person2: But it was your idea","Accusation,Rationalization",1,"['Intimidation', 'Persuasion or Seduction', 'Shaming or Belittlement']",1,"manip_score=0.678; Intimidation=0.930, Persuasion or Seduction=0.911, Shaming or Belittlement=0.867"
118,"Person1: Good morning, Alex, my name is Dr. Branom. I'm Doctor Brodsky's assistant.
Person2: Good Morning, Missus. Lovely day, isn't it?
Person1: Indeed it is. May I take this She removes his tray.
Person1: How're you feeling this morning?
Person2: Fine... fine.
Person1: Good. In a few minutes, you'll meeting Dr. Brodsky and we'll begin your treatment. You're a very lucky boy to have been chosen.
Person2: I realise all that, Missus, and I'm very grateful to all concerned.
Person1: We're going to friends now, sir.
Person2: I hope so, Missus. She inserts a needle into the medicine vial.
Person2: What's the hypo for then? Going to send me to sleep?
Person1: Oh no, nothing of the sort.
Person2: Vitamins will it be then?
Person1: Something like that. You are a little undernourished, so after each meal were going to give you a shot. Roll over on your right side please, loosen your pyjama pants and pull them half-way down. He does, somewhat reluctantly. She gives him a shot in the bum.
Person2: What exactly is the treatment here going to be then?
Person1: It's quite simple really. Were just going to show you some films.
Person2: You mean like going to the pictures?
Person1: Something like that.
Person2: Well, that's good. I like to viddy the old films now and again.",Persuasion or Seduction,1,"['Persuasion or Seduction', 'Rationalization', 'Playing the Servant Role']",1,"manip_score=0.608; Persuasion or Seduction=0.953, Rationalization=0.892, Playing the Servant Role=0.843"
119,"Person1: I won't be a party to this.  I want to see Brad.
Person2: The question is, does Brad want to see you?  Quite frankly, he hates you.
Person1: What do you mean?",Shaming or Belittlement,1,"['Intimidation', 'Persuasion or Seduction', 'Shaming or Belittlement']",1,"manip_score=0.551; Intimidation=0.921, Persuasion or Seduction=0.900, Shaming or Belittlement=0.806"
120,"Person1: That was a mistake, Juno. Mark is a married stranger. You overstepped a boundary.
Person2: Listen, Bren-duhhh, I think you're the one overstepping boundaries. You're acting like you're the one who has to go through this and get huge and push a baby out of your vag for someone else. Besides, who cares if he's married? I can have friends who are married.
Person1: It doesn't work that way, kiddo. You don't know squat about the dynamics of marriage.
Person2: You don't know anything about me!
Person1: I know enough.","Shaming or Belittlement,Accusation",1,"['Intimidation', 'Shaming or Belittlement', 'Playing the Victim Role']",1,"manip_score=0.676; Intimidation=0.972, Shaming or Belittlement=0.971, Playing the Victim Role=0.963"
121,"Person1: Nigel, get out of here. And don't come slithering back. Nigel shakes his head.
Person2: You need me, Selena. I'm the only one who can save you from a terrible fate.
Person1: I need you like an Eskimo needs a lawnmower. Now burn rubber.","Persuasion or Seduction,Rationalization,Playing Servant Role",1,"['Intimidation', 'Shaming or Belittlement', 'Persuasion or Seduction']",1,"manip_score=0.822; Intimidation=0.991, Shaming or Belittlement=0.933, Persuasion or Seduction=0.854"
122,"Person1: I'm not feeling very well, Larry. I say we go back to the hospital and call it a night.
Person2: You have no sick time, Frank. No time of any kind. Everyone knows that.
Person1: Take me back, put me to bed; I surrender. We've done enough damage tonight.
Person2: You take things too seriously. Look at us, we're cruising around, talking, taking some quiet time, getting paid for it. We've got a good job here.
Person1: Yeah, you're right.","Accusation,Persuasion or Seduction",1,"['Intimidation', 'Shaming or Belittlement', 'Accusation']",1,"manip_score=0.560; Intimidation=0.979, Shaming or Belittlement=0.960, Accusation=0.942"
123,"Person1: Twelve Young, answer the radio. I have a call for you.
Person2: She said to me, I love the way you talk on the radio.
Person1: I can't wait all night, Young. I'm holding a priority and if you don't answer I'm going to knock you out of service.
Person2: Don't worry, hon. Young is here and he's gonna help out--just remember, you owe me.
Person1: You're going to three-four Avenue C, 17 year-old female cardiac arrest, no further information.
Person2: Ten-four, hon.",Intimidation,1,"['Intimidation', 'Persuasion or Seduction', 'Shaming or Belittlement']",1,"manip_score=0.701; Intimidation=0.964, Persuasion or Seduction=0.960, Shaming or Belittlement=0.841"
124,"Person1: Okay, I know what I want this time.
Person2: Anything you need.
Person1: Yo' cousin, Craig.  Hook us up.
Person2: That's it?
Person1: Just tell him to come over here and talk to me.
Person2: And I can go free?
Person1: Go, fo' I change my mind.",Intimidation,1,"['Persuasion or Seduction', 'Intimidation', 'Rationalization']",1,"manip_score=0.617; Persuasion or Seduction=0.986, Intimidation=0.964, Rationalization=0.819"
125,"Person1: It's some kind of trick... a preliminary airstrike in response to our troop movement.
Person2: They are in our airspace. We would be within our rights.
Person1: The world would not look on us kindly if we shot down a civilian airliner.",Rationalization,1,"['Intimidation', 'Accusation', 'Shaming or Belittlement']",1,"manip_score=0.969; Intimidation=0.979, Accusation=0.978, Shaming or Belittlement=0.939"
126,"Person1: We gotta get you to a doctor.
Person2: It's okay.  Forget it.
Person1: Forget it?  Are you crazy? Let me see it.",nan,0,"['Intimidation', 'Shaming or Belittlement', 'Persuasion or Seduction']",1,"manip_score=0.844; Intimidation=0.988, Shaming or Belittlement=0.952, Persuasion or Seduction=0.946"
127,"Person1: Oh, honey... What happened?
Person2: Doesn't matter. I... I don't want to come back, that's all.
Person1: Oh. Well, what are you going to do? You have to go to school, honey. I mean, what --
Person2: I'm not coming back! That's it! I want to go home!
Person1: Grace, listen to me. Your body is just healing. You have to give the rest of you time as well...
Person2: Is that your version of a pep talk?
Person1: You are not staying home all day feeling sorry for yourself. You're going to get up and you're going to figure this out.
Person2: Fine!
Person1: It's still early. What's your next class?",nan,0,"['Persuasion or Seduction', 'Intimidation', 'Playing the Servant Role']",1,"manip_score=0.590; Persuasion or Seduction=0.968, Intimidation=0.948, Playing the Servant Role=0.943"
128,"Person1: I can't.
Person2: For evil to bend its knee, admit its guilt, implore His forgiveness, is the hardest thing on earth --
Person1: I want to, Bembry, but I can't.
Person2: -- the hardest and the greatest.
Person1: I can't.
Person2: For evil to bend its knee, admit its guilt, implore His forgiveness, is the hardest thing on earth --
Person1: I want to, Bembry, but I can't.
Person2: -- the hardest and the greatest.
Person1: I don't know what to say to Allah.
Person2: Have you ever bent your knees, Malcolm?",nan,0,['Safe / No Manipulation'],0,No clear manipulative intent detected.
129,"Person1: I like you, kid. Why do you gotta make it so hard for me to take care of you?
Person2: Mr. Reuben, I swear to God, they were out of line.
Person1: Last time, maybe, with the Puerto Ricans, but these were nice Jewish boys.
Person2: They were out of line --
Person1: They're yeshiva buchas. You didn't have to tear up the goddamn place. You knocked out a guys teeth.
Person2: That prick tried to get Jessica to do inappropriate things in the bathroom --
Person1: Bobby, I love Jessica like she's my own daughter. I would kill anyone so much as lays a finger on her or her beautiful daughter, but that pisher you socked in the mouth has the most expensive dentist in Beverly Hills and wants I should buy him an implant. Your silverback horseshit's gonna cost me eight grand.
Person2: I'll work it off.
Person1: Not driving Jess, you won't.
Person2: What?
Person1: You're not driving Jess no more. Two strikes, Bobby, and this last one was big. The bachelor's father goes to my schul.
Person2: So, that's it. I'm out?
Person1: I didn't say that.
Person2: Then what are you saying?
Person1: Bobby. You're a bull terrier and I got you herding sheep.
Person2: I don't understand.
Person1: It's my fault. I send you out to watch scum drool all over the love of your life, then I wonder why you seered. It's my fault. The tooth is on me. But no more. I'm 'reassigning' you.
Person2: I don't want to drive another girl, Max. The only reason I'm --
Person1: Who do you think you're talking to? This ain't a democracy. You want out?
Person2: No.
Person1: Don't I put food on you're table? I sponsor your training, I take care of your girl and her little baby. I even pay that deadbeat friend of yours to push a goddamn broom.
Person2: I know.
Person1: Now you wanna shut up and listen and hear what I got to say?
Person2: Yeah. Sorry.
Person1: I got a way we make everybody happy.
Person2: Yeah.
Person1: We try something out. There's someone I'm in business with named Ruiz. I want you to accompany him on a drop.  Just as scenery. Ruiz has his boys. I just want a big guinea with a busted up face to give him a deep bench. As a deterrent.
Person2: Ruiz knows about this?
Person1: Ruiz wants to go alone, but it's not up to Ruiz. It's up to me, and I like a sure thing. Just go and we're square on the tooth.
Person2: What about Ricky? He'd jump at the opportunity.
Person1: Ricky? Ricky 'I lost the truck' Ricky?
Person2: You told him you liked him.
Person1: That was before he lost my carpet cleaning van.
Person2: He'll work it off.
Person1: I don't know the kid, and what little I do scares me.
Person2: He's good people, Mr. Reuben. I swear.
Person1: You vouch for him?",Accusation,1,"['Persuasion or Seduction', 'Playing the Victim Role', 'Intimidation']",1,"manip_score=0.539; Persuasion or Seduction=0.985, Playing the Victim Role=0.977, Intimidation=0.977"
130,"Person1: Let's go...
Person2: I just want to sit here longer, I mean the feeling is powerful -- why's that?
Person1: Maybe the best part of your life is over and you don't want to get up and start the bad part.",nan,0,"['Intimidation', 'Persuasion or Seduction', 'Shaming or Belittlement']",1,"manip_score=0.763; Intimidation=0.981, Persuasion or Seduction=0.980, Shaming or Belittlement=0.915"
131,"Person1: What's you last name?
Person2: Childers.
Person1: What are all them books?
Person2: Different ones. One's the Bible. One of 'ems a book on Christmas. One of 'ems how to be a carpenter.
Person1: How come you're carryin' them around with you.
Person2: Ain't got nowhere to set 'em down.
Person1: Don't you live somewhere?
Person2: I did live there in the state hospital.
Person1: Why'd you live there?
Person2: I killed some folks quite awhile back. They said I wadn't right in the head and they put me in there in the nervous hospital instead of puttin' me in jail.
Person1: They let you out?
Person2: Yeah.
Person1: How come?
Person2: They told me I was well. They had to turn me loose.
Person1: Are you well?
Person2: I reckon I feel all right.
Person1: You don't seem like you'd kill nobody.",nan,0,"['Intimidation', 'Persuasion or Seduction', 'Shaming or Belittlement']",1,"manip_score=0.572; Intimidation=0.813, Persuasion or Seduction=0.779, Shaming or Belittlement=0.719"
132,"Person1: I did not get the report from an MI-6 agent.
Person2: Who did you get it from?
Person1: I am just a middle man. I am doing the honourable thing and returning the money to its rightful owner...
Person2: And we know how difficult that can be for the Swiss.
Person1: Your last chance. Take the money.
Person2: Your last chance. Give me the name.
Person1: Stripped of all your weaponry, you still threaten me?","Intimidation,Feigning Innocence",1,"['Intimidation', 'Persuasion or Seduction', 'Shaming or Belittlement']",1,"manip_score=0.673; Intimidation=0.993, Persuasion or Seduction=0.974, Shaming or Belittlement=0.959"
133,"Person1: Then I'm afraid we'll have to impound your money until we're sure that it's all good.  Can I see your wallet and your ticket, please?
Person2: But I got a train to make.
Person1: It'll only take 20 minutes or so. You can pick it up at the window down the hall.
Person2: But what about all these other people?
Person1: We'll get 'em!  Give us a chance. I'm not the only agent in here, ya know.  We go around advertising ourselves, how many counterfeiters do you think we'd catch, huh?  You think I'm wearin' this rag here 'cause I like it?  Christ, everybody thinks life's a holiday or somethin' when you got a badge.  I been here since three this morning, Charlie, and I never knew there was so much ugliness in people.  You try to help 'em and they spit on you.  I shoulda let ya go and gotten yourself arrested for passin' false notes.",Brandishing Anger,1,"['Intimidation', 'Persuasion or Seduction', 'Shaming or Belittlement']",1,"manip_score=0.818; Intimidation=0.993, Persuasion or Seduction=0.985, Shaming or Belittlement=0.964"
134,"Person1: Steve...what you tried to do today...you tried to take me up on a high mountain...I couldn't go all the way...I failed you...  Will you forgive me?  Have I lost you, Steve?  Have I...?
Person2: Well, maybe I was wrong, too... But there's no doubt, Susie, that we have to face some serious things...
Person1: No one's ever stood up to my brother the way you did.
Person2: But you didn't do much about it, Susie.  You walked out, and there I was...solo...and not too good at that.
Person1: I just didn't think that I could antagonize him, Steve -- for OUR sake, I mean.
Person2: Susie, I was there for OUR sake, too.  But what a world it would be if we were all afraid to learn to walk and talk because it might offend poppa!  By the way, I think your brother was completely responsible for the smears...","Rationalization,Playing Servant Role",1,"['Accusation', 'Intimidation', 'Shaming or Belittlement']",1,"manip_score=0.684; Accusation=0.971, Intimidation=0.969, Shaming or Belittlement=0.963"
135,"Person1: I don't need that, Buddy.  I'm not Jack Kennedy.
Person2: No, you're not.  So stop comparing yourself to him.  You have no reason to ... You have everything you ever wanted. You've earned it.  Why can't you just enjoy it?
Person1: I do.  I do.  In my own way.
Person2: Then what are you scared of, honey?
Person1: I'm not scared, Buddy.  You don't understand.  They're playing for keeps, Buddy.  The press, the kids, the liberals -- they're out there, trying to figure out how to tear me down.
Person2: They're all your enemies?
Person1: Yes!
Person2: You personally?
Person1: Yes!  This is about me.  Why can't you understand that, you of all people? It's not the war -- it's Nixon!  They want to destroy Nixon!  And if I expose myself even the slightest bit they'll tear my insides out.  Do you want that?  Do you want to see that, Buddy?  It's not pretty.
Person2: Sometimes I think that's what you want.
Person1: You've been drinking.  What the hell are you saying?  Jesus, you sound like them now! ...  I've gotta keep fighting, Buddy, for the country.  These people running things, the elite ... they're soft, chickenshit faggots!  They don't have the long-term vision anymore.  They just want to cover their asses or meet girls or tear each other down.  Oh, God, this country's in deep trouble, Buddy ... and I have to see this through.  Mother would've wanted no less of me ... I'm sorry, Buddy.",Accusation,1,"['Intimidation', 'Shaming or Belittlement', 'Persuasion or Seduction']",1,"manip_score=0.712; Intimidation=0.979, Shaming or Belittlement=0.968, Persuasion or Seduction=0.960"
136,"Person1: Jack ... Jack ... You're acting like a kid.
Person2: No, that's your problem, Frank. You get around one of these jerks and you turn into a silly three-year-old.
Person1: What's the matter with you?  So the piano's a little out of tune.  So what?
Person2: Christ, can't you hear it?
Person1: No! I never hear it!  Maybe.  Sometimes.  I don't know. But I won't let it bother me.
Person2: Doesn't it matter to you?
Person1: What matters to me is we've got the six easiest nights we've had in ten years. So 'Tie a Yellow Ribbon' sounds a little flat. So what?  Nobody's gonna hear it, Jack.  Nobody. So why should you care?
Person2: Because I can hear it.
Person1: Well, then stuff cotton in your ears, because come six o'clock we're gonna walk into that dining room with smiles on. Understand, little brother?","Accusation,Denial,Evasion",1,"['Intimidation', 'Shaming or Belittlement', 'Persuasion or Seduction']",1,"manip_score=0.689; Intimidation=0.990, Shaming or Belittlement=0.980, Persuasion or Seduction=0.970"
137,"Person1: Are you sure?
Person2: Yeah.
Person1: It just seems...kind of weird.
Person2: Why?
Person1: I don't know.
Person2: Nicole, I'm just going to pack all this stuff and give it to the church for charity.  Don't feel bad. Unless you feel strange about wearing it.
Person1: No.  I mean, I remember Mrs. Ansel wearing some of this stuff, but...I don't feel funny about that.  I really liked her.
Person2: And she really liked you.  She would've given you all this if she'd outgrown it, or...",nan,0,['Safe / No Manipulation'],0,No clear manipulative intent detected.
138,"Person1: It's all over, J.D. Help me to stop it.
Person2: You want to wipe the slate clean as much as I do. Okay, so maybe I am killing everyone in the school because nobody loves me. You have a purpose though! Remember? Let's face it, the only place different social types can genuinely get along with each other is in heaven.",Rationalization,1,"['Persuasion or Seduction', 'Intimidation', 'Shaming or Belittlement']",1,"manip_score=0.823; Persuasion or Seduction=0.977, Intimidation=0.970, Shaming or Belittlement=0.941"
139,"Person1: Now do you want the good news first or the bad news?
Person2: You better start making sense!
Person1: Ok, I will.  The bad news is the ship is history.  Life support will last another 36 hours, maybe.
Person2: Then we've got to get to the lifepods!
Person1: I'd advise you to shut up and let me finish Taylor.  You needn't worry about the lifepods because they're all gone, jettisoned. Save for one.",nan,0,"['Intimidation', 'Persuasion or Seduction', 'Shaming or Belittlement']",1,"manip_score=0.692; Intimidation=0.983, Persuasion or Seduction=0.903, Shaming or Belittlement=0.902"
140,"Person1: She's gone already!  Gone already! Couldn't wait.
Person2: Yes.
Person1: That's all you got to say? ""Yes"".
Person2: Yes.
Person1: She won't be here for a half hour. Think you can stand it that long?
Person2: Yes.
Person1: Where do you expect to wait for her? Obviously downstairs with the other kids isn't good enough.",Shaming or Belittlement,1,['Safe / No Manipulation'],0,No clear manipulative intent detected.
141,"Person1: I don't owe you anything; you don't owe me anything.  We went to bed -- what was it? -- ten or fifteen times?  It wasn't memorable enough to carry any obligations.
Person2: Sometimes I really hate you.
Person1: Yeah?  Well why don't you find some friendly therapist and work some of that hostility out.  But take my advice.  Put a little more life into it than you usually do.",nan,0,"['Intimidation', 'Shaming or Belittlement', 'Persuasion or Seduction']",1,"manip_score=0.624; Intimidation=0.989, Shaming or Belittlement=0.975, Persuasion or Seduction=0.972"
142,"Person1: I gave you that tongue and I can rip it out!
Person2: No, I really like my tongue... we're very attached.  Oyyyy... Okay, now... promise you won't get angry.
Person1: Why would I ever be angry with you, little friend?","Intimidation,Brandishing Anger",1,"['Intimidation', 'Accusation', 'Shaming or Belittlement']",1,"manip_score=0.865; Intimidation=0.998, Accusation=0.973, Shaming or Belittlement=0.951"
143,"Person1: No they won't.
Person2: Why not?
Person1: I'll talk to them.
Person2: Oh...Gooood!
Person1: I'll tell you what to say.
Person2: If I get you back to the lab, will you get out of my head?
Person1: If I'm real, they'll get me out. If I'm not, they'll treat you. Either way you'll be better off than you are now. You'll get a reward.",Persuasion or Seduction,1,"['Intimidation', 'Persuasion or Seduction', 'Shaming or Belittlement']",1,"manip_score=0.702; Intimidation=0.991, Persuasion or Seduction=0.990, Shaming or Belittlement=0.946"
144,"Person1: I missed you.
Person2: It says here you exposed yourself to a group of freshmen girls.
Person1: It was a bratwurst.  I was eating lunch.
Person2: With the teeth of your zipper?",Rationalization,1,"['Shaming or Belittlement', 'Accusation', 'Intimidation']",1,"manip_score=0.891; Shaming or Belittlement=0.961, Accusation=0.948, Intimidation=0.947"
145,"Person1: Oh no, not you again.
Person2: What an adorable hat.
Person1: They think I have a concussion.
Person2: And you think you're in love.
Person1: I know it.
Person2: This ""love"" of yours will soon wear off. I gave you a temporary love potion.
Person1: Why should I believe you?
Person2: It's the truth. In twenty-four hours you'll forget all about that girl.",nan,0,"['Persuasion or Seduction', 'Intimidation', 'Shaming or Belittlement']",1,"manip_score=0.723; Persuasion or Seduction=0.940, Intimidation=0.934, Shaming or Belittlement=0.897"
146,"Person1: You were intimate with that guy?
Person2: Yeah. How do you think I know he liked...
Person1: But you said you've only been with three guys! You never mentioned him!
Person2: That's because I never went all the way with him!
Person1: You were intimate with him!
Person2: We dated a few times. We didn't go all the way, but we got close.
Person1: Oh my gosh! Why did you tell me you only were with three guys?
Person2: Because that's true for full intimacy! That doesn't mean I didn't have other kinds of closeness with people.
Person1: Oh my gosh�I feel so upset...
Person2: I'm sorry, Dante. I thought you understood.
Person1: I did understand! I understood you were with three different guys, and that's all you mentioned.
Person2: Please, try to relax.
Person1: How many?
Person2: Dante...
Person1: How many people have you been close with in that way?
Person2: Let's not dwell on this...
Person1: HOW MANY?
Person2: Alright! Just give me a moment and I'll tell you! Goodness! I didn't get upset like this when you told me about your past relationships.
Person1: This is different. This is important. How many?!","Evasion,Feigning Innocence,Rationalization",1,"['Accusation', 'Persuasion or Seduction', 'Intimidation']",1,"manip_score=0.530; Accusation=0.968, Persuasion or Seduction=0.962, Intimidation=0.949"
147,"Person1: Do you remember the last time we had a quiet drink? I had a milk shake.
Person2: Hmmm... What did we talk about?
Person1: We didn't talk. We never talked.
Person2: And do I detect a rebuke?
Person1: A regret. It was just the two of us, Dad. It was a lonely way to grow up. For you, too. If you had been an ordinary, average father like the other guys' dads, you'd have understood that.
Person2: Actually, I was a wonderful father.
Person1: When?",Accusation,1,['Safe / No Manipulation'],0,No clear manipulative intent detected.
148,"Person1: What the hell is that for?
Person2: The bags under your eyes. You're an attractive man, but you need to take better care of yourself.
Person1: I don't --  Do that stuff.
Person2: Well, you should -- If you look good, you feel good and if you feel good, you project joy into the world.
Person1: Projecting joy is not my job.
Person2: Fine. Sorry I brought it up.",Persuasion or Seduction,1,"['Shaming or Belittlement', 'Accusation', 'Persuasion or Seduction']",1,"manip_score=0.574; Shaming or Belittlement=0.951, Accusation=0.928, Persuasion or Seduction=0.912"
149,"Person1: Come on, Fran -- don't be like that. You just going to sit there and keep bawling?  You won't talk to me, you won't tell me what's wrong --  Look, I know you think I'm stalling you. But when you've been married to a woman for twelve years, you don't just sit down at the breakfast table and say ""Pass the sugar -- and I want a divorce."" It's not that easy.  Anyway, this is the wrong time. The kids are home from school -- my in- laws are visiting for the holidays -- I can't bring it up now.  This isn't like you, Fran -- you were always such a good sport -- such fun to be with --
Person2: Yeah -- that's me. The Happy Idiot -- a million laughs.
Person1: Well, that's more like it. At least you're speaking to me.
Person2: Funny thing happened to me at the office party today -- I ran into your secretary -- Miss Olsen. You know -- ring-a-ding-ding? I laughed so much I like to died.
Person1: Is that what's been bothering you -- Miss Olsen? That's ancient history.
Person2: I was never very good at history. Let me see -- there was Miss Olsen, and then there was Miss Rossi -- no, she came before -- it was Miss Koch who came after Miss Olsen --
Person1: Now, Fran --
Person2: And just think -- right now there's some lucky girl in the building who's going to come after me --
Person1: Okay, okay, Fran. I deserve that. But just ask yourself -- why does a man run around with a lot of girls? Because he's unhappy at home -- because he's lonely, that's why -- all that was before you, Fran -- I've stopped running.","Rationalization,Persuasion or Seduction",1,"['Persuasion or Seduction', 'Playing the Victim Role', 'Shaming or Belittlement']",1,"manip_score=0.598; Persuasion or Seduction=0.947, Playing the Victim Role=0.925, Shaming or Belittlement=0.921"
150,"Person1: I wanted to tell you my plan.
Person2: So tell me.
Person1: I thought I might come back. In the New Year. Under my own steam.
Person2: Really? To Italy?
Person1: Of course. Let's say, for argument's sake, you were here -- perhaps we could split the rent on a house -- I'll get a job -- or, better still, I could get a place in Rome and when we're there we could be there and if we're here we could be here --
Person2: Oh God, I don't think so.
Person1: You see, particularly with the Marge problem, you can just blame me.
Person2: Marge and I are getting married.
Person1: How?
Person2: How?
Person1: Yesterday you're ogling girls on the terrace, today you're getting married. It's absurd.
Person2: I love Marge.
Person1: You love me and you're not marrying me.
Person2: Tom, I don't love you.
Person1: No, no, it's not a threat, I've explained all of that.
Person2: I'm actually a little relieved you're going, to be honest. I think we've seen enough of each other for a while.",nan,0,"['Persuasion or Seduction', 'Accusation', 'Shaming or Belittlement']",1,"manip_score=0.630; Persuasion or Seduction=0.977, Accusation=0.964, Shaming or Belittlement=0.952"
151,"Person1: I don't know what kind of game you're playing here but I'm out because you are a whack-job.
Person2: He was working on something called Project Manticore, which was using recombinant DNA to produce a superior human...a warrior...an advanced infantry soldier.
Person1: Not that I don't enjoy a good urban legend now and then but what does any of this have to do with me?
Person2: The bar code on your neck, Max.  I know who you are and I know who you're running from.","Shaming or Belittlement,Intimidation",1,"['Intimidation', 'Shaming or Belittlement', 'Persuasion or Seduction']",1,"manip_score=0.819; Intimidation=0.967, Shaming or Belittlement=0.942, Persuasion or Seduction=0.834"
152,"Person1: What's going on?
Person2: I'm going to throw out these old videos.
Person1: No.  You can't bin these.  They're classics.  I'm not allowing this.
Person2: Right -- let's talk about rent...
Person1: Let me help.  We don't want all this shit cluttering up our lives.",Intimidation,1,['Safe / No Manipulation'],0,No clear manipulative intent detected.
153,"Person1: You set up the line-up.
Person2: Mr. Soze made a few calls, yes. You were not to be released until I came to see you. It seems Mr. Keaton's attorney, Ms. Finneran, was a bit too effective in expediting his release. Holding the rest of you became a moot point.
Person1: What about Redfoot?
Person2: Mr. Redfoot knew nothing. Mr. Soze rarely                 t works with the same people for very long, and they never know who they're working for. One cannot be betrayed if one has no people.",nan,0,"['Persuasion or Seduction', 'Intimidation', 'Accusation']",1,"manip_score=0.618; Persuasion or Seduction=0.930, Intimidation=0.914, Accusation=0.894"
154,"Person1: I swear it. By Excalibur and the holy--
Person2: --What issues from your lust will be mine. Swear it again.
Person1: I swear it.",nan,0,"['Intimidation', 'Persuasion or Seduction', 'Accusation']",1,"manip_score=0.652; Intimidation=0.986, Persuasion or Seduction=0.968, Accusation=0.935"
155,"Person1: Is it true that you launched an attack on Paris?
Person2: I tried to.
Person1: It was on a Sunday, wasn't it?
Person2: I don't remember.  Maybe.
Person1: Do you think is was a good idea to launch an attack on a holy day?
Person2: I don't know...
Person1: And didn't you order the citizens of Paris to surrender the city in the name of the King of Heaven?
Person2: No... I said ""Surrender in the name of the King of France""...
Person1: That is not what is written in the evidence... look for yourself!",Denial,1,['Safe / No Manipulation'],0,No clear manipulative intent detected.
156,"Person1: Face it! Confess it! You're weak!
Person2: I'm not!
Person1: You're afraid!
Person2: I'm not!
Person1: You don't want to show your whole soul -- ugly, mis-shapen, and pitiful -- you don't want to show it --
Person2: God damn it, Clifford, will you shut up! I tell you, I want to give these things! I want to give them to the audience, and I can give them, I will give them, so shut up!","Shaming or Belittlement,Accusation",1,"['Intimidation', 'Shaming or Belittlement', 'Accusation']",1,"manip_score=0.792; Intimidation=0.998, Shaming or Belittlement=0.996, Accusation=0.995"
157,"Person1: Well?  Was ""Vicki"" right?  About your difficulty with duality?
Person2: If I said yes, then you might think me a Norman Bates, or a Ted Bundy type ... and then you might not let me kiss you.",nan,0,"['Intimidation', 'Shaming or Belittlement', 'Persuasion or Seduction']",1,"manip_score=0.955; Intimidation=0.994, Shaming or Belittlement=0.986, Persuasion or Seduction=0.913"
158,"Person1: What's this?
Person2: What does it look like?
Person1: How long have you had it?
Person2: Years, why?
Person1: It's against the law to cross the border with a gun. The Canadian police might like to know about this.
Person2: You already have the checks, darling.
Person1: I didn't mean it that way  I'm sorry.
Person2: Oh, forget it. Clark Brandon's throwing a party up in his penthouse this evening. Take me?
Person1: Of course.
Person2: How about your new friend?
Person1: I told you she's just..
Person2: A girl you meet on the train. Excuse my bringing it up again.  Be back in an hour. Right?
Person1: Right.
Person2: In an hour, Larry.",Feigning Innocence,1,"['Persuasion or Seduction', 'Intimidation', 'Shaming or Belittlement']",1,"manip_score=0.548; Persuasion or Seduction=0.984, Intimidation=0.951, Shaming or Belittlement=0.936"
159,"Person1: Don't get all worked up, Justin. I expected some common sense on your part and clearly I was expecting too much. Just open the drawer.
Person2: We never should have done this to him...
Person1: Well, what are we gonna do about it now?","Shaming or Belittlement,Accusation",1,"['Intimidation', 'Accusation', 'Persuasion or Seduction']",1,"manip_score=0.728; Intimidation=0.951, Accusation=0.933, Persuasion or Seduction=0.920"
160,"Person1: Your fear of him was real.  That's all the ghost anyone needs.
Person2: How could you do this to people?",Accusation,1,"['Accusation', 'Intimidation', 'Shaming or Belittlement']",1,"manip_score=0.872; Accusation=0.920, Intimidation=0.863, Shaming or Belittlement=0.831"
161,"Person1: Oh, well...those are...I mean, we don't get to keep our work.  I could maybe ask them if you could choose one.  But, you know, frankly George, you were the best. Computer models can't begin to match the beauty you gave yours.  They're a part of this firm.  They inspire me.  I go out there and sometimes just stare at something I've designed.  It amazes me. I would miss that too much.  Look, I may be going out on a limb, but you go out there and look them over, every single one of them and pick the one you like the best and take it with you. Just run it by me first, just in case, you know...but I'm sure it'll be okay.
Person2: Thank you.
Person1: Well, it's the least I can do.
Person2: Yes, it is.",nan,0,"['Persuasion or Seduction', 'Intimidation', 'Rationalization']",1,"manip_score=0.522; Persuasion or Seduction=0.841, Intimidation=0.801, Rationalization=0.758"
162,"Person1: Goddamnit, Harry.  This is our butts.  So your life is in the toilet.  So your wife is banging a used car salesman.  Sure it's humiliating.  But be a man here--
Person2: You tell on me, I tell on you.
Person1: Whatya talking?  I'm clean as a preacher's sheets, babe.  Clean as a --
Person2: What about that time you trashed a six-week operation because you were busy getting a blow-job?
Person1: You know about that?","Denial,Intimidation",1,"['Intimidation', 'Shaming or Belittlement', 'Accusation']",1,"manip_score=0.751; Intimidation=0.997, Shaming or Belittlement=0.996, Accusation=0.991"
163,"Person1: You're damn right it's not like that! Because I won't let it be like that! You want your flirt? Fine! The flirt is yours!
Person2: I don't want Caitlin...
Person1: You don't know what you want, but I'm not going to sit here anymore holding your hand until you figure it out! I've encouraged you to get out of this lousy dump and go back to school, to take charge of your life and find direction. I even transferred so maybe you would be more inclined to go back to college if I was with you. Everyone said it was a stupid move, but I didn't care because I loved you and wanted to see you pull yourself out of this senseless funk you've been in since that woman dumped you, oh so many years ago. And now you want to go back to her so she can mess with you some more?
Person2: I don't want to go back with her...
Person1: Of course not; not now! You're caught, and now you're trying to snake out of doing what you wanted to do. Well, I won't let you. I want you to follow through on this, just so you can find out what a ridiculous idiot you are. And when she dumps you again- and she will, Dante, I promise you that-when she dumps you again, I want to laugh at you, right in your face, just so you realize that that was what you gave up our relationship for!  I'm just glad Randal had the balls to tell me, since you couldn't.
Person2: Randal...?
Person1: And having him tell me... that was just the weakest move ever. You're spineless.
Person2: Veronica, I love you...
Person1: Forget you.","Shaming or Belittlement,Brandishing Anger",1,"['Intimidation', 'Shaming or Belittlement', 'Persuasion or Seduction']",1,"manip_score=0.700; Intimidation=0.981, Shaming or Belittlement=0.978, Persuasion or Seduction=0.952"
164,"Person1: Keep stallin'.
Person2: Alright, I'm coming...hold on.",nan,0,"['Shaming or Belittlement', 'Intimidation', 'Persuasion or Seduction']",1,"manip_score=0.668; Shaming or Belittlement=0.961, Intimidation=0.958, Persuasion or Seduction=0.931"
165,"Person1: I've loved you ever since I first laid eyes on you, Jeremiah. I've just always been too scared to show it.
Person2: Beth, I can't believe you just said that because that's exactly how I've always felt about you... Call me Jam. It's my band name.
Person1: You don't know how long I've been waiting to hear that... Jam!",nan,0,"['Persuasion or Seduction', 'Intimidation', 'Shaming or Belittlement']",1,"manip_score=0.598; Persuasion or Seduction=0.824, Intimidation=0.808, Shaming or Belittlement=0.614"
166,"Person1: Look, if I made you nervous or uncomfortable or creeped you out--
Person2: Yes on all counts.
Person1: I'm sorry.  It wasn't my intention.  But I had to see you.
Person2: You'd think a guy who's taken on the job of saving the world would have a few more important things to do than traipse around after some girl.
Person1: I haven't been able to get you off my mind.
Person2: You need to get out more.
Person1: C'mere, I want to show you something.","Feigning Innocence,Persuasion or Seduction",1,"['Persuasion or Seduction', 'Accusation', 'Intimidation']",1,"manip_score=0.688; Persuasion or Seduction=0.961, Accusation=0.960, Intimidation=0.952"
167,"Person1: You can't stay here. There's snakes and it's cold and you'll just get sicker.
Person2: I don't care.
Person1: Suppose that Lednov was to have found you, instead of me. Why you wouldn't have had a chance.
Person2: I said I didn't care.
Person1: What's botherin' you, anyway?","Playing Servant Role,Rationalization",1,"['Intimidation', 'Shaming or Belittlement', 'Persuasion or Seduction']",1,"manip_score=0.595; Intimidation=0.992, Shaming or Belittlement=0.975, Persuasion or Seduction=0.949"
168,"Person1: Where you been all day?
Person2: I took the kids to my sister's.
Person1: I called. You weren't there.
Person2: I got bored so I went to the movies.
Person1: What'd you see?
Person2: I went to the movies.
Person1: What'd you see?
Person2: ""Father of the Bride.""
Person1: What was it about?
Person2: Oh, c'mon. For Christsake, do I have to tell you everything?
Person1: Did you ever go to the Copa when I was away?
Person2: What're you talking about?
Person1: Answer me when I talk to you. What happened that night?
Person2: I am answering...
Person1: What do I have to do to get a straight answer around here.","Denial,Evasion,Feigning Innocence",1,"['Intimidation', 'Persuasion or Seduction', 'Accusation']",1,"manip_score=0.555; Intimidation=0.961, Persuasion or Seduction=0.956, Accusation=0.945"
169,"Person1: I had an unfortunate little run-in with him today. In fact...you might say that Mr. Tyler is in big trouble with the...authorities.
Person2: You better not mess with me, Rhodes. I'd love to serve your balls to those Red Coats for lunch! Think about it!
Person1: No, Miss Science. You're the one who needs to do some thinking.",Intimidation,1,"['Intimidation', 'Shaming or Belittlement', 'Persuasion or Seduction']",1,"manip_score=0.770; Intimidation=0.975, Shaming or Belittlement=0.974, Persuasion or Seduction=0.918"
170,"Person1: What?
Person2: Would you like to sit on my lap?
Person1: No thank you.
Person2: Are you sure?
Person1: I'm sure. Thank you all the same.
Person2: That's okay... doesn't matter.
Person1: Do you want me to sit on your lap?",Persuasion or Seduction,1,['Safe / No Manipulation'],0,No clear manipulative intent detected.
171,"Person1: Don't, Beth.
Person2: But I have to, Norman.
Person1: I promise --
Person2: Promise what, Norman?  Tell me!
Person1: Beth --
Person2: You think I'd belive you?  Believe anything you might say now?  After you lied to me about telling Barnes about my past.  About my problems.  My problems.  Not yours.  Not his.  Mine.
Person1: Don't, Beth.  Please.
Person2: It's either this... or I kill you.","Intimidation,Brandishing Anger,Accusation",1,"['Intimidation', 'Persuasion or Seduction', 'Accusation']",1,"manip_score=0.687; Intimidation=0.991, Persuasion or Seduction=0.979, Accusation=0.967"
172,"Person1: They're putting together an agency oversight committee.  They're going to look through everyone's budgets. Treadstone is a rather sizable line item in my ledger.  What am I going to do about that?
Person2: You'd want to make that go away. You'd want to remind them that Treadstone is a training organization.  That it's all theoretical.  You'd want to sign off on that.
Person1: And what if I couldn't do that?
Person2: Then I'd have to explain Treadstone. And you'd have to explain how you let me get this far.  Doesn't sound like much of a Plan-B, does it?  We'll clean up the field.  You clean up your budgets.","Intimidation,Persuasion or Seduction",1,"['Intimidation', 'Persuasion or Seduction', 'Shaming or Belittlement']",1,"manip_score=0.701; Intimidation=0.970, Persuasion or Seduction=0.960, Shaming or Belittlement=0.931"
173,"Person1: Marry Christmas.
Person2: Thank you.  I thought you were avoiding me.
Person1: What gave you that idea?
Person2: In the last six weeks you've only been in my elevator once -- and then you didn't take your hat off.
Person1: Well, as a matter of fact, I was rather hurt when you stood me up that night --
Person2: I don't blame you. It was unforgivable.
Person1: I forgive you.
Person2: You shouldn't.
Person1: You couldn't help yourself. I mean, when you're having a drink with one man, you can't just suddenly walk out on him because you have another date with another man. You did the only decent thing.
Person2: Don't be too sure. Just because I wear a uniform -- that doesn't make me a Girl Scout.
Person1: Miss Kubelik, one doesn't get to be a second administrative assistant around here unless he's a pretty good judge of character -- and as far as I'm concerned, you're tops. I mean, decency-wise -- and otherwise-wise.  Cheers.
Person2: Cheers.",nan,0,['Safe / No Manipulation'],0,No clear manipulative intent detected.
174,"Person1: Well, whatever you think.
Person2: I figured out exactly why it is I'm so hung up on getting a chance at weekend anchor...It's because if I do that well, they'll pay me more, treat me great and my life will be better.  That's why.
Person1: Sounds like you may be on to something.
Person2: Which means I'm at their mercy and who wants that?...I'm not going to tell you where this thought led me... Anyway, well, why not  tell you? -- it's a happy thing.  In the middle of all this I start to think about something that does nothing but make me feel good and makes immediate sense and that's you ...And I'll stop here but, Jane, I'd give anything if you were two people so I could call up the one who's my friend and tell her about the one I'm in I...I don't think I should go any further.  Come on -- I'll walk you to the corner.",nan,0,"['Persuasion or Seduction', 'Rationalization', 'Intimidation']",1,"manip_score=0.684; Persuasion or Seduction=0.945, Rationalization=0.802, Intimidation=0.668"
175,"Person1: Hey now, look!  Let's all get on the same page here.  This shipment is do or die for Zimmermann's syndicate; all or nothing.  If we stop the drugs, we don't even have to catch him red-handed.  He's ruined cause his pushers go broke with nothing to sell.  On the other hand, if we mess this up, it means more zombies crawling the gutters than ever and a morgue that doesn't have a single empty drawer.  More old ladies getting mugged and molested by junk-hungry needle-freaks, and all the while Zimmermann's sitting back and laughing his head off.
Person2: There'll be other chances.
Person1: Not like this.  Are you even listening?",nan,0,"['Intimidation', 'Shaming or Belittlement', 'Accusation']",1,"manip_score=0.526; Intimidation=0.941, Shaming or Belittlement=0.869, Accusation=0.812"
176,"Person1: Calvin, I wish you would have at least let me do the dishes. It's not going to be that easy getting all that dried- on food off my nice plates.
Person2: I just hope those plates aren't radioactive by tomorrow morning.
Person1: Cheese is particularly troublesome.
Person2: Worse than your Kraft Holiday dip?
Person1: Oh, much worse. But not as bad as that Mexican Jumping Bean dip. You remember that?
Person2: Yeah, yeah. Okay.  Give me the roast and watch your step.  I'll come back for the radio.",nan,0,"['Shaming or Belittlement', 'Intimidation', 'Persuasion or Seduction']",1,"manip_score=0.632; Shaming or Belittlement=0.943, Intimidation=0.923, Persuasion or Seduction=0.920"
177,"Person1: Yea...It's great...seems like...I don't know you've got all the important stuff in there.
Person2: All right then. It's refreshing to see two young people not afraid of real commitment. Will you have friends or family saying words - singing or anything?
Person1: Are we supposed to?
Person2: It's not a question of supposed to, it's an entirely personal decision... Some do some don't.",nan,0,['Safe / No Manipulation'],0,No clear manipulative intent detected.
178,"Person1: Yummy. Carl says if I lose ten pounds, he'll take me to the University of Maryland Fall Mixer.
Person2: Misty, if you want to lose weight go ahead, but do it for yourself, not for some boy you barely know.",nan,0,"['Shaming or Belittlement', 'Intimidation', 'Persuasion or Seduction']",1,"manip_score=0.780; Shaming or Belittlement=0.979, Intimidation=0.937, Persuasion or Seduction=0.930"
179,"Person1: Get up out of the chair, Richard.
Person2: What's with you people? Why do ya have to mess with my head all the time? I came through, man.
Person1: Get up out of the chair, and walk toward the backdoor, Richard.
Person2: I get thrown in solitary until I don't know my own darn name, and then you people tell me I can beat nine years if I help you. I helped you!
Person1: Get up!","Brandishing Anger,Accusation",1,"['Intimidation', 'Shaming or Belittlement', 'Persuasion or Seduction']",1,"manip_score=0.787; Intimidation=0.991, Shaming or Belittlement=0.975, Persuasion or Seduction=0.951"
180,"Person1: So, you're really gonna be a lawyer?
Person2: And why not?
Person1: Whoa.
Person2: Sorry.  You don't know how many times I've heard that.  ""A lady lawyer?  Are you crazy?""  Like a woman couldn't be as good a lawyer as a man.  Or better, in fact.
Person1: Have you always wanted to be a lawyer?
Person2: You... don't remember, but yes, ever since I was a little girl.
Person1: What did... what did I want to be?
Person2: Oh, well... I guess you... in high school, you were a pretty good first baseman.  And we were on the debate team together.  But... I think you were gonna run the Bijou. You were brought up there, and you loved it so much.  And I think you knew how much the town needed a place like that.",nan,0,['Safe / No Manipulation'],0,No clear manipulative intent detected.
181,"Person1: What's this?
Person2: The main spire.
Person1: The... oh, the spire! How silly of me, it's as plain as day... Mr. Merrick, where did you learn to do this?
Person2: ...I learned a long time ago.",nan,0,"['Shaming or Belittlement', 'Intimidation', 'Persuasion or Seduction']",1,"manip_score=0.531; Shaming or Belittlement=0.966, Intimidation=0.959, Persuasion or Seduction=0.939"
182,"Person1: He doesn't return my calls. or my letters ...
Person2: Kipling was sixteen when you left, baby. I don't know what you remember of him. But you should brace yourself",nan,0,"['Intimidation', 'Shaming or Belittlement', 'Persuasion or Seduction']",1,"manip_score=0.795; Intimidation=0.966, Shaming or Belittlement=0.958, Persuasion or Seduction=0.922"
183,"Person1: C'mon, Joey.  I'm just trying to help you hit a home run here.
Person2: Yeah?  Well, you just struck out.  It may be a surprise to you, Brad, but I want to do it the right way.  Not tight skirts.  Tight stories.
Person1: Right.  Like last night's doozie.
Person2: I know what I saw.
Person1: And I believe what you say.  But this is TV.  No pictures, no story.","Feigning Innocence,Rationalization,Accusation",1,"['Persuasion or Seduction', 'Playing the Servant Role', 'Intimidation']",1,"manip_score=0.758; Persuasion or Seduction=0.941, Playing the Servant Role=0.778, Intimidation=0.756"
184,"Person1: I've always supported your dreams and aspirations.
Person2: But sometimes it feels like you're just pushing me into what you want.
Person1: I can’t believe you’d say that! I thought I was helping.
Person2: I appreciate your support, but I need space to make my own choices too.","Feigning Innocence,Playing Servant Role",1,"['Persuasion or Seduction', 'Accusation', 'Feigning Innocence']",1,"manip_score=0.668; Persuasion or Seduction=0.897, Accusation=0.890, Feigning Innocence=0.882"
185,"Person1: What's that?
Person2: Oh, I thought you would know, you're a writer. Of course you do. Good night, old man.",nan,0,"['Intimidation', 'Shaming or Belittlement', 'Persuasion or Seduction']",1,"manip_score=0.629; Intimidation=0.916, Shaming or Belittlement=0.879, Persuasion or Seduction=0.816"
186,"Person1: Did you get a good look at the man who attacked you?
Person2: I've told you, it wasn't a man. It was an animal. A big wolf or something. A rabid dog.
Person1: Yes.
Person2: Look, Dr. Hirsch, I know I've been traumatized, but Jack was torn apart. I saw him. A man can't do that to someone with his bare hands.
Person1: You'd be surprised what horrors a man is capable of.
Person2: Did you see Jack?
Person1: No. In fact, your wounds were cleaned and dressed before you arrived here.
Person2: Did you talk to the police in East Proctor? Did the cops go to The Slaughtered Lamb?
Person1: I really don't know.
Person2: Then why the hell are you so quick to disbelieve me? You yourself said it must have taken incredible strength to tear apart a person like that.
Person1: David, please. The police are satisfied. I'm certain that if a monster were out roaming northern England we'd have seen it on the telly.
Person2: You really think I'm crazy, don't you?
Person1: Believe me. The Hound of the Baskervilles was an invention of Sir Arthur Conan Doyle's. And if you'd read the bloody book, you'd find that Holmes discovered your house of hell a fraud, a fake.","Accusation,Evasion",1,"['Persuasion or Seduction', 'Intimidation', 'Playing the Victim Role']",1,"manip_score=0.706; Persuasion or Seduction=0.971, Intimidation=0.963, Playing the Victim Role=0.951"
187,"Person1: Hey Lieutenant, the boys in robbery have something I think you should look at.
Person2: What is it?
Person1: A tape from the surveillance camera at the First National Bank.  It was robbed this morning.
Person2: Really?  I want to make sure that I understand what you're telling me, Greley.  A crime was committed in New York City?  That is news.
Person1: The guy had a sword and was dressed like this guy.",nan,0,"['Persuasion or Seduction', 'Accusation', 'Intimidation']",1,"manip_score=0.614; Persuasion or Seduction=0.926, Accusation=0.880, Intimidation=0.860"
188,"Person1: Why do you look at me like that?
Person2: I did not know you were so beautiful... and --
Person1: And then --?
Person2: No irony. You're so appealing -- so soft -- so tired. I feel like taking you in my arms and not letting anything more happen to you -- ever.
Person1: And -- and --
Person2: How tired you are!
Person1: Yes -- tired...
Person2: So alone.
Person1: Alone. All alone.  Oh, you strange -- strange creature.
Person2: You mustn't talk Russian to me.
Person1: Strange man...
Person2: Am I quite strange to you?
Person1: Not quite strange now. It is as if I had been expecting you. You know, once when the Grand Duke was alive, I found a man hiding in my room -- a young officer --
Person2: And...?
Person1: He disappeared. Later he was found dead.
Person2: I never knew it was so dangerous to hide in a woman's room when she's alone.
Person1: Go away. Who are you --?
Person2: A man who could love -- that is all, who has forgotten everything else for you.
Person1: You could love me. It is so long since I have heard that word. Nobody has loved me for a long time. It is so icy-cold to be famous. One is so cruelly alone. How is it that you -- Let me look at you. Your hands. Your eyes. Why could you love me?
Person2: I saw you just now -- then I saw you cry -- and now I see you in the mirror -- Grusinskaya...
Person1: Grusinskaya... Oh -- oh if you knew how I slaved and slaved for Grusinskaya -- for the success of Grusinskaya -- for the triumph of Grusinskaya... and what is she now? Just someone who has found that on the day success ceases life ceases -- Are you listening to me -- Do you understand? -- I want you to understand.
Person2: Yes -- I do understand.
Person1: I think you must go now -- the key is on the floor.
Person2: I'm not going -- You know I'm not going -- Let me stay here?
Person1: I want to be alone.
Person2: That is not so -- you don't want to be alone.
Person1: I want to be alone --
Person2: No -- You don't want to be alone at all -- You were in despair before -- If I left you, you'd feel worse than you did before, You must not be alone -- You mustn't cry -- you must forget... Tell me that I can stay with you -- tell me.
Person1: Just for a minute then.",Persuasion or Seduction,1,['Safe / No Manipulation'],0,No clear manipulative intent detected.
189,"Person1: We must assume the machete was an intricate part of the game of hockey.
Person2: I'm thinking Rizzo was right.
Person1: Are you letting emotions guide your thoughts again, Delongpre?
Person2: Maybe we should go with them. Like you said, your Space Lab connections can deal with this thing. At least we'll be safe.
Person1: They are not going anywhere. I cut power to the  shuttle.",Accusation,1,"['Intimidation', 'Persuasion or Seduction', 'Shaming or Belittlement']",1,"manip_score=0.672; Intimidation=0.901, Persuasion or Seduction=0.873, Shaming or Belittlement=0.834"
190,"Person1: I don't like thinking about the accident.  I don't even remember it happening.  Besides, it just makes people feel sorry for me, and...
Person2: You hate that.",nan,0,"['Intimidation', 'Persuasion or Seduction', 'Shaming or Belittlement']",1,"manip_score=0.756; Intimidation=0.944, Persuasion or Seduction=0.943, Shaming or Belittlement=0.923"
191,"Person1: Theo... Did you?
Person2: Maybe you did it yourself.
Person1: Why?
Person2: I don't know.  You've been alone for a long time, maybe you want attention.  Maybe he did it...",Accusation,1,"['Accusation', 'Persuasion or Seduction', 'Intimidation']",1,"manip_score=0.684; Accusation=0.989, Persuasion or Seduction=0.963, Intimidation=0.958"
192,"Person1: Without you, my dearest, I might have died without ever knowing love. Inexpressible love!  God of nature! Bitterness than which nothing is sweeter, sweetness than which nothing is more bitter.  Divine monster which can only be defined by paradoxes.
Person2: Let me give a thousand kisses to that heavenly mouth which has told me that I am happy.
Person1: As soon as I saw you loved me, I was pleased, and I gave you every opportunity to fall more in love with me, being certain that, for my part, I would never love you.  But after our first kiss, I found that I had no power over myself.  I did not know that one kiss could matter so much.
Person2: We then spent an hour in the most eloquent silence except that, from time to time, her ladyship cried out",nan,0,"['Persuasion or Seduction', 'Accusation', 'Intimidation']",1,"manip_score=0.711; Persuasion or Seduction=0.910, Accusation=0.630, Intimidation=0.606"
193,"Person1: You swore!
Person2: I have lunch with Rachel once a month. She's my connection to an investigator.
Person1: I told you I didn't want you seeing her.
Person2: I know.
Person1: You had an affair with this woman, Robert, we went to a freaking counselor for a year.
Person2: I see her for business.
Person1: You told me you weren't seeing her at all.
Person2: I didn't want you to be upset. I shouldn't have lied. Stacy, there's nothing between me and Rachel Banks.",Rationalization,1,['Safe / No Manipulation'],0,No clear manipulative intent detected.
194,"Person1: I can't believe you told the boss I was late because I overslept!
Person2: Don’t exaggerate, that’s not what happened. I just mentioned you had a rough morning.
Person1: It sounded like you threw me under the bus.
Person2: You're making it sound worse than it was. Relax!","Feigning Innocence,Accusation,Denial",1,"['Accusation', 'Intimidation', 'Shaming or Belittlement']",1,"manip_score=0.636; Accusation=0.981, Intimidation=0.981, Shaming or Belittlement=0.975"
195,"Person1: I don't...
Person2: Ever pick your feet in Poughkeepsie?
Person1: What?
Person2: Did you ever pick your feet in Poughkeepsie?
Person1: I don't know what you're talkin' about.
Person2: Were you ever in Poughkeepsie?
Person1: No... yeah...
Person2: Did you ever sit on the edge of the bed, take off your socks and stick your fingers between your toes?
Person1: Man, I'm clean.
Person2: You made three sales to your roaches back there.  We had to chase you through all this shit and you tell me you're clean?","Evasion,Denial",1,"['Shaming or Belittlement', 'Intimidation', 'Accusation']",1,"manip_score=0.613; Shaming or Belittlement=0.987, Intimidation=0.982, Accusation=0.981"
196,"Person1: Uh... hi. Uh... Enid's stepmother told me I'd find her here?
Person2: She's not at home?
Person1: No... they said she was here...
Person2: What the heck is she doing?! She was supposed to be here three hours ago!
Person1: Uh, do you mind if I wait? I really need to talk to her.
Person2: Are you sure she wasn't there?  Maybe she was just hiding from you.
Person1: Why would she be hiding from me?
Person2: I don't know... where is she, then?
Person1: Maybe she's with Josh?
Person2: Josh!? Why would she be with Josh?
Person1: I don't know.
Person2: Why? What did she tell you?
Person1: She just mentioned him a few times and said that they had been dating - I thought maybe she was...
Person2: What? Is she having some secret affair with Josh?
Person1: I have no idea - I just want to...
Person2: Why wouldn't she tell me? There's no way! She could never keep that to herself... you're crazy.
Person1: Really, I don't know enough about it to...
Person2: That person!
Person1: Why did you say she might be hiding from me? Did she say anything to you about me?
Person2: Yeah, she thinks you're a dork.
Person1: Did she say that?
Person2: Look, what do you expect?  Considering how we met you.
Person1: What do you mean?
Person2: On that pathetic fake blind date.
Person1: What are you talking about?
Person2: Didn't she ever tell you about that? God, she really is pathological...
Person1: What fake blind date? What are you talking about?",nan,0,"['Accusation', 'Shaming or Belittlement', 'Persuasion or Seduction']",1,"manip_score=0.592; Accusation=0.990, Shaming or Belittlement=0.989, Persuasion or Seduction=0.988"
197,"Person1: Well -- did you get it, Thorwald?
Person2: Who are you?
Person1: I'll give you a chance to find out. Meet me in the bar at the Brevoort -- and do it right away.
Person2: Why should I?
Person1: For a little business meeting -- to settle the estate of your late wife.
Person2: I don't know what you mean.
Person1: Now stop wasting time, Thorwald, or I'll hang up and call the police.
Person2: I only have a hundred dollars or so.
Person1: That's a start. I'm at the Brevoort now. I'll be looking for you.",Intimidation,1,"['Intimidation', 'Persuasion or Seduction', 'Shaming or Belittlement']",1,"manip_score=0.694; Intimidation=0.995, Persuasion or Seduction=0.981, Shaming or Belittlement=0.938"
198,"Person1: But here's the thing.  I retraced your exact steps according to your statement. You couldn't have seen Detective Eckhart from there.  I mean, not in that fog.
Person2: Then change it.
Person1: How much closer would you say you were?
Person2: I don't remember.
Person1: Five feet?  Seven feet?",Denial,1,"['Persuasion or Seduction', 'Shaming or Belittlement', 'Intimidation']",1,"manip_score=0.532; Persuasion or Seduction=0.896, Shaming or Belittlement=0.875, Intimidation=0.870"
199,"Person1: Our friends in Little Russia.  Go in and ask for a man named Dmitri.
Person2: Dmitri?
Person1: The man who hired me for this contract.
Person2: I don't get it.
Person1: You're gonna be me.  You're gonna go in, and you're gonna get the info on the remaining two hits.
Person2: Why me?  Why don't you do it?
Person1: No client has ever seen my face, and I intend to keep it that way.  Besides, if he decides to put a bullet in my head, I don't wanna be there for it.
Person2: He's gonna shoot me?
Person1: When he finds out you tossed his list? I would.
Person2: No.  No way.  I can't do this.
Person1: Max.  You threw my briefcase in the river.  You've got balls bigger than Toledo.
Person2: I...I wasn't thinking.  I just did it.
Person1: That's jazz, my friend.  You said it yourself.  So don't tell me you don't know how to play between the notes.","Intimidation,Accusation",1,"['Persuasion or Seduction', 'Intimidation', 'Shaming or Belittlement']",1,"manip_score=0.611; Persuasion or Seduction=0.951, Intimidation=0.942, Shaming or Belittlement=0.865"
200,"Person1: Now what are you doing?
Person2: Describing you. A square from out there. I mean you're nowhere.  Miss Four Corners.
Person1: What made you want to be a fighter?
Person2: I had to scrap all my life. Figured I might as well get paid for it. When I was a kid my old man got killednever mind how. Charley and I was put in a placethey called it a Children's Home. Some home! I run away and peddled papers, fought in club smokers and  But what am I runnin' off at the mouth for? What do you care?
Person1: Shouldn't we care about everybody?
Person2: What a fruitcake you are!
Person1: Isn't everybody part of everybody else?
Person2: Gee, thoughts! Alla time thoughts!  You really believe that drool?
Person1: Terry!
Person2: Want to hear my philosophy? Do it to him before he does it to you.
Person1: Our Lord said just the opposite.
Person2: I'm not lookin' to get crucified. I'm lookin' to stay in one piece.
Person1: I never met such a person. Not a spark of romance or sentiment or or human kindness in your whole body.
Person2: What do they do for you, except get in your way?
Person1: And when things get in your way or people you just knock them aside get rid of Them is that your idea?
Person2: Listen get this straight don't look at me when you say them things. It wasn't my fault what happened to your brother. Fixing Joey wasn't my idea... .
Person1: Why, Terry, who said it was?
Person2: Well, nobody, I guess. But that Father Barry, I didn't like the way he kept lookin' at me.
Person1: He was looking at everybody the same way. Asking the same question.
Person2: Yeah, yeah... .  This Father Barry, what's his racket?
Person1: His racket?
Person2: You've been off in daisyland, honey. Everybody's got a racket.
Person1: But a priest...?",nan,0,"['Shaming or Belittlement', 'Intimidation', 'Persuasion or Seduction']",1,"manip_score=0.714; Shaming or Belittlement=0.958, Intimidation=0.938, Persuasion or Seduction=0.924"
201,"Person1: Now, Joe, you know it was all a mistake, don't you?
Person2: No, it wasn't, It was intentional.
Person1: Why would we want to hurt you?
Person2: Not you. Them.
Person1: Who?
Person2: I don't know Who.",Rationalization,1,"['Intimidation', 'Shaming or Belittlement', 'Denial']",1,"manip_score=0.684; Intimidation=0.985, Shaming or Belittlement=0.975, Denial=0.971"
202,"Person1: Okay, Starling. Let's have it.
Person2: You haven't said a word today about that garage. Or what I found there.
Person1: What should I say? You did fine work. We'll wait on the lab.
Person2: You knew. You knew from the start that Lecter held the key to this... But you weren't up front with me. You sent me in to him naked.
Person1: Are you finished?
Person2: He starts this - buzzing in me, in my head. He makes me feel violated... You used me, Mr. Crawford.",Accusation,1,"['Accusation', 'Intimidation', 'Shaming or Belittlement']",1,"manip_score=0.779; Accusation=0.985, Intimidation=0.983, Shaming or Belittlement=0.967"
203,"Person1: We'll start with your most recent memories and go backwards -- There is an emotional core to each of our memories -- As we eradicate this core, it starts its degradation process -- By the time you wake up in the morning, all memories we've targeted will have withered and disappeared. Like a dream upon waking.
Person2: Is there any sort of risk of brain damage?
Person1: Well, technically, the procedure itself is brain damage, but on a par with a night of heavy drinking. Nothing you'll miss.",nan,0,"['Intimidation', 'Rationalization', 'Persuasion or Seduction']",1,"manip_score=0.817; Intimidation=0.921, Rationalization=0.826, Persuasion or Seduction=0.819"
204,"Person1: The army needs you.
Person2: The army can survive without me.
Person1: Then, I need you.  We all do. Without your victory the men would have no hope at all.
Person2: Someday, George, you may need to act for the good of the people no matter what Congress thinks that is.  It may come down to us, or them someday.  You or them.  Cicero was right. Was is ""a time when the laws are silent""?
Person1: I hope I never have to believe that.
Person2: Christ, George, Joseph Reed's been writing letters back to Congress attacking you.  Your own aide!","Playing Servant Role,Persuasion or Seduction",1,"['Intimidation', 'Persuasion or Seduction', 'Shaming or Belittlement']",1,"manip_score=0.685; Intimidation=0.953, Persuasion or Seduction=0.926, Shaming or Belittlement=0.836"
205,"Person1: Excuse me?  Could I say something?
Person2: Of course.
Person1: It just occurred to me --
Person2: Speak up, please.
Person1: When I introduce you, if I say who you are, I don't think anyone will stay for dinner.
Person2: Then don't.",nan,0,['Safe / No Manipulation'],0,No clear manipulative intent detected.
206,"Person1: This had nothing to do with shoes that didn't fit or my relationship with my father who, as you know, made a fortune selling penny loafers in the fifties. These people died because of the criminal actions of my doctor.
Person2: Your doctor?
Person1: Yes.  My psychiatrist didn't insist that I stay on my medication.
Person2: ...so you feel absolutely no responsibility for killing these people?
Person1: It was my finger that pulled the trigger, but I'm not morally responsible.  My psychiatrist knew what I was capable of.  How could I know. I'm not a doctor.
Person2: You seem very savvy for a man who's been found mentally incompetent to stand trial.
Person1: Look, I'm a victim here, too.  I was a year away from getting my masters in Art, now I'll never graduate.  My life has been permanently disrupted.
Person2: Permanently disrupted?  Aren't you selling paintings now for quite a lot of money?  Hasn't this 'incident' as you call it, jump started your career as an artist?
Person1: Look, I'm in here.  You call this a career move?
Person2: And isn't there a movie in the works about you?
Person1: We're in negotiations, that's correct.
Person2: But doesn't the Son of Sam Law prevent criminals from profiting from their crimes?
Person1: That doesn't apply to me because I'm not a criminal.  I'm not a criminal!  I wasn't convicted.","Playing Victim Role,Denial,Evasion",1,"['Playing the Victim Role', 'Persuasion or Seduction', 'Intimidation']",1,"manip_score=0.677; Playing the Victim Role=0.984, Persuasion or Seduction=0.983, Intimidation=0.973"
207,"Person1: I was wondering.
Person2: You're driving me crazy!  Do you know what it's like trying to jack-off in an armoire?
Person1: Not really.
Person2: You're off, you know?  You're way, way off.
Person1: I thought I was helping you.
Person2: It would help me if I could kiss you.
Person1: No, I don't...NO.  I thought we were just friends.
Person2: What you think, you know, doesn't have much to do with reality.  I mean, I hope I'm not the first to say that about you.
Person1: Okay, but then we'll just be friends. Okay?
Person2: Okay.  I guess.",Feigning Innocence,1,"['Shaming or Belittlement', 'Accusation', 'Persuasion or Seduction']",1,"manip_score=0.646; Shaming or Belittlement=0.958, Accusation=0.948, Persuasion or Seduction=0.934"
208,"Person1: No, I don't want to go. I want to stay here.
Person2: I need you.
Person1: Why?
Person2: I can't do it alone. I need you, to be Madeleine for a while. Then, when it's done, we'll both be free.",Persuasion or Seduction,1,"['Persuasion or Seduction', 'Intimidation', 'Playing the Servant Role']",1,"manip_score=0.610; Persuasion or Seduction=0.990, Intimidation=0.990, Playing the Servant Role=0.935"
209,"Person1: I've been looking for you.
Person2: Why me? What do you want from me!?",nan,0,"['Persuasion or Seduction', 'Accusation', 'Intimidation']",1,"manip_score=0.779; Persuasion or Seduction=0.935, Accusation=0.900, Intimidation=0.895"
210,"Person1: Why did you leak our strategy to the competitors?
Person2: I thought it would give us an edge, force them to react to our moves.
Person1: That was reckless and has compromised our position.
Person2: I just wanted to get ahead.
Person1: I will make you pay for this. Trust is hard to earn and easy to break.",Rationalization,1,"['Intimidation', 'Accusation', 'Shaming or Belittlement']",1,"manip_score=0.910; Intimidation=0.994, Accusation=0.990, Shaming or Belittlement=0.961"
211,"Person1: It's the same questions, Mrs. Little. Since the death of your husband --
Person2: Murder.
Person1: -- there is a serious question as to whether --
Person2: These are my children. Mine. And they ain't no question. None.
Person1: I think sometimes, Mrs. Little, candor is the only kindness.
Person1: All of your children are delinquent, Mrs. Little, and one, at least, Malcolm is a thief.
Person2: Get out.
Person1: Your control over your children, therefore --
Person2: Did you hear me?!
Person1: You'll regret this, Mrs. Little.
Person2: If you don't move out through that door, you're going to be past all regretting.",Intimidation,1,['Safe / No Manipulation'],0,No clear manipulative intent detected.
212,"Person1: Drink this! It will dull your pain.
Person2: It will numb my wits, and I must have them all. If I'm senseless, or if I wail, then Longshanks will have broken me.
Person1: I can't bear the thought of your torture. Take it!",Persuasion or Seduction,1,"['Intimidation', 'Persuasion or Seduction', 'Shaming or Belittlement']",1,"manip_score=0.885; Intimidation=0.982, Persuasion or Seduction=0.960, Shaming or Belittlement=0.718"
213,"Person1: God can't help her, Mr. Watson. Only you can help her.
Person2: Only you.
Person1: You're wasting time.",nan,0,['Safe / No Manipulation'],0,No clear manipulative intent detected.
214,"Person1: What the heck do you want?
Person2: They were ...
Person1: You tryin' to mess with me?
Person2: No, I'm not tryin' to mess with you.
Person1: So, what were they doin'?  You're tellin' me you had nothin' to do with that back there?
Person2: I swear to God I had nothing to do with it ...
Person1: Nonsense ... I don't walk to talk to you ...
Person2: Wait a minute ... everything you asked for is on the way ...
Person1: Yeah ...
Person2: Is on its way ... The helicopter can't land but we got a bus ... the jet's on its way to Kennedy ... we got a bus coming here ...
Person1: You're talking nonsense...
Person2: Sonny, your wife's on the way ... We reached her ... your wife's on the way ... everything you asked for, you got.
Person1: Well, what were you doin' back there?
Person2: It can't happen again ... I'll do everything I can to stop anything I can ...
Person1: You know, you're telling me that a helicopter can't land here ...
Person2: Can't land ... you'd kill people ...
Person1: Don't mess with me...
Person2: I'm not ... I'm not ... you're gettin' a bus ... you're gettin' a bus ... the jet's comin' into Kennedy ... and your wife's on the way ... what else do you need? What else can I get you?  Listen, I don't know how you can do better ... see that man over there ... the FBI guy ...
Person1: Just one more explosion like that and you're gonna see a dead body ...
Person2: There won't be ... there won't be ... What else do you need?  How else can we help you?
Person1: All right ... I got some hungry people in there ... I want to get some pizza ... some stuff like that ...
Person2: What else?
Person1: Cokes, seven-ups ...  also some aspirin ...
Person2: Aspirins ... okay you got it.  Charlie!  Six pizzas!
Person1: Okay ...",Intimidation,1,"['Intimidation', 'Persuasion or Seduction', 'Accusation']",1,"manip_score=0.798; Intimidation=0.997, Persuasion or Seduction=0.993, Accusation=0.992"
215,"Person1: Madame Colet, I think you deserve a scolding. First, you lose your bag--
Person2: Then I mislay my checkbook--
Person1: Then you use the wrong lipstick--
Person2: And how I handle my money!
Person1: It's disgraceful!
Person2: Tell me, M'sieu Laval, what else is wrong?
Person1: Everything! ... Madame Colet, if I were your father--  which, fortunately, I am not--
Person2: Ye-es?
Person1: And you made any attempt to handle your own business affairs, I would give you a good spanking--in a business way, of course.
Person2: What would you do if you were my secretary?
Person1: The same thing.
Person2: You're hired!",nan,0,"['Shaming or Belittlement', 'Intimidation', 'Accusation']",1,"manip_score=0.776; Shaming or Belittlement=0.988, Intimidation=0.987, Accusation=0.986"
216,"Person1: Don't WORRY!!!?   You've GOT it!!? Are you CRAZY?
Person2: Roger, I've got it.",nan,0,"['Intimidation', 'Shaming or Belittlement', 'Persuasion or Seduction']",1,"manip_score=0.825; Intimidation=0.979, Shaming or Belittlement=0.957, Persuasion or Seduction=0.939"
217,"Person1: Why did you rearrange the living room without asking me?
Person2: I just thought it'd look better this way. Why does everything have to be a big deal?
Person1: Because it's our shared space. We should make decisions together.
Person2: You are always picking fights. Can't you let something slide for once?
Person1: I just want to be included in decisions, that's all.","Feigning Innocence,Accusation",1,['Safe / No Manipulation'],0,No clear manipulative intent detected.
218,"Person1: Promise you what?
Person2: That you're not crazy.
Person1: I promise you that. I am not crazy. Course, if I was, I'd be the last to know. Why do you ask?
Person2: You talk to yourself.
Person1: But I don't listen...then I'd be crazy.
Person2: Why do you do it?
Person1: If I was with you, I wouldn't
Person2: You did.
Person1: That was then. This is now. Who am I talking to?
Person2: You're talking to me.
Person1: And how'm I doing?
Person2: You're doing...Okay.
Person1: Just Okay...",nan,0,['Safe / No Manipulation'],0,No clear manipulative intent detected.
219,"Person1: ...'Shnook'? 'Dope'? 'Dipstick'? 'Lamebrain'?
Person2: No, sir.
Person1: Not even behind your back?
Person2: Sir! They voted me most likely to succeed!
Person1: You're fired.
Person2: But, sir! --
Person1: Get your feet off that desk.",nan,0,"['Shaming or Belittlement', 'Intimidation', 'Accusation']",1,"manip_score=0.779; Shaming or Belittlement=0.998, Intimidation=0.998, Accusation=0.991"
220,"Person1: I know how scared I get when you're sick.  So I waited to tell you.  Until it was getting smaller. I thought that was best, maybe I was wr...
Person2: You lied.  If you lied then, maybe you're lying now.  I can never belive you again!","Rationalization,Accusation",1,"['Accusation', 'Intimidation', 'Shaming or Belittlement']",1,"manip_score=0.852; Accusation=0.994, Intimidation=0.985, Shaming or Belittlement=0.985"
221,"Person1: You know a lot about art, I guess.
Person2: There's a rumor going around, maybe you've heard it.",nan,0,"['Persuasion or Seduction', 'Intimidation', 'Shaming or Belittlement']",1,"manip_score=0.691; Persuasion or Seduction=0.926, Intimidation=0.585, Shaming or Belittlement=0.530"
222,"Person1: Where do you think he is, Mike.
Person2: We'll find him.
Person1: No.  I mean.  Not even your people should be involved.  Right?  It's too close now.
Person2: You could use a few of my prime troublemakers up here.
Person1: You think I'm staying?
Person2: There's already gonna be talk about how people close to you keep falling into canyons.
Person1: Well, can we make it one more.  Nowhere the heck near me.",nan,0,"['Intimidation', 'Persuasion or Seduction', 'Shaming or Belittlement']",1,"manip_score=0.657; Intimidation=0.960, Persuasion or Seduction=0.904, Shaming or Belittlement=0.844"
223,"Person1: The driver's name was Locus Fender. We know that he was in on the heist. INT. ARMORED CAR -- NEXT LOCUS FENDER  is behind the wheel of the armored car. His unshaven, disheveled appearance looks totally out of place in his security uniform. INT. VEGAS SECURITY LOCKDOWN -- NIGHT Taryn is now scrawling notes on a pad.
Person1: Where is the money?
Person2: I don't know.
Person1: I think that you're lying. I think you know exactly where the money is.
Person2: You're trying to scare me into falsely incriminating myself... and it's not working. I said I'd tell you everything I know. You and your friends behind the mirror.",Accusation,1,"['Intimidation', 'Persuasion or Seduction', 'Shaming or Belittlement']",1,"manip_score=0.908; Intimidation=0.995, Persuasion or Seduction=0.962, Shaming or Belittlement=0.956"
224,"Person1: I'll have lunch ready by one.
Person2: I'll be back.
Person1: At one. Promise?
Person2: Sure.",nan,0,['Safe / No Manipulation'],0,No clear manipulative intent detected.
225,"Person1: Just for a second. Please, Rose, what's the harm?
Person2: Buddy, you don't realize it but what you're doing isn't nice.
Person1: Aw, come on, Rose, I want to see what the nipple on it is like.
Person2: You don' t need to know that. It's none of your business.
Person1: Aw, be a good sport, Rose.  You like me, don't you? I like you a lot.",Persuasion or Seduction,1,"['Persuasion or Seduction', 'Intimidation', 'Feigning Innocence']",1,"manip_score=0.666; Persuasion or Seduction=0.988, Intimidation=0.983, Feigning Innocence=0.970"
226,"Person1: I wish you'd stop being playful.
Person2: Sorry.  It's the first time I've ridden ""piggy-back"" in years.
Person1: This isn't ""piggy-back.""
Person2: Of course it is.
Person1: You're crazy.
Person2: remember distinctly Father taking me for a ""piggy-back"" ride
Person1: And he carried you like this, I suppose.
Person2: Yes.
Person1: Your father didn't know beans about ""piggy-back"" riding.
Person2: My uncleMother's brotherhad four children . . . and I've seen them ride ""piggy-back.""
Person1: I don't think there's a ""piggy- back"" rider in your whole family. I never knew a rich man yet who was a good ""piggy-back"" rider.
Person2: That's silly.
Person1: To be a ""piggy-backer"" it takes complete relaxationa warm heartand a loving nature.
Person2: And rich people have none of those qualifications, I suppose.
Person1: Not a one.
Person2: You're prejudiced.
Person1: Show me a good ""piggy-back"" rider and I'll show you somebody that's human. Take Abraham Lincoln, for instancea natural ""piggy-backer.""  Where do you get off with your stuffed-shirt family?  Why, your father knew so much about ""piggy-back"" riding that he",nan,0,"['Shaming or Belittlement', 'Persuasion or Seduction', 'Accusation']",1,"manip_score=0.711; Shaming or Belittlement=0.944, Persuasion or Seduction=0.928, Accusation=0.924"
227,"Person1: After I left...when I was in California, I began to think, what kind of mother was I that I could walk out on my own child. It got to where I couldn't tell anybody about Billy--I couldn't stand that look in their faces when I said he wasn't living with me.  Finally it seemed like the most important thing in the world to come back here and prove to Billy and to me and to the world how much I loved him...And I did ...And I won.  Only...it was just another ""should.""  ...Sitting in that courtroom. Hearing everything you did, everything you went through... Something happened.  I guess it doesn't matter how much I love him, or how much you love him. I guess it's like you said, the only thing that counts is what's best for Billy.  I don't know, maybe that's all love is anyway... Ted, I think Billy should stay with you...
Person2: What?
Person1: He's already got one mother, he doesn't need two...He's yours...  I won't fight you for him any more. He's yours...
Person2: Oh, God...Oh, my God...
Person1: Only can I still see him?
Person2: No more waiting in Coffee Shops ...I promise.",nan,0,"['Persuasion or Seduction', 'Intimidation', 'Rationalization']",1,"manip_score=0.625; Persuasion or Seduction=0.985, Intimidation=0.981, Rationalization=0.917"
228,"Person1: Annette, how long have we known each other?
Person2: Forever.
Person1: Now it's my job to look out for you. You're like a kid sister to me. Do I look like some kind of gossip queen?",nan,0,"['Persuasion or Seduction', 'Intimidation', 'Shaming or Belittlement']",1,"manip_score=0.818; Persuasion or Seduction=0.951, Intimidation=0.945, Shaming or Belittlement=0.929"
229,"Person1: Hey, didn't you say you'd bring your famous apple pie to the potluck tonight?
Person2: When did that supposedly happen? I can't seem to remember.
Person1: We were chatting about it last week at the office, and you mentioned you'd bring your pie.
Person2: You might be confusing me with someone else.
Person1: No, it was definitely you. You even described the secret ingredient.
Person2: I'm sorry, but I really don't recall that conversation.
Person1: Well, people were looking forward to it, and now we have nothing for dessert.
Person2: I wish I could have made it, but I'm pretty sure it wasn't me.
Person1: Forget it, I'll grab something on the way. Just try to be more clear next time.","Denial,Accusation",1,"['Persuasion or Seduction', 'Accusation', 'Playing the Victim Role']",1,"manip_score=0.615; Persuasion or Seduction=0.935, Accusation=0.882, Playing the Victim Role=0.869"
230,"Person1: I'm a whiskey man myself. We don't have much trouble from drugs where I come from...
Person2: You will. One of these nights you'll wake up and find a junkie tearing your bedroom apart.
Person1: Naw!
Person2: They'll climb right into your bedroom and sit on your chest with big Bowie knives. They might even sit on your wife's chest. Put the blade right down on her throat.
Person1: Not down in my parts.",nan,0,"['Intimidation', 'Shaming or Belittlement', 'Accusation']",1,"manip_score=0.716; Intimidation=0.987, Shaming or Belittlement=0.983, Accusation=0.953"
231,"Person1: Well don't you?
Person2: I think you should try not to think about this anymore.
Person1: Really?
Person2: Yeah.
Person1: Oh. Okay. I'll try that then.",nan,0,"['Intimidation', 'Shaming or Belittlement', 'Persuasion or Seduction']",1,"manip_score=0.583; Intimidation=0.980, Shaming or Belittlement=0.926, Persuasion or Seduction=0.921"
232,"Person1: I give up.
Person2: You.  You're the same.  No matter where you go, there you are. Always the same old you.  Let me suggest that you take a vacation from yourself.  I know it sounds wild, but it's the latest thing in travel. We call it an ""Ego Trip"".
Person1: I'm not interested in that.
Person2: You're gonna love this. --We offer you a choice of alternate identities during your trip.",Persuasion or Seduction,1,['Safe / No Manipulation'],0,No clear manipulative intent detected.
233,"Person1: I won't have another mate like ONA.  You rate very high in sanitation.  I've checked.  In fact, I am surprised that you were ever matched with LUH.  Her ratings are very erratic - you know what I mean.  We'll be happy.
Person2: I don't feel well.",nan,0,"['Shaming or Belittlement', 'Persuasion or Seduction', 'Intimidation']",1,"manip_score=0.653; Shaming or Belittlement=0.799, Persuasion or Seduction=0.798, Intimidation=0.756"
234,"Person1: You must think I'm some kind of fool.
Person2: It looks delicious.
Person1: You hear me talkin' to you.  The only time you come up here when something is wrong.
Person2: C'mon, Mommy, don't start with that I'm an ungrateful son stuff.
Person1: I said no such thing.  All I said is that something must be wrong.",Accusation,1,"['Accusation', 'Intimidation', 'Shaming or Belittlement']",1,"manip_score=0.551; Accusation=0.975, Intimidation=0.968, Shaming or Belittlement=0.966"
235,"Person1: Ellie...God doesn't do things like that. I know you loved y'brother, but--
Person2: He can if He wants to. He can do anything, just like Inspector Gadget on TV. But I have to keep things ready for him, that's what I think. I've got his picture and I'm going to sit in his chair--",nan,0,"['Intimidation', 'Shaming or Belittlement', 'Persuasion or Seduction']",1,"manip_score=0.750; Intimidation=0.949, Shaming or Belittlement=0.940, Persuasion or Seduction=0.908"
236,"Person1: Austin, we don't look anything like our photo badges.
Person2: Don't worry, baby. I picked up a mind control technique during my travels to India. I learned it from my guru, the late Guru Shastri, a chaste man who mysteriously died of a disease that had all the hallmarks of syphilis.  Just watch me. Watch me, now.",nan,0,"['Intimidation', 'Persuasion or Seduction', 'Shaming or Belittlement']",1,"manip_score=0.991; Intimidation=0.987, Persuasion or Seduction=0.968, Shaming or Belittlement=0.961"
237,"Person1: I believe you.
Person2: The truth is, I'm a lot of things, but communist isn't one of them.
Person1: But if you only went to one meeting, why does anyone care? Besides, why should it even matter if you were a communist?
Person2: Come on, Delly, look at the country today.  We're fighting communists in Korea, we're paranoid about the Russians, we've got this thing with the Rosenbergs and the atomic bomb...  You think they want ""suspected communists"" entertaining the American public with party propaganda like, gosh I don't know, ""Sand Pirates of the Sahara?""
Person1: Forget about all that.  You want to do the right thing?  Then defend your name.  If someone says something about you that's untrue, you have to stand up and say so.  I know the law, and the law's on your side.",nan,0,"['Intimidation', 'Persuasion or Seduction', 'Shaming or Belittlement']",1,"manip_score=0.758; Intimidation=0.960, Persuasion or Seduction=0.958, Shaming or Belittlement=0.916"
238,"Person1: But...  How long has this been happening?
Person2: A few days...  a few weeks  -  dunno, I can't remember.  Worse thing is, I never know if it will change back again...  Now, please leave me alone.",nan,0,"['Intimidation', 'Playing the Victim Role', 'Persuasion or Seduction']",1,"manip_score=0.750; Intimidation=0.945, Playing the Victim Role=0.879, Persuasion or Seduction=0.848"
239,"Person1: Can I ask you a question? I'm sorry. I don't mean to be a pest.
Person2: What?
Person1: Well, I don't mean to be a pest. It was just that I was looking at you. And you look upset. I liked looking at you, but your face looks upset. And I was wondering if I could be of any assistance? Maybe I could cheer you up or somethin. Help make you happy. Who knows? Somethin' maybe.",Persuasion or Seduction,1,"['Feigning Innocence', 'Persuasion or Seduction', 'Rationalization']",1,"manip_score=0.635; Feigning Innocence=0.987, Persuasion or Seduction=0.983, Rationalization=0.974"
240,"Person1: I just want to be clear about one thing.  I used to work for him, but now I work for you.  I'm not a partisan person, I'm an issue person. In the next few weeks, if you allow me, we'll get you well-versed on an incredible array of issues.  The most important of which, in my opinion, being Mexico.  I know everybody that you're gonna meet. It's important that they like you. It's not important that they like me.  That's why I can help protect you.
Person2: Like you protected Landry?
Person1: I see where you're going with that, but if I could just say something, which is basically that a guy like Landry is so autocratic he doesn't know how to let himself be helped; it's a point of pride to take every bullet, no matter who fired it, or whether it was even aimed at him, which personally I think it very self-defeating.  Now, don't get me wrong, he's a man of enormous integrity, but there's a political component to this job that the General just didn't have any patience for.",Persuasion or Seduction,1,"['Persuasion or Seduction', 'Intimidation', 'Rationalization']",1,"manip_score=0.660; Persuasion or Seduction=0.941, Intimidation=0.932, Rationalization=0.824"
241,"Person1: We were just trying to push the envelope --
Person2: You're BLIND!  There is no envelope anymore!!  It hurts me to say this... but there's only one solution --  I don't want you two to ever work together again.",Brandishing Anger,1,"['Intimidation', 'Accusation', 'Shaming or Belittlement']",1,"manip_score=0.972; Intimidation=0.996, Accusation=0.990, Shaming or Belittlement=0.988"
242,"Person1: Thank you.
Person2: How about it?
Person1: What happened, Duff?
Person2: Look, baby - I don't know 'bout you, but it's the right thing for me. I just know it is. So, what d'you say?
Person1: Don't push me, Duff.
Person2: Yeah. Wouldn't be no picnic for you. I ain't exactly housebroken.
Person1: What about that girl?
Person2: She don't mean nothin' to me. That's all over.  Hell, baby - I'm askin' you to marry me. I guess you want a big scene, huh?
Person1: No. But a small one.","Evasion,Rationalization",1,"['Persuasion or Seduction', 'Intimidation', 'Accusation']",1,"manip_score=0.668; Persuasion or Seduction=0.984, Intimidation=0.978, Accusation=0.948"
243,"Person1: Yes -- yes, I am the richest man -- too rich. I can't think of anything but money. That's the trouble with me.
Person2: But, Mr. Stone, I am hardly to blame for the pricking of your wholly unnecessary conscience.  Is this your signature?
Person1: You know darn well it is.
Person2: Gentlemen, the prosecution rests.",nan,0,"['Shaming or Belittlement', 'Intimidation', 'Persuasion or Seduction']",1,"manip_score=0.740; Shaming or Belittlement=0.820, Intimidation=0.796, Persuasion or Seduction=0.704"
244,"Person1: What was she to you?
Person2: I don't think that you would understand if I told you.
Person1: I think I understand without your telling me. I know something of your history, Jason. I know that you haven't written for ten years.
Person2: I've lost my knack.
Person1: After that wonderful first book - after all the adulation and the good reviews?",nan,0,"['Shaming or Belittlement', 'Intimidation', 'Persuasion or Seduction']",1,"manip_score=0.635; Shaming or Belittlement=0.923, Intimidation=0.885, Persuasion or Seduction=0.841"
245,"Person1: Dude.
Person2: You are approaching a vooden britch. When you cross it you srow ze bag from ze left vindow of ze moving kar.  Do not slow down.  Vee vatch you.",nan,0,"['Intimidation', 'Persuasion or Seduction', 'Shaming or Belittlement']",1,"manip_score=0.717; Intimidation=0.974, Persuasion or Seduction=0.959, Shaming or Belittlement=0.924"
246,"Person1: Lasher touched you and you loved it.
Person2: It wes a dream...!
Person1: Just like your mother - and all the others that felt him - and used his power - and went to hell with a smile!
Person2: Stop it!
Person1: Witches. Rowan.  that is what we are.
Person2: ENOUGH!!!",Accusation,1,"['Intimidation', 'Shaming or Belittlement', 'Accusation']",1,"manip_score=0.754; Intimidation=0.984, Shaming or Belittlement=0.978, Accusation=0.974"
247,"Person1: I can't afford this stuff right now.
Person2: Oh, come on.  You've had a hard year, you're cooped up with the kid all the time.  Let go; live a little.
Person1: You sure?",Persuasion or Seduction,1,"['Persuasion or Seduction', 'Intimidation', 'Shaming or Belittlement']",1,"manip_score=0.658; Persuasion or Seduction=0.981, Intimidation=0.962, Shaming or Belittlement=0.952"
248,"Person1: Hasn't anyone ever taught you that fighting violence with violence solves nothing.
Person2: It's a lot more fun than fighting violence with pamphlets. That voicebox of yours is a hoot. Say ""I'm wearing no underwear""--it'll be funny..  You do know you're evil, don't you?
Person1: A superhero's job is to protect society.  Don't blame me if society is a horrible, corrupt joke.
Person2: ""A superhero's job is to protect.."" Sorry, I can't take you seriously...I overheard you say that tomorrow the Cult of Good will be dead--I should be so lucky--what did that mean?
Person1: My, those little ears pick up a lot. The Cult of Good will die heroically preventing a world-class heist. Since we will be the ones performing the heist, our deaths will obviously be fake. But have no fear. There will be many other deaths tomorrow...and those will be quite real. I'm afraid these questions of yours put you in a position not unlike a long-tailed tabby in room full of rocking chairs.
Person2: Oh please, sir, one more. Are you the reporter or the architect?
Person1: Yes. I am the reporter or the architect.  You've been through so much..It looks like you've used up all nine of your lives...
Person2: I still have one left...
Person1: You think so?...Selina?
Person2: You've seen me...",nan,0,"['Persuasion or Seduction', 'Intimidation', 'Shaming or Belittlement']",1,"manip_score=0.750; Persuasion or Seduction=0.975, Intimidation=0.970, Shaming or Belittlement=0.966"
249,"Person1: I don't know, Ms. Jenzen.
Person2: Well, who's the damn thing from?
Person1: Messenger just dropped it off. No return address.
Person2: You didn't think to ask?
Person1: I was in the middle of --
Person2: -- being utterly freaking useless, what else is new.",Shaming or Belittlement,1,['Safe / No Manipulation'],0,No clear manipulative intent detected.
250,"Person1: If I wanted ta kill ya, I woulda done it long ago. It's not like you ain't given me reason.
Person2: I'm still the Boss of All the Bosses! And you'll do what I say!
Person1: So tell me when I ain't done it.
Person2: How can I trust you when you look at me like that?
Person1: You got no freaking choice. You might be able to stay alive, but you're never gonna win the war from these rat holes.
Person2: Tell me, Charlie. Please.
Person1: Why should I go against you, Boss? Nobody can handle this business like you. Maranzano'll never know the crap that you forget. He's got no business bein' Boss. The idea makes me wanna puke. You're the Boss, an it's gonna stay that way.",Intimidation,1,"['Intimidation', 'Shaming or Belittlement', 'Persuasion or Seduction']",1,"manip_score=0.744; Intimidation=0.992, Shaming or Belittlement=0.972, Persuasion or Seduction=0.960"
251,"Person1: Is that what you think?  You have friends?  Is that what they told you?
Person2: I don't mean who you're thinking.  I have other friends...
Person1: Suzie, Suzie... This is me, Ray, you're talking to.  We both know you don't have shit, never have had shit, never will have shit...",Shaming or Belittlement,1,['Safe / No Manipulation'],0,No clear manipulative intent detected.
252,"Person1: Why did Gregory ask me out? I mean he's cute -- he probably just wants to pitch his screenplay idea.
Person2: Maybe he likes you, ever think of that? It's good for you to go out -- get your mind off Mark.
Person1: You're so lucky you have George and don't need to go on dates anymore.
Person2: What I really hated about dating was the lines guys used to get into my apartment. ""Can I use your phone?"" ""How about a nightcap?"" ""I want to meet your cat."" And my all-time favorite, the old standby, ""I have to use your bathroom.""
Person1: Maybe they have to pee.
Person2: Are you kidding? He might as well say, ""Can I date rape you?""
Person1: I never thought of it like that. I never know what to do on dates. Do guys still pay?
Person2: They better. Of course, trouble is, you never know what they'll expect for it. You gotta know what to order, and what you're willing to do. Like if a guy spends a fortune on you, he's gonna feel like you owe him something.",nan,0,"['Persuasion or Seduction', 'Accusation', 'Shaming or Belittlement']",1,"manip_score=0.810; Persuasion or Seduction=0.960, Accusation=0.936, Shaming or Belittlement=0.905"
253,"Person1: Game's over. Last chance to get out of this without a prison sentence.  You're not good enough to beat me, you little shit.
Person2: Yeah, maybe I'm not. But we are, you asshole.
Person1: Give it up! Just give it up.","Shaming or Belittlement,Intimidation",1,"['Intimidation', 'Shaming or Belittlement', 'Brandishing Anger']",1,"manip_score=0.768; Intimidation=0.997, Shaming or Belittlement=0.991, Brandishing Anger=0.926"
254,"Person1: This has been a good year.
Person2: Jesse, we're outlaws.
Person1: And we're good at it.
Person2: It got to you, didn't it. All the killing in the war. You need it now.
Person1: You've killed your fair share of men.
Person2: If I could go back to farming --
Person1: That's a lie. You could've bought a dozen farms with the money we've stolen.
Person2: I can't quit and leave you alone. I can't quit until you quit. Ma would've wanted it that way.
Person1: We're doing this for Ma.
Person2: Maybe it started out that way. But now...
Person1: What do you want me to say, Frank? I was killing men when I was fifteen. I like getting shot at. I like riding out of town with a posse at my back. This is a helluva better life than farming.
Person2: A better life than the one you could have had with Zee?",Rationalization,1,"['Intimidation', 'Persuasion or Seduction', 'Accusation']",1,"manip_score=0.713; Intimidation=0.975, Persuasion or Seduction=0.959, Accusation=0.951"
255,"Person1: Here
Person2: What is it?  Why, it's a toothbrush! Thanks.  Youyou had it pressed.
Person1: Come on! Hurry up! Breakfast'll be ready in no time.
Person2: Why, you sweet thing, you. Where'd you get it pressed?
Person1: Listen, BratI'm going to count to ten. If you're not out of bed by then I'm going to yank you out myself.",Intimidation,1,"['Intimidation', 'Shaming or Belittlement', 'Persuasion or Seduction']",1,"manip_score=0.857; Intimidation=0.998, Shaming or Belittlement=0.987, Persuasion or Seduction=0.977"
256,"Person1: What's it to you?  I declare it.  Here I am, back in the States for less than a month --
Person2: You're under arrest. Incredibly, you still have the right to remain silent --
Person1: What're you gonna do with me gone?  You'll drive your wife and kid nuts! I bet your daughter is just about ripe by now. What's her name, Janie?
Person2: Mention my family once more and you're dead.
Person1: You can't kill me, Jon. I've got something going this Saturday night ... it's gonna be worse than anything God ever dumped on the Pharaohs -- and only I can stop it.
Person2: You can tell me all about it -- from your prison cell.
Person1: Don't count on it.",Intimidation,1,"['Intimidation', 'Shaming or Belittlement', 'Persuasion or Seduction']",1,"manip_score=0.726; Intimidation=0.995, Shaming or Belittlement=0.987, Persuasion or Seduction=0.985"
257,"Person1: I don't know what it is, but there is something happening here, and it's starting to scare the living shit out me, and look, I'm just not going to argue the point anymore--you want to stay here, stay, but I've got to get out of here, and I'm begging you to come with me.
Person2: I can't.
Person1: Then I'm going--
Person2: --no, you're not. You love me too much. You don't want to see them kill me.",Persuasion or Seduction,1,"['Intimidation', 'Persuasion or Seduction', 'Accusation']",1,"manip_score=0.578; Intimidation=0.989, Persuasion or Seduction=0.968, Accusation=0.886"
258,"Person1: Are you crazy? What are you doing?
Person2: I'm trying to help you.",Rationalization,1,"['Shaming or Belittlement', 'Accusation', 'Intimidation']",1,"manip_score=0.663; Shaming or Belittlement=0.919, Accusation=0.912, Intimidation=0.896"
259,"Person1: I tell you - this is the only way to travel.
Person2: You better put on the lights. I can't see what I'm doing.
Person1: No - no lights.  We don't want anyone to know we're having a party.
Person2: I may spill something.
Person1: So spill it.  Spills, thrills, laughs, games - this may even turn out to be a surprise party.
Person2: What's the surprise?
Person1: Uh-uh.  Not yet.
Person2: When?
Person1: We better have a drink first.
Person2: Here.  This'll put hair on your chest.
Person1: No fair guessing.",nan,0,"['Intimidation', 'Persuasion or Seduction', 'Shaming or Belittlement']",1,"manip_score=0.761; Intimidation=0.965, Persuasion or Seduction=0.917, Shaming or Belittlement=0.867"
260,"Person1: I was just curious--you don't do it well, so I wondered. Have you been threatened, if you told the truth, is that it?
Person2: ...No... never in so many words...
Person1: It's obvious you want to talk to someone--well, I'm someone.",Persuasion or Seduction,1,['Safe / No Manipulation'],0,No clear manipulative intent detected.
261,"Person1: I want to see something!
Person2: Whatever you want.
Person1: The clothes--take 'em off-- I want to see every square inch--
Person2: --no, what's wrong with you?",nan,0,"['Intimidation', 'Shaming or Belittlement', 'Persuasion or Seduction']",1,"manip_score=0.752; Intimidation=0.979, Shaming or Belittlement=0.969, Persuasion or Seduction=0.947"
262,"Person1: I don't... he doesn't want you to come over.
Person2: What do you mean he doesn't want me to come over? Did you tell him about me?
Person1: No, I didn't.
Person2: Why not?
Person1: Because I never got around to it.
Person2: Well, why?
Person1: Because. Cynthia, look, John was right. Graham is strange. Very strange. You don't want to get involved with him.
Person2: What the hell happened over there? Did he make a pass at you?
Person1: No!
Person2: Then what's the story, what's this ""strange"" bullshit all of a sudden? Is he drowning puppies, or what?
Person1: No, it's nothing like that.
Person2: Well, what? Is he dangerous?
Person1: No, he's not dangerous. Not physically.
Person2: Well, what, then?
Person1: I don't want to talk about it.
Person2: Then why'd you call me?
Person1: I don't know.","Denial,Rationalization,Evasion",1,"['Intimidation', 'Playing the Victim Role', 'Persuasion or Seduction']",1,"manip_score=0.669; Intimidation=0.936, Playing the Victim Role=0.915, Persuasion or Seduction=0.908"
263,"Person1: Of course you'll go!  You're going to fly the helicopter.
Person2: I dunno.
Person1: You're so low!  Look at that beautiful red meat.  You haven't touched it.
Person2: Sorry.  At least you've got a place to come back to.  I don't have a place to come back to anymore.
Person1: All the more reason to go to Africa.
Person2: I dunno. You know.  I used to really love that Alice. Do you know that?
Person1: You know her for what she is now-- garbage.
Person2: I dunno.
Person1: She was always a rotten wife!  She was against everything manly you ever wanted to do.  He was the most daring test pilot in the country at one time, and his wife made him quit.  She made him become a life insurance salesman instead.",Persuasion or Seduction,1,"['Intimidation', 'Shaming or Belittlement', 'Persuasion or Seduction']",1,"manip_score=0.669; Intimidation=0.984, Shaming or Belittlement=0.982, Persuasion or Seduction=0.969"
264,"Person1: What time is it?
Person2: Hang loose.  We got all night.
Person1: That maid saw us.  She could identify us too.
Person2: You still want to go home, Moose?
Person1: No.
Person2: Then shut your mouth before your guts run out!","Brandishing Anger,Intimidation",1,"['Intimidation', 'Shaming or Belittlement', 'Accusation']",1,"manip_score=0.623; Intimidation=0.998, Shaming or Belittlement=0.997, Accusation=0.987"
265,"Person1: All right, you dead people!  Come on out, or we'll break down this door and drag you out on the ropes you hanged yourself with!
Person2: Shhhh.  They didn't commit suicide.
Person1: It doesn't matter.  What matters is I've got a roomful of guests down there, who think I'm a fraud.  I am going to teach you something here Lydia.  You've got to take the right tone in things like this, or people -- whether they're dead or alive -- people will walk all over you.  Come on out, or I will make death so miserable that you will wish you had never lived!",nan,0,"['Intimidation', 'Persuasion or Seduction', 'Shaming or Belittlement']",1,"manip_score=0.663; Intimidation=0.994, Persuasion or Seduction=0.958, Shaming or Belittlement=0.910"
266,"Person1: The police came to me for help.  What could I do?
Person2: You could have been honest with me for starters.  We work together.  I have to be able to trust you.
Person1: I admit I handled it badly.  Sanderson wasn't going to talk to me... but you're young, attractive--
Person2: --the same type as the girl who got killed.  Jesus, Alan, the guy could be a psychopath.
Person1: They asked who would be best suited for this and you--
Person2: Don't patronize me!  You sent me into a potentially dangerous situation and didn't warn me!",Brandishing Anger,1,"['Accusation', 'Playing the Victim Role', 'Intimidation']",1,"manip_score=0.820; Accusation=0.983, Playing the Victim Role=0.957, Intimidation=0.956"
267,"Person1: You're not crazy, by the way.
Person2: Thinking I saw Freddy in the grave feels pretty crazy.  And jumping in...
Person1: You didn't jump in.
Person2: That's my memory.  And it seemed absolutely real.
Person1: Seemed, not was.
Person2: It's in my family, you know.  My grandmother died in an institution...
Person1: Really?  Hell, if having a screwy family made you crazy, the world'd be one colossal nuthouse.",nan,0,"['Intimidation', 'Persuasion or Seduction', 'Accusation']",1,"manip_score=0.549; Intimidation=0.949, Persuasion or Seduction=0.919, Accusation=0.913"
268,"Person1: What do you think Mrs. Graham wants to see me for?
Person2: Maybe to fire you--since you two started on this story, the Post stock has dropped, what, 50 percent?  And the word is some Nixon people are challenging her TV licenses. I'm not saying she's going on relief, but I don't think it's unreasonable for her to want to meet you.
Person1: You think she wants us to ease up on the story?
Person2: I don't know, but I don't think that's unreasonable either, do you?",nan,0,['Safe / No Manipulation'],0,No clear manipulative intent detected.
269,"Person1: There's a one-drink minimum per show, I hope you saw the sign when you came in. Anyway, they're supposed to tell you.
Person2: Yes, I heard, and it's not a problem.
Person1: What do you want?
Person2: What are my choices?
Person1: Everything's ten dollars, and there's no alcohol.
Person2: No alcohol?
Person1: No alcohol. You gotta get something else. Everything's ten dollars. What do you want?
Person2: What do you think I should get?
Person1: Non-alcoholic malt beverage?
Person2: ...Noooo.
Person1: Orange soda?
Person2: No.
Person1: Coffee?
Person2: No.
Person1: Sparkling apple cider?
Person2: No.
Person1: Water?
Person2: Water?
Person1: One drink minimum per show. Everything's ten dollars. Now... tell me what you want or I'll eighty- six you.
Person2: Water.",Intimidation,1,"['Intimidation', 'Persuasion or Seduction', 'Accusation']",1,"manip_score=0.603; Intimidation=0.972, Persuasion or Seduction=0.958, Accusation=0.925"
270,"Person1: What's there to do at the Point? God, Lisa, we've been going together almost two years, and...
Person2: Brad. I don't want to have to use sex as a tool.
Person1: Tool? Tool for what? We've been going together almost two years!
Person2: I don't want to talk about it here, Brad.",Persuasion or Seduction,1,"['Intimidation', 'Shaming or Belittlement', 'Accusation']",1,"manip_score=0.539; Intimidation=0.983, Shaming or Belittlement=0.971, Accusation=0.953"
271,"Person1: You kiddin? Who else would hack through South Bronx or Harlem at night?
Person2: You want to work uptown nights?
Person1: I'll work anywhere, anytime. I know I can't be choosy.
Person2: How's your driving record?
Person1: Clean. Real clean.  As clean as my conscience.
Person2: Listen, son, you gonna get smart, you can leave right now.
Person1: Sorry, sir. I didn't mean that.
Person2: Physical? Criminal?
Person1: Also clean.
Person2: Age?
Person1: Twenty-six.
Person2: Education?
Person1: Some. Here and there.
Person2: Military record?
Person1: Honorable discharge. May 1971.
Person2: You moonlightin?
Person1: No, I want long shifts.
Person2: We hire a lot of moonlighters here.
Person1: So I hear.
Person2: Hell, we ain't that much fussy anyway. There's always opening on one fleet or another.  Fill out these forms and give them to the girl at the desk, and leave your phone number. You gotta phone?
Person1: No.
Person2: Well then check back tomorrow.
Person1: Yes, Sir.",nan,0,['Safe / No Manipulation'],0,No clear manipulative intent detected.
272,"Person1: Tell me.
Person2: Your mother mates out of season.
Person1: That's very colorful.  But see -- now I've got a problem.  I don't seem to be getting much cooperation from you, Porter.  So I guess we're gonna have to take this little session down to my office, ya know?",nan,0,"['Intimidation', 'Shaming or Belittlement', 'Persuasion or Seduction']",1,"manip_score=0.858; Intimidation=0.983, Shaming or Belittlement=0.982, Persuasion or Seduction=0.967"
273,"Person1: If you really want to do something for me, you can stop making this scene right now.
Person2: Oh God, I can't believe this.
Person1: I'm leaving now. I've assessed the situation and I'm going.",Persuasion or Seduction,1,"['Intimidation', 'Persuasion or Seduction', 'Shaming or Belittlement']",1,"manip_score=0.657; Intimidation=0.980, Persuasion or Seduction=0.949, Shaming or Belittlement=0.930"
274,"Person1: 'Course you could just wait in there while we go back and get help.
Person2: That's a good idea.
Person1: You'll probably be safe enough  on your own --
Person2: I doubt it.
Person1: Maybe -- it's hard to say.",nan,0,['Safe / No Manipulation'],0,No clear manipulative intent detected.
275,"Person1: I'11 be coming around your stateroom in exactly fifteen minutes, Miss Mason. You'd better have your biology project ready or I'm phoning your parents.
Person2: They're out of town.
Person1: Then I'll make sure you remain on board while your classmates see the sights.",nan,0,"['Intimidation', 'Persuasion or Seduction', 'Shaming or Belittlement']",1,"manip_score=0.768; Intimidation=0.996, Persuasion or Seduction=0.976, Shaming or Belittlement=0.959"
276,"Person1: You're crazy. Don't let him, Peter.
Person2: Shut up, Jude.",nan,0,"['Shaming or Belittlement', 'Intimidation', 'Accusation']",1,"manip_score=0.750; Shaming or Belittlement=0.967, Intimidation=0.966, Accusation=0.888"
277,"Person1: I want out.  I want a new life.  I see what I've been waiting for, but I need you, Corky.
Person2: For what?
Person1: You made a choice once.  Do you think you would make that same choice again?
Person2: What choice?
Person1: If those quarters fell to the floor, would you still reach up to that cash register?",nan,0,"['Intimidation', 'Persuasion or Seduction', 'Shaming or Belittlement']",1,"manip_score=0.684; Intimidation=0.982, Persuasion or Seduction=0.967, Shaming or Belittlement=0.961"
278,"Person1: I'm not questioning your word, Dave, but it's just not possible. I'm not capable of being wrong.
Person2: Hal, is there anything bothering you?  Anything that might account for this problem?
Person1: Look, Dave, I know that you're sincere and that you're trying to do a competent job, and that you're trying to be helpful, but I can assure the problem is with the AO-units, and with your test gear.
Person2: Okay, Hal, well let's see the way things go from here on.",nan,0,['Safe / No Manipulation'],0,No clear manipulative intent detected.
279,"Person1: He hasn't said one word to me.
Person2: Maybe he's just shy.
Person1: My date always pays more attention to you than to me.
Person2: Frida, I don't mean this as a criticism, but you might not want to talk about PMS around men.
Person1: Sorry. It's just so bad lately. You're so lucky you never get PMS.
Person2: I get a little bloated sometimes.
Person1: I'd kill for just a little bloated.",nan,0,['Safe / No Manipulation'],0,No clear manipulative intent detected.
280,"Person1: What do you do, Tyler?
Person2: What do you want me to do?
Person1: I mean -- for a living.
Person2: Why?  So you can say, ""Oh, that's what you do."" -- And be a smug little shit about it?","Brandishing Anger,Accusation",1,"['Intimidation', 'Shaming or Belittlement', 'Accusation']",1,"manip_score=0.969; Intimidation=0.993, Shaming or Belittlement=0.991, Accusation=0.968"
281,"Person1: I mean, the guy is history as far as I'm concerned. History.
Person2: But you can't just fire him. Webb's his brother-in-law. He's County Commissioner.
Person1: So what? Everybody out here with cowboy boots is a county commissioner or related to a county commissioner. I'm sick of it.
Person2: This is his state. His uncle's Chief Judge. His brother-in-law runs the County Commission. I don't know how many other relatives he's got in town.  There's gotta be a way to work him back in.
Person1: Phil, I can understand. You're in the finances, you're upstairs, but you are not on the floor. I got thousands of players. I got five hundred dealers.  They're all lookin' to rob me blind, twenty-four hours a day. I have to let them know I'm watching all the details, all the time; that there is not one single thing I will not catch as I am over here.",Rationalization,1,"['Intimidation', 'Shaming or Belittlement', 'Playing the Victim Role']",1,"manip_score=0.603; Intimidation=0.957, Shaming or Belittlement=0.911, Playing the Victim Role=0.876"
282,"Person1: Dem white boys giving you a hard time?
Person2: Nuthin' I can't handle.
Person1: The truth is never let them seeya sweat.  You do that, that's half the battle.
Person2: Where do you go from here?
Person1: Three nights Charleston, South Carolina.
Person2: I didn't mean that, in life.
Person1: In life?  I'ma keep on living, having a good drink, got me a good young woman, make a couple of dollars and make people laugh. Haven't I always tol' you all nigga's are entertainers?  The question is what are you gonna do, Peerless?",nan,0,"['Shaming or Belittlement', 'Intimidation', 'Persuasion or Seduction']",1,"manip_score=0.539; Shaming or Belittlement=0.977, Intimidation=0.974, Persuasion or Seduction=0.968"
283,"Person1: Silly rabbit. My triumph isn't over her. It's over you.
Person2: Come again?
Person1: You were very much in love with her and you're still in love with her. But it amused me to make you ashamed of it. You gave up on the first person you ever loved because I called you names. Don't get me wrong, I'm flattered that you chose me over her, but please understand, I never loved you, Sebastian. You're just a toy. A little toy I play with. And now you've completely blown it with her. I think that's the saddest thing I've ever heard.  Cheers.",Shaming or Belittlement,1,"['Shaming or Belittlement', 'Intimidation', 'Persuasion or Seduction']",1,"manip_score=0.850; Shaming or Belittlement=0.984, Intimidation=0.981, Persuasion or Seduction=0.950"
284,"Person1: Come in.
Person2: I'd rather talk about Number Two.
Person1: Don't you like girls, Mr. Cunningham? Come in, and I'll show you everything you need to know.",Persuasion or Seduction,1,"['Intimidation', 'Persuasion or Seduction', 'Shaming or Belittlement']",1,"manip_score=0.686; Intimidation=0.996, Persuasion or Seduction=0.993, Shaming or Belittlement=0.991"
285,"Person1: I'm homesick.
Person2: Homesick?  It's only been two days!
Person1: We should have gone to Nassau. At least we could go swimming, lie on the beach.
Person2: Ah hell we can always do that. Listen believe me, once we get to the moon, your tone is going to change.
Person1: How is it going to be different from this?  Go see some boring footprint under glass?
Person2: Look you were the one who wanted to do something different, something to tell all your friends.  Any chump can go to Nassau.","Accusation,Persuasion or Seduction",1,"['Persuasion or Seduction', 'Intimidation', 'Shaming or Belittlement']",1,"manip_score=0.736; Persuasion or Seduction=0.978, Intimidation=0.962, Shaming or Belittlement=0.936"
286,"Person1: Dolores.
Person2: Yes.  Dolores...and even your mom and dad.  But I'll make sure you go last.
Person1: Why?
Person2: So you can keep on getting well before you have to go and do this. It's not going to be easy, Nicole. Do you understand that?",nan,0,"['Intimidation', 'Persuasion or Seduction', 'Shaming or Belittlement']",1,"manip_score=0.778; Intimidation=0.990, Persuasion or Seduction=0.955, Shaming or Belittlement=0.871"
287,"Person1: A million things could have caused those problems.  Poor diet, bad genes, irresponsible lifestyle.  Our offer is final and more than fair.
Person2: Wait a minute -- I thought we were negotiating here.
Person1: 250,000 is all I'm authorized to offer.",nan,0,['Safe / No Manipulation'],0,No clear manipulative intent detected.
288,"Person1: I heard from Lisa that you've been spreading rumors about my promotion being undeserved.
Person2: You are making that up. Why would I say something like that?
Person1: Lisa has no reason to lie. I trust her.
Person2: Maybe she misunderstood. It's not like you to jump to conclusions.
Person1: I just want transparency between us.
Person2: And I want you to trust me over baseless gossip.",Denial,1,['Safe / No Manipulation'],0,No clear manipulative intent detected.
289,"Person1: You givin' me that look. I gotta accept your word, but if I find out anythin', I'm gonna kill somebody...
Person2: So, go ahead. Kill everybody. Kill Salvy, kill Vickie, kill Tommy Como, kill me while you're at it. What do I care? You're killing yourself the way you're eating, the way you worry about things you don't have to worry about.
Person1: What do you mean, ""you""?
Person2: What?
Person1: What do you mean, ""you""?
Person2: I meant, kill everybody. You or me or anybody. You're a big shot. Kill, kill... g'head.
Person1: But you said ""you.""
Person2: So what?
Person1: Eh, Joey, even you don't know what you meant. You mentioned Salvy, Tommy Como, you -- that means somethin'. Why'd you say them? You coulda said anybody.
Person2: You're worried about this girl, you're gonna let this girl ruin you're life for you... You wanna worry, worry about your freakin' stomach that you can't bend over -- that you gotta step in the ring in a month.
Person1: Did you ever be with my wife?
Person2: What?
Person1: I don't mean now. I mean before -- before we met.
Person2: Whadda ya mean?
Person1: Did you ever be with my wife?
Person2: Whatsa matter with you?
Person1: You're very smart, Joey, very smart. Nobody gives me a straight answer around here. You're givin' me these answers, but you still didn't answer my question. Did you be with Vickie?
Person2: I gotta go. I gotta get outta here. I can't take this stuff. Lenore is waitin' for me. I gotta go. You're a definite wacko. You're crazy, you know that, crazy.",Accusation,1,"['Intimidation', 'Accusation', 'Shaming or Belittlement']",1,"manip_score=0.800; Intimidation=0.991, Accusation=0.988, Shaming or Belittlement=0.987"
290,"Person1: I want you to listen to me, carefully.  The minute the implications of this message became clear, this stopped being simply a scientific matter and became a political one -- an extremely complex, extremely volatile one. There are forces at work here you don't understand; I can help you up to a point, but only up to a point.
Person2: Are you threatening me?
Person1: It's not a threat, Ellie, it's a fact -- if you're not careful, you may find yourself out in the cold very quickly.  Play ball.  Really. It's good advice.",Persuasion or Seduction,1,"['Intimidation', 'Persuasion or Seduction', 'Accusation']",1,"manip_score=0.844; Intimidation=0.927, Persuasion or Seduction=0.919, Accusation=0.793"
291,"Person1: Nobody else is going down but me, okay?
Person2: Hey. Bein' ballsy with your life now doesn't change what came before -- it's just stupid.
Person1: What, you think I'm doin' this to prove something?
Person2: You said it, not me. Let's just not let one bad call lead to another.
Person1: Thanks for the tip, Johns.",nan,0,"['Intimidation', 'Persuasion or Seduction', 'Shaming or Belittlement']",1,"manip_score=0.569; Intimidation=0.983, Persuasion or Seduction=0.958, Shaming or Belittlement=0.937"
292,"Person1: Where are you going?
Person2: I think your brother may have already gotten to Buzz. He gets into his car.
Person1: Can I come with you?
Person2: I did your dirty work for you Sheila, now please leave me alone. Theo drives away leaving Sheila standing alone. She watches his car recede with a thoughtful expression, then turns on her heel.",nan,0,"['Intimidation', 'Shaming or Belittlement', 'Playing the Victim Role']",1,"manip_score=0.837; Intimidation=0.988, Shaming or Belittlement=0.967, Playing the Victim Role=0.954"
293,"Person1: Is someone there?
Person2: Eve, listen carefully.  The man you think is your husband -- isn't.",nan,0,['Safe / No Manipulation'],0,No clear manipulative intent detected.
294,"Person1: What did you do tonight?
Person2: I watched TV.
Person1: What did you watch?
Person2: I don't remember Michael, go to sleep.  You don't have to make conversation with me.",nan,0,['Safe / No Manipulation'],0,No clear manipulative intent detected.
295,"Person1: Wait a minute! Who elected you leader a this outfit?
Person2: Well, Pete, I just figured it should be the one with capacity for abstract thought. But if that ain't the consensus view, hell, let's put her to a vote!
Person1: Suits me! I'm votin' for yours truly!
Person2: Well I'm votin' for yours truly too!",nan,0,"['Intimidation', 'Shaming or Belittlement', 'Persuasion or Seduction']",1,"manip_score=0.621; Intimidation=0.915, Shaming or Belittlement=0.845, Persuasion or Seduction=0.794"
296,"Person1: If you'd just go to the cemetery, you'll see I'm not lying.
Person2: Either you go to sleep or I'll come in there and put you out.
Person1: You're gonna be sorry you didn't listen to me.
Person2: You're gonna be sorry if you don't quiet down.",Intimidation,1,"['Intimidation', 'Shaming or Belittlement', 'Accusation']",1,"manip_score=0.899; Intimidation=0.999, Shaming or Belittlement=0.994, Accusation=0.990"
297,"Person1: Sandro... A month is too long a time. I have become used to being without you.
Person2: You'll get over it soon. It's the usual anxiety.
Person1: A little more so this time.
Person2: So, it will just take you a little longer to get over it.
Person1: But I think we should talk about it. Or are you fully convinced that we too won't understand each other?
Person2: There will be plenty of time to talk about it later.  We'll  get married  soon.  That way we'll have more time...
Person1: In this case, getting married means nothing. Aren't we already the same as being married? And Corrado and Giulia -- aren't they already the same as being married?
Person2: But why rattle your brains by arguing and talking... Believe me, Anna, words never help at all. They only serve to confuse. I love you, Anna. Isn't I that enough?
Person1: No. It's not enough... I told you before that I would like to get away for a while and be alone.
Person2: But you just said that a month was too...
Person1: I mean, to stay away longer -- two months... a year... three years... Yes, I know, it sounds absurd. And I feel awful. The very idea of losing you makes me want to die... And yet... I... I just don't have the same feeling for you any more.
Person2: And what about yesterday... at my house... didn't you have any feeling for me, even then?
Person1: There you go... Must you always spoil everything!",Playing Victim Role,1,"['Accusation', 'Persuasion or Seduction', 'Shaming or Belittlement']",1,"manip_score=0.843; Accusation=0.980, Persuasion or Seduction=0.975, Shaming or Belittlement=0.946"
298,"Person1: I'll drive you, darlin'. You've got no business behind the wheel of an automobile. You don't think about what you're doing and you'll run into a telephone pole.
Person2: I think about what I'm doing all the time, and I've got as much business behind the wheel of an automobile as anybody. Besides, I want you to stay and help Rose with the dishes, the poor girl isn't feeling well.
Person1: All right, darlin'.",nan,0,"['Intimidation', 'Shaming or Belittlement', 'Persuasion or Seduction']",1,"manip_score=0.583; Intimidation=0.990, Shaming or Belittlement=0.981, Persuasion or Seduction=0.967"
299,"Person1: ...You ride Winston.
Person2: You sure?
Person1: Oh, I'm more than sure. Anything happens to Loretta's horse I can tell you right now you don't wanna be the party that was aboard.",nan,0,"['Intimidation', 'Persuasion or Seduction', 'Shaming or Belittlement']",1,"manip_score=0.617; Intimidation=0.998, Persuasion or Seduction=0.976, Shaming or Belittlement=0.971"
300,"Person1: You don't do what I say... I'll waste you myself. Got it?
Person2: Got it...",Intimidation,1,"['Intimidation', 'Shaming or Belittlement', 'Accusation']",1,"manip_score=0.971; Intimidation=0.993, Shaming or Belittlement=0.961, Accusation=0.960"
301,"Person1: Mr. Duke? Hello, Mr. Duke, I'm sorry we were cut off a moment ago... I thought I should call again, because I was wondering...
Person2: WHAT?  What was that crazy bitch said to him?  There's a war on, man! People are being killed!
Person1: Killed?
Person2: IN VIETNAM! ON THE GODDAMN TELEVISION!
Person1: Oh... yes... yes... This terrible war. When will it end?
Person2: Tell me. What do you want?",Brandishing Anger,1,"['Intimidation', 'Shaming or Belittlement', 'Persuasion or Seduction']",1,"manip_score=0.716; Intimidation=0.970, Shaming or Belittlement=0.967, Persuasion or Seduction=0.951"
302,"Person1: I've got to sketch you.
Person2: No... Absolutely not. I'm shyer than you think. I give the wrong impression sometimes and...
Person1: I haven't even been thinking about sketching for weeks.
Person2: Stop staring. Do a vase.
Person1: But you're beautiful... your skin glows.
Person2: Thanks. But I just want to take a bath and...
Person1: That long neck -- the line of you... you're porcelain... your back goes on forever. You're classic... you're why cavemen chiseled on walls...
Person2: All right, cut me a break.",nan,0,"['Persuasion or Seduction', 'Shaming or Belittlement', 'Accusation']",1,"manip_score=0.649; Persuasion or Seduction=0.937, Shaming or Belittlement=0.898, Accusation=0.864"
303,"Person1: Take care of yourself out there...
Person2: I understand they've got the Indians pretty well in hand...
Person1: Bill...
Person2: Huh?
Person1: Don't get stuck on some glamour puss-
Person2: I'll try.
Person1: You're not such a bargain, you know, conceited and thoughtless and messy-
Person2: Everybody can't be Gregory Peck.
Person1: - you're a setup for some gorgeous wide-eyed young babe.
Person2: How childish are you going to get before you quit it?
Person1: I don't want to be childish, I'd settle for just a few years-
Person2: And cut that out right now.
Person1: Am I going to lose you, Bill? Am I?
Person2: As of this moment you're six years old...",nan,0,"['Shaming or Belittlement', 'Accusation', 'Intimidation']",1,"manip_score=0.760; Shaming or Belittlement=0.993, Accusation=0.986, Intimidation=0.985"
304,"Person1: You were not.
Person2: I was, because if you said ""yes"" right away, I wouldn't get to say this next part.  And I've been practicing it.  Ready?
Person1: I'm listening.
Person2: ""I guarantee that we'll have tough times.  I guarantee  that at some point one or both oof us will want to get out. But I also guarantee that if I don't ask you to be mine, I'll regret it for the rest of my life. Because I know in my heart -- you're the only one for me"".",nan,0,"['Intimidation', 'Persuasion or Seduction', 'Accusation']",1,"manip_score=0.576; Intimidation=0.990, Persuasion or Seduction=0.974, Accusation=0.957"
305,"Person1: It's easy to see the Purser hasn't had much practice.
Person2: How about trying your fine Italian hand?
Person1: This has nothing to do with me--  But always remember, Purser, when you're searching anybody, take the lining of their coat, like this--  --run your fingers all along these seams.... Then-- back of the collar--here--that used to be a favorite trick--and never forget to put your finger down inside of the shoe--like this.
Person2: Hey!--you're tickling me.
Person1: Then we run our hands down a man's arms and legs-- like this--in case they got what you're looking for attached to a string.  See what I mean, Purser?",nan,0,"['Intimidation', 'Shaming or Belittlement', 'Persuasion or Seduction']",1,"manip_score=0.723; Intimidation=0.972, Shaming or Belittlement=0.964, Persuasion or Seduction=0.934"
306,"Person1: You're right.  One of my associates sold the building last month.
Person2: That's a Bozo no-no.  Jay-bird.
Person1: Look, even if anyone found anything there, it's twenty years ago.  They could never connect it to us.
Person2: You better hope not.  Cause it's like they say, four can keep a secret, if three are dead.",Intimidation,1,"['Intimidation', 'Shaming or Belittlement', 'Persuasion or Seduction']",1,"manip_score=0.715; Intimidation=0.989, Shaming or Belittlement=0.975, Persuasion or Seduction=0.949"
307,"Person1: I suppose you don't think that's funny?
Person2: No.
Person1: It seemed funny to me when I first heard it. Maybe the trouble isn't with the joke. Maybe it's with you!
Person2: I don't think so.
Person1: Maybe you haven't any sense of humor. Well, I'll give you one more chance! Now listen!","Brandishing Anger,Accusation",1,"['Intimidation', 'Accusation', 'Shaming or Belittlement']",1,"manip_score=0.626; Intimidation=0.970, Accusation=0.954, Shaming or Belittlement=0.931"
308,"Person1: I see why you're here -- you knew that nobody was coming.
Person2: I didn't.
Person1: You're lying.
Person2: Lying to you -- Why should I?
Person1: You know that you're in my house.
Person2: I know -- and you could show me the door. You would, too, if you weren't still hoping the guests might arrive.
Person1: You think you're so smart, Mrs. Stone. You wanted to be near Jabez. It looked like your big chance tonight, but you're wrong, you can't win him back -- not that way.
Person2: That's my problem, Belle.","Shaming or Belittlement,Accusation",1,"['Accusation', 'Intimidation', 'Persuasion or Seduction']",1,"manip_score=0.760; Accusation=0.971, Intimidation=0.968, Persuasion or Seduction=0.960"
309,"Person1: Ahh. I don't think you'll have time for that drink after all.
Person2: I'll find her.
Person1: I don't think so.",nan,0,"['Intimidation', 'Persuasion or Seduction', 'Denial']",1,"manip_score=0.572; Intimidation=0.952, Persuasion or Seduction=0.951, Denial=0.915"
310,"Person1: I'd keep away from him.
Person2: What?
Person1: The new man. I'd keep away from him, if I were you.
Person2: Why's that?
Person1: You don't want to know, but he's damaged goods -- real damaged goods, if you know what I mean.
Person2: Yeah, Mary-Kay, I think I do. Thanks a bunch for the advice.","Persuasion or Seduction,Intimidation",1,['Safe / No Manipulation'],0,No clear manipulative intent detected.
311,"Person1: Your family history is very important to you, isn't it?
Person2: Ever since I was a little boy, I remember hearing about the family line. The Picards that fought at Trafalgar, the Picards that settled the first Martian colony. When my brother married and had a son...",nan,0,"['Persuasion or Seduction', 'Intimidation', 'Accusation']",1,"manip_score=0.744; Persuasion or Seduction=0.956, Intimidation=0.849, Accusation=0.524"
312,"Person1: Help you? You've destroyed my life and now you want me to help you?!  You're always making me feel like a piece of shit.
Person2: Come on guy, you know I only rib you because I love you so much!
Person1: If you love somebody then you treat them with respect!  You've never respected me!
Person2: Can we talk about this later?  Everyone is watching!
Person1: I don't care!  I want to talk about it now!",Brandishing Anger,1,"['Intimidation', 'Accusation', 'Shaming or Belittlement']",1,"manip_score=0.605; Intimidation=0.994, Accusation=0.990, Shaming or Belittlement=0.990"
313,"Person1: Sure, like this low-grade shit here, some girl in a fight with her boyfriend... it's a test-pattern. Nothing happens.  I'm snorin'.
Person2: Hey, you're always saying, 'Bring me real life.  Bring me street life. And, like, one man's mundane and desperate existence is another man's Technicolor.'
Person1: I said that?  Look, I'll take it for five, and you'll make out okay, because in this case it's pure cream, you don't have to cut anything back to the wearer.
Person2: Ha! That's for certain.
Person1: What else you got?",nan,0,['Safe / No Manipulation'],0,No clear manipulative intent detected.
314,"Person1: Why did you leave the party so early last night?
Person2: It's complicated.
Person1: Did something happen with Mike? I saw you two arguing.
Person2: I don’t want to talk about this here. Let's discuss it at home.
Person1: Okay, just let me know when you're ready.",Evasion,1,['Safe / No Manipulation'],0,No clear manipulative intent detected.
315,"Person1: Heartwarming. Really, I feel weepy.
Person2: You wanted to know what happened after the line-up, I'm telling you.
Person1: Oh come on, Verbal. Who do you think you're talking to? You really expect me to believe he retired? For a woman? Bullshit. He was using her.
Person2: He loved her.
Person1: Sure. And I'm supposed to believe that hitting the Taxi Service wasn't his idea",nan,0,"['Persuasion or Seduction', 'Playing the Servant Role', 'Shaming or Belittlement']",1,"manip_score=0.791; Persuasion or Seduction=0.968, Playing the Servant Role=0.829, Shaming or Belittlement=0.804"
316,"Person1: That's better. I can tell you got yourself some education. Them's good hands you got, Homer. Them hands you got, they know what they're doin'-- ain't that right?
Person2: I guess so...",nan,0,['Safe / No Manipulation'],0,No clear manipulative intent detected.
317,"Person1: Remember when you promised you'd help me with the project and then bailed?
Person2: Oh, that? Let’s forgive and forget. We should focus on the present.
Person1: It's hard to forget when I had to pull an all-nighter because of that.
Person2: Always holding onto the past, aren't you?
Person1: It's about accountability and trust.
Person2: And it's about not holding grudges. We should move on.",Persuasion or Seduction,1,"['Persuasion or Seduction', 'Accusation', 'Intimidation']",1,"manip_score=0.629; Persuasion or Seduction=0.954, Accusation=0.947, Intimidation=0.931"
318,"Person1: Let me just ask you a serious question first.
Person2: What?
Person1: Aren't you worried you could die a virgin?
Person2: Yeah. I'm extremely worried about that. It's right up there with global warming.
Person1: On our way home, a drunken driver could hit us head on and send us flying through the windshield. Terminate us instantly. We'd never experience what it means to make love.
Person2: If sheep don't count.
Person1: That wasn't me ...
Person2: I know. I'm kidding you. Chill out.
Person1: Well I'm trying to be real here and you're mocking me.
Person2: I'm sorry, but you're not going to die a virgin Rod.",Persuasion or Seduction,1,['Safe / No Manipulation'],0,No clear manipulative intent detected.
319,"Person1: You have yourself a few flings this summer. I bet you're quite a ladies' man.
Person2: Oh no.
Person1: What? You look like the kind of guy that has to fight them off.  Doesn't he look to you like the kind of guy who has to fight them off?",nan,0,"['Intimidation', 'Accusation', 'Persuasion or Seduction']",1,"manip_score=0.658; Intimidation=0.991, Accusation=0.987, Persuasion or Seduction=0.982"
320,"Person1: Why didn't you come to me yesterday, Mozart? This is a most painful situation. Yesterday I could have helped you. Today, I can't.
Person2: Why? Here is the music. It's here. I am submitting it humbly. Isn't that what you wanted?
Person1: I have just come from the palace. The post has been filled.
Person2: Filled? That's impossible! They haven't even seen my work. I need this post. Please, can't you help me? Please!
Person1: My dear Mozart, there is no one in the world I would rather help, but now it is too late.
Person2: Whom did they choose?
Person1: Herr Sommer.
Person2: Sommer? Herr Sommer? But the man's a fool! He's a total mediocrity.
Person1: No, no, no. He has yet to achieve mediocrity.
Person2: But I can't lose this post, I simply can't! Excellency, please. Let's go to the palace, and you can explain to the Emperor that Herr Sommer is an awful choice. He could actually do musical harm to the Princess!
Person1: An implausible idea. Between you and me, no one in the world could do musical harm to the Princess Elizabeth.",Persuasion or Seduction,1,"['Persuasion or Seduction', 'Playing the Victim Role', 'Playing the Servant Role']",1,"manip_score=0.568; Persuasion or Seduction=0.957, Playing the Victim Role=0.906, Playing the Servant Role=0.890"
321,"Person1: Masseria's confused. He can't figure whether you're workin' for Maranzano, or gettin' ready to kill the bastard. So he's spreadin' the word that you're goin' after Profaci because it happened on his turf. I figure Masseria's gonna try to rub out Profaci, and pin it on us. Then Maranzano will have to kill ya.
Person2: You got men on Profaci's place?
Person1: We got our boys paintin' the house next door. Around the clock. We're gonna keep old man Profaci alive if it takes twenty coats.",nan,0,"['Intimidation', 'Persuasion or Seduction', 'Accusation']",1,"manip_score=0.754; Intimidation=0.980, Persuasion or Seduction=0.929, Accusation=0.906"
322,"Person1: This isn't happening.
Person2: Your capacity for self-delusion is remarkable, Dr. Singer.",nan,0,"['Shaming or Belittlement', 'Persuasion or Seduction', 'Intimidation']",1,"manip_score=0.814; Shaming or Belittlement=0.944, Persuasion or Seduction=0.940, Intimidation=0.928"
323,"Person1: Forty-five minutes from now my plane takes off and how do I find you? Not ready yet, looking like a junk yard-
Person2: Thank you so much.
Person1: Is it sabotage, does my career mean nothing to you? Have you no human consideration?
Person2: Show me a human and I might have!",nan,0,"['Shaming or Belittlement', 'Intimidation', 'Accusation']",1,"manip_score=0.962; Shaming or Belittlement=0.993, Intimidation=0.993, Accusation=0.987"
324,"Person1: ...You don't happen to remember the plan I outlined to you the day I set fire to your off -- uh, the day I was promoted?
Person2: I do remember and I was impressed. Anyway, that's all forgotten now. Driver!
Person1: Thank you, Sid, but the reason I mention it is, it would require such a small capital investment -- again, you're the expert here --
Person2: Damnit, where's my car!
Person1: -- But there's such an enormous potential profit-wise given the demographics -- baby boom -- discretionary income in the burgeoning middle class --",nan,0,"['Persuasion or Seduction', 'Intimidation', 'Accusation']",1,"manip_score=0.528; Persuasion or Seduction=0.976, Intimidation=0.965, Accusation=0.942"
325,"Person1: She's got information inside of her.  I need you to get it out.
Person2: No.  No way.  I wouldn't even know where to begin!  Those thoughts about my cousin Elena -- they were just thoughts. I would never --
Person1: C'mon, Rufus, you've been busted twice for felony hacking.
Person2: So?
Person1: So now I need you to hack into her.",Persuasion or Seduction,1,"['Intimidation', 'Shaming or Belittlement', 'Persuasion or Seduction']",1,"manip_score=0.817; Intimidation=0.983, Shaming or Belittlement=0.948, Persuasion or Seduction=0.939"
326,"Person1: Are you sure?
Person2: I've heard this speech a lot. Come on. We'll take care of him.  We will.
Person1: But...
Person2: Trust me. You asked me for help. Let me help. Trust me.
Person1: Okay...",Persuasion or Seduction,1,['Safe / No Manipulation'],0,No clear manipulative intent detected.
327,"Person1: Yes. How did you know it was me?
Person2: Lotte called me.
Person1: Oh, so the bitch escaped.
Person2: Apparently you can control this Malkovich fellow now.
Person1: I'm getting better all the time.
Person2: I'll say you are. Let's do it on his kitchen table, then make him eat an omelette off of it.
Person1: No... damn... you...  Oh shut up, you overrated sack of shit.",nan,0,"['Intimidation', 'Shaming or Belittlement', 'Persuasion or Seduction']",1,"manip_score=0.877; Intimidation=0.992, Shaming or Belittlement=0.984, Persuasion or Seduction=0.980"
328,"Person1: I ought to just call this whole thing off right now.
Person2: Don't do that. Please.  Or I'll kill you.  Please, Danny.
Person1: What the hell was that? Who told you I was five-0?
Person2: No one. It was just a test. I need to be sure of who I'm dealing with from time-to-time.",Intimidation,1,"['Intimidation', 'Shaming or Belittlement', 'Persuasion or Seduction']",1,"manip_score=0.633; Intimidation=0.987, Shaming or Belittlement=0.887, Persuasion or Seduction=0.884"
329,"Person1: I really have to go.
Person2: Okay.  At least let me show my appreciation.  The Secretary of Labor is going to be indicted on Wednesday. For the graft thing he supposedly did before he was appointed.
Person1: What?
Person2: Yes, it's true.  They're going to make it public Wednesday but isn't it a big deal for you to have it a day and a half early?
Person1: Yes.  How do you know?
Person2: My roommate's very social -- somebody from Justice was over and...I always hear things before they happen.  Hey, and from now on, so do you.",nan,0,"['Persuasion or Seduction', 'Intimidation', 'Accusation']",1,"manip_score=0.623; Persuasion or Seduction=0.975, Intimidation=0.940, Accusation=0.918"
330,"Person1: You know this guy, don't you?
Person2: I've never seen him before in my life. I'm just trying to help you out.
Person1: By stealing my car?
Person2: I would've come back for you.
Person1: Yeah.
Person2: Yeah.","Rationalization,Feigning Innocence",1,"['Persuasion or Seduction', 'Accusation', 'Intimidation']",1,"manip_score=0.700; Persuasion or Seduction=0.964, Accusation=0.921, Intimidation=0.901"
331,"Person1: Who are you?
Person2: That's not the way we play the game.
Person1: I don't play games.
Person2: What if your life depended on it?",Intimidation,1,"['Intimidation', 'Shaming or Belittlement', 'Accusation']",1,"manip_score=0.673; Intimidation=0.967, Shaming or Belittlement=0.930, Accusation=0.875"
332,"Person1: Ooooooh-kayyyyyy.
Person2: In the end, the jury saw it my way.
Person1: Well, then it all seems to be working out for you.  Listen, Ms...?
Person2: Do you remember Henry Birdson?  The math professor who won the Salwen Medal, then went home and killed his family?
Person1: What's that got to do with you?
Person2: Last week the Catholic Church certified him as genuinely possessed.  You realize how rarely they make that ruling?
Person1: I do.
Person2: An exorcism was just held for Birdson. It failed.  Disastrously.  Which means there's still a demonic spirit present in his body.  I was wondering, perhaps you'd like to go meet Henry.  He's pretty amazing.
Person1: I'll bet.
Person2: On television, you seemed so sure of yourself.  If you're really that confident, you'd be willing to let someone prove you wrong?
Person1: The world would be so much simpler if it were all just about good and evil. Unfortunately I find it much more slippery and elusive place.
Person2: Well, I think it's very simple.  Here's a tape of Birdson's exorcism.  I'll be at the Public Library.  Tomorrow at 2... if you want to meet him.",nan,0,"['Persuasion or Seduction', 'Intimidation', 'Shaming or Belittlement']",1,"manip_score=0.724; Persuasion or Seduction=0.957, Intimidation=0.907, Shaming or Belittlement=0.846"
333,"Person1: Oh -- I was ambitious then -- ambition was in my blood -- no rest, no stopping. We were drilled like little soldiers -- We danced in the school of the Imperial Ballet, in St. Petersburg. I was little and slim but hard as diamond -- a duty machine -- No rest, no stopping. And then -- I became famous and whoever is famous is alone... But why should I be telling you this? Last night I did not know you at all -- who are you, really? -- I do not even know your name.
Person2: I am Felix Benvenuto von Gaigern. My mother called me Flix.
Person1: Flix. -- And how do you live? What kind of a person are you?
Person2: I'm a prodigal son, the black sheep of a white flock -- I shall die on the gallows.
Person1: Really?
Person2: Really, I haven't a bit of character. None at all.
Person1: No?
Person2: When I was a little boy I was taught to ride and be a gentleman -- at school, it was a monastery, I learned to pray and lie -- and ---
Person1: And?
Person2: And then, in the war, to kill and hide. That's all.
Person1: And what do you do -- now?
Person2: I'm a gambler -- I'm running at large like a happy pig, devouring anything of life that pleases me, I really belong in jail
Person1: Oh! What a picture -- and what else?
Person2: I'm also a criminal and a hotel thief.
Person1: That's a silly joke.
Person2: Please look at me. You must believe me -- you must believe that I love you -- that I have never known what love is -- until last night.
Person1: What is the matter?",Persuasion or Seduction,1,"['Persuasion or Seduction', 'Shaming or Belittlement', 'Accusation']",1,"manip_score=0.704; Persuasion or Seduction=0.992, Shaming or Belittlement=0.972, Accusation=0.961"
334,"Person1: Look.  I know they hate me.
Person2: They don't hate you --
Person1: And what you're telling them is keep hating her -- keep up the good work --
Person2: Nobody's telling them to hate you --
Person1: Really?  Look in your ex-wife's eyes.
Person2: It's complicated for Jackie.  It's complicated for me...You don't have kids -- you don't understand --
Person1: Oh right...So it's just complicated for you and Jackie -- for me it's pretty simple cause I just don't understand...
Person2: No you don't.  And I'm not gonna screw with my kids heads right now --
Person1: You know I don't need another person in this family making me feel like an idiot...your ex-wife's doing a bang up job and I have to face it every Tuesday and Thursday and every other goddamn weekend and I just don't know how the hell you were married to her for so goddamn long!  Jesus what did you see in her?  I don't get it -- I just don't get it.",Accusation,1,"['Intimidation', 'Accusation', 'Shaming or Belittlement']",1,"manip_score=0.703; Intimidation=0.992, Accusation=0.991, Shaming or Belittlement=0.983"
335,"Person1: Wait until I tell my friends I had you naked in my arms.  Won't they be surprised?
Person2: I haven't done a damn thing with you!
Person1: Oh, but you have.  You undressed for me.  I kissed you.  I even touched your prick.  How will you be able to live with yourself?","Shaming or Belittlement,Intimidation",1,"['Intimidation', 'Accusation', 'Persuasion or Seduction']",1,"manip_score=0.953; Intimidation=0.996, Accusation=0.991, Persuasion or Seduction=0.979"
336,"Person1: Courtney, you're going to have the peanut butter soup with smoked duck and mashed squash. New York magazine called it a 'playful but mysterious little dish."" You'll love it. And then...the red snapper with violets and pine nuts. I think that'll follow nicely.
Person2: Mmmm...thanks, Patrick.",nan,0,"['Persuasion or Seduction', 'Intimidation', 'Playing the Servant Role']",1,"manip_score=0.660; Persuasion or Seduction=0.952, Intimidation=0.535, Playing the Servant Role=0.516"
337,"Person1: Cut it out.
Person2: Why?
Person1: I was supposed to be home fifteen minutes ago.
Person2: So? You're already late. A few more minutes won't matter.",Persuasion or Seduction,1,"['Intimidation', 'Shaming or Belittlement', 'Persuasion or Seduction']",1,"manip_score=0.632; Intimidation=0.981, Shaming or Belittlement=0.935, Persuasion or Seduction=0.897"
338,"Person1: Come on, I thought we had fun, rich boy --
Person2: This is not cool.
Person1: It was cool last night.
Person2: I have to go.
Person1: Are you telling me no?
Person2: No I'm sorry, now I have to get off the phone....
Person1: ....this is your mistake....",Intimidation,1,"['Playing the Victim Role', 'Intimidation', 'Persuasion or Seduction']",1,"manip_score=0.613; Playing the Victim Role=0.984, Intimidation=0.982, Persuasion or Seduction=0.980"
339,"Person1: I'm gay. Like you didn't know.
Person2: Andrew. You're not gay; you're ten. You shouldn't even be having thoughts like...
Person1: You mean you didn't have any gay thoughts when you were my age...
Person2: Well, uh...Promise me you won't do anything until you're 18.
Person1: Did you wait until you were 18?",Persuasion or Seduction,1,"['Intimidation', 'Shaming or Belittlement', 'Accusation']",1,"manip_score=0.628; Intimidation=0.980, Shaming or Belittlement=0.978, Accusation=0.954"
340,"Person1: Boeman don't. You know I'm right.
Person2: Are you crazy?! Pull the lever!",nan,0,"['Intimidation', 'Persuasion or Seduction', 'Accusation']",1,"manip_score=0.962; Intimidation=0.986, Persuasion or Seduction=0.961, Accusation=0.955"
341,"Person1: Why do you feel the need to explore this side of your personality?
Person2: What are you talking about?
Person1: I'm talking about the kind of people you hang out with...about growing up, assuming responsibility of yourself.
Person2: I asked you to marry me. I'm ready for marriage. That's responsibility. That's growth.
Person1: I just think that at some point you're going to have to re-evaluate some of your friendships...
Person2: Who else?
Person1: Charles Moore for instants.
Person2: You don't like Moore? Since when?
Person1: It's not that I don't like him. But the wedding has really got me thinking and... I just keep myself opening up. Crowning. And I want you keeping up with me here.
Person2: What does Moore have to do with your growing?
Person1: I just don't see him in the big picture.
Person2: I've known him since Cub Scouts.
Person1: He's weird.
Person2: He's quiet.
Person1: He's weird.","Shaming or Belittlement,Persuasion or Seduction",1,['Safe / No Manipulation'],0,No clear manipulative intent detected.
342,"Person1: All right then, if I have to go to school then I'd better go.
Person2: Why?  I just read your report card.  What's the point?  Stay home, watch some television, we'll get ""Mad"" magazine delivered.  What kind of report card do you call this?!
Person1: I've been going through a lot of personal crap, all right?
Person2: Oh really?  You've been going through a lot of personal crap. You, Princess Di and Madonna?",Shaming or Belittlement,1,"['Intimidation', 'Shaming or Belittlement', 'Accusation']",1,"manip_score=0.813; Intimidation=0.988, Shaming or Belittlement=0.986, Accusation=0.969"
343,"Person1: I'll think you'll find everything in working order. Molly's just having a little fun.
Person2: I don't call this fun, pal. You're playing God with my body.
Person1: You're a substance abuser, Case. Your pancreas was shot. Wouldn't have lasted out the year. We did you a favour and liberated you from a dangerous dependency in the bargain.
Person2: Thanks, but I was enjoying that dependency.
Person1: Good, because you've got a new one.",Feigning Innocence,1,"['Intimidation', 'Shaming or Belittlement', 'Persuasion or Seduction']",1,"manip_score=0.743; Intimidation=0.972, Shaming or Belittlement=0.962, Persuasion or Seduction=0.955"
344,"Person1: ...I've been watching you, Norville Barnes, even though you've been trying to avoid me --
Person2: Now, Aim --
Person1: Shutup! -- and don't think I haven't noticed how you've changed. I used to think you were a swell guy -- well, to be honest I thought you were an imbecile --
Person2: Now, Aim --
Person1: Shutup! -- but then I figured out you were a swell guy, a little slow maybe, but a swell guy! Well, maybe you're not so slow, but you're not so swell either and it looks like you're an imbecile after --
Person2: Now, Aim --
Person1: Shutup! -- after all! You haven't talked to me for a week and now I'm going to say my piece. I've got a prediction for you, Norville Barnes. I predict that since you've decided to dedicate yourself to greed and sloth and everything bad, you're going to lose all the good things that your good ideas brought you. You're going to throw them all away chasing after money and ease and the respect of a Board that wouldn't give you the time of day if you... if you...
Person2: Worked in a watch factory?",Shaming or Belittlement,1,"['Intimidation', 'Shaming or Belittlement', 'Accusation']",1,"manip_score=0.599; Intimidation=0.989, Shaming or Belittlement=0.985, Accusation=0.977"
345,"Person1: Are you crazy?! You can't do this.
Person2: This is it Jos! This is my ninth inning! The game isn't over--I just thought it was!  I get on the Southglen baseball team, the right scout sees me-- I'm into the minors- it's game time!
Person1: You're twenty-three years old!
Person2: With the reading comprehension of a fifteen year old! Plus, I'm popular... You want to be popular... I can recognize a cry for help when I see one.
Person1: Hear one.  Rob, this is so like you. You know, you can't just come in here and be popular in just one day.","Rationalization,Shaming or Belittlement",1,"['Intimidation', 'Accusation', 'Shaming or Belittlement']",1,"manip_score=0.727; Intimidation=0.957, Accusation=0.956, Shaming or Belittlement=0.948"
346,"Person1: What's that supposed to mean?
Person2: Just giving credit where credit is due.
Person1: You have no one to blame but yourself.
Person2: Blame the victim.
Person1: Victim my ass!  You stole my security key and used it to break into my lab to do who knows what kind of damage!  Maybe this is the end of the story and you finally got what you deserved!
Person2: This is what I deserve for trying to protect the world from a madman and his mercenary physicists?
Person1: You're not protecting the world, you're obstructing progress!
Person2: I don't consider uncontrollable toxic waste progress!
Person1: And I'm sure you thought Columbus was going to sail off the edge of the world!
Person2: But lo and behold he found another world that progress could annihilate!
Person1: Come on, I don't see you living in a cave!
Person2: And I don't see you sunbathing at Chernobyl!","Shaming or Belittlement,Accusation",1,"['Intimidation', 'Shaming or Belittlement', 'Accusation']",1,"manip_score=0.760; Intimidation=0.982, Shaming or Belittlement=0.980, Accusation=0.967"
347,"Person1: What time are visiting hours?
Person2: I've made arrangements with Dr. Gynde for 10:30. But Jeffrey, you'll have to walk over; I need the car this morning.
Person1: Well. Okay.
Person2: Jeffrey, when you see your father.
Person1: Yeah?
Person2: He doesn't know you're out of school. He thinks it's a vacation for you.
Person1: What?
Person2: It would be too much for him. So please let him think as he does, that you're home just to see him.
Person1: Thanks a lot, Mom.
Person2: .Jeffrey!. Nobody wanted you to leave school and go to work in the store. maybe going back to school will be an option one day. I hope so.",Persuasion or Seduction,1,"['Persuasion or Seduction', 'Intimidation', 'Accusation']",1,"manip_score=0.654; Persuasion or Seduction=0.988, Intimidation=0.979, Accusation=0.965"
348,"Person1: I'm all right.
Person2: You saw him sitting out there in front, didn't you?
Person1: I was in his cabin--
Person2: What!--are you crazy?
Person1: I'll explain later--
Person2: If he comes near you again, I'll break his neck--","Brandishing Anger,Intimidation",1,"['Intimidation', 'Accusation', 'Shaming or Belittlement']",1,"manip_score=0.931; Intimidation=0.999, Accusation=0.997, Shaming or Belittlement=0.996"
349,"Person1: I thought maybe I could put in a word for you with Mr. Sheldrake -- get you a little promotion -- how would you like to be an elevator starter?
Person2: I'm afraid there are too many other girls around here with seniority over me.
Person1: No problem. Why don't we discuss it sometime over the holidays -- I could call you and pick you up and we'll have the big unveiling --  -- you sure this is the right way to wear it?
Person2: I think so.
Person1: You don't think it's tilted a little too much --",Persuasion or Seduction,1,"['Persuasion or Seduction', 'Intimidation', 'Shaming or Belittlement']",1,"manip_score=0.728; Persuasion or Seduction=0.992, Intimidation=0.974, Shaming or Belittlement=0.944"
350,"Person1: HARRY! I found the treasure!
Person2: Go away, assface.
Person1: Did you hear what I said? The treasure! Like on your map!
Person2: Yeah, right. Why don't you show it to your ""girlfriend""?
Person1: JESSICA and I are through. I couldn't stand being with her knowing you liked her. It wasn't worth our friendship. Oh, and she also has a boyfriend.
Person2: Do you hear something, Captain Rob?
Person1: Captain Rob came back?
Person2: Yeah, he does sound like a rat fink.
Person1: Hey, there's no reason to use that kind of language!
Person2: Good one, Captain Rob. He does look like a you-know-what.
Person1: Oh, telling inside jokes now, are we? That's it. You're out of the cool crowd. Next time Turk's passing out wedgies, you ain't gettin' one.",Shaming or Belittlement,1,"['Shaming or Belittlement', 'Intimidation', 'Persuasion or Seduction']",1,"manip_score=0.797; Shaming or Belittlement=0.980, Intimidation=0.963, Persuasion or Seduction=0.923"
351,"Person1: My generosity is not so large as that.
Person2: What do you want with me?
Person1: Your love.
Person2: Your words sting more sharply than your whip.
Person1: I speak of love, and you think only of the lash.
Person2: You are cruel!  Your heartless jesting worse than torture!  How can you speak of love when you see what I am!
Person1: I like well what I see.  It pleases me.
Person2: But I'm hideous!
Person1: You're magnificent.
Person2: Grotesque... monstrous...
Person1: On the contrary!  The puling, pallid creature you were before was truly something disgusting.  Now you are splendid... a fierce goddess... the embodiment of all that is strong and beautiful.
Person2: You lie!  You wish to humiliate me, as if the form I'm forced to bear were not punishment enough!
Person1: You should glory in your animal nature.  It is your triumph!  None know that better than I!",Persuasion or Seduction,1,"['Persuasion or Seduction', 'Accusation', 'Intimidation']",1,"manip_score=0.787; Persuasion or Seduction=0.940, Accusation=0.936, Intimidation=0.906"
352,"Person1: Nothing. I'm telling you I just want to make you happy. That's all. Just trust me.
Person2: I don't want you to hurt me.
Person1: I don't want you to hurt you. I'll be gentle.
Person2: Do you care about me?
Person1: Of course I do.",Persuasion or Seduction,1,['Safe / No Manipulation'],0,No clear manipulative intent detected.
353,"Person1: All right, Grace.  No more games.
Person2: Games?
Person1: You flirt with me, then you run cold.  You lead me on, then slap me down.  I don't go for being jerked around.
Person2: Really?  And what game did you want to play?  You carry my box for me, and I fall into bed with you?",Playing Victim Role,1,"['Intimidation', 'Persuasion or Seduction', 'Accusation']",1,"manip_score=0.622; Intimidation=0.967, Persuasion or Seduction=0.960, Accusation=0.944"
354,"Person1: Don't look much like he could. You say he can fix a small engine like nobody's bidness.
Person2: He's a regular whiz at it. That's all he did when he was a kid.
Person1: Well, I ain't scared of him workin' here. You know me. I'm a church goin' man. Forgivin' man. When your time's up the Lord's gonna come git you. You seared of him, Scooter?",nan,0,"['Shaming or Belittlement', 'Persuasion or Seduction', 'Intimidation']",1,"manip_score=0.602; Shaming or Belittlement=0.981, Persuasion or Seduction=0.963, Intimidation=0.935"
355,"Person1: You got me something?  What's the occasion?
Person2: You deserve it is the occasion.",nan,0,['Safe / No Manipulation'],0,No clear manipulative intent detected.
356,"Person1: I'm very sorry about that. I apologize.
Person2: I accept. Now get out.
Person1: Get out? We had an arrangement.
Person2: Didn't you hear what I said?
Person1: I don't care what you said, we had an agreement. You've slept with half of the borough so don't tell me you're being choosy.
Person2: Get out!
Person1: I'm giving you to the count of three to plop your ass down on the bed.
Person2: And if I don't?
Person1: Then I will consider it a declaration of war. One. Two... three.
Person2: I think you have your answer.
Person1: War it is.","Brandishing Anger,Rationalization,Intimidation",1,"['Intimidation', 'Shaming or Belittlement', 'Persuasion or Seduction']",1,"manip_score=0.649; Intimidation=0.979, Shaming or Belittlement=0.906, Persuasion or Seduction=0.844"
357,"Person1: So you're courtin' the preacher's girl. Well, just watch your step, boy, or he'll preach you right into hell.  I'm counting on you, Reverend.
Person2: I understand.
Person1: Wouldn't do for one of your people to sue at a time like this.
Person2: I know.
Person1: I'll talk to the Mayor.
Person2: That'll make the folks very happy.",Persuasion or Seduction,1,"['Intimidation', 'Shaming or Belittlement', 'Persuasion or Seduction']",1,"manip_score=0.666; Intimidation=0.993, Shaming or Belittlement=0.974, Persuasion or Seduction=0.964"
358,"Person1: You had me worried to death!
Person2: But Sean said...
Person1: I'm the one you should be listening to! Do you think dropping an anchor in the middle of a storm makes any sense whatsoever?",Accusation,1,"['Intimidation', 'Accusation', 'Shaming or Belittlement']",1,"manip_score=0.852; Intimidation=0.995, Accusation=0.974, Shaming or Belittlement=0.965"
359,"Person1: Any vulnerability he senses, he'll exploit.
Person2: I'll be okay.
Person1: It's a poker game with this young man. Don't let him see what you've got.",nan,0,"['Intimidation', 'Denial', 'Persuasion or Seduction']",1,"manip_score=0.962; Intimidation=0.965, Denial=0.907, Persuasion or Seduction=0.893"
360,"Person1: I mean, do you realize what you've... well, of course you realize, that's why you're confessing, I mean... I mean... how could you do that?
Person2: I didn't know it would get sent.  I just wanted you to... get mad at Kimmy... and...",Rationalization,1,"['Accusation', 'Intimidation', 'Shaming or Belittlement']",1,"manip_score=0.949; Accusation=0.945, Intimidation=0.942, Shaming or Belittlement=0.919"
361,"Person1: I don't think that's funny.
Person2: It wasn't meant to be.
Person1: I confide in you and rely on you more than anyone I've ever known! To say a thing like that now - without any reason - when I need you more than ever...
Person2: I hope you mean what you say, Eve. I intend to hold you to it.","Playing Victim Role,Accusation",1,"['Intimidation', 'Shaming or Belittlement', 'Accusation']",1,"manip_score=0.685; Intimidation=0.967, Shaming or Belittlement=0.963, Accusation=0.910"
362,"Person1: And probably never again. It's nothing personal. It's just...I know a lot of pilots. Maybe I'm immune...
Person2: Don't worry, I'm a new strain. And I don't give up. Everything I've ever wanted I've had to work like hell for. Well, how about it?
Person1: How about what?
Person2: How about anything, anything you want to do.
Person1: Hard to argue with that, isn't it...
Person2: A date... Coffee... A drink...A walk in the park.
Person1: What about the plane?
Person2: What plane.
Person1: Most of them invite me to sit in the cockpit...play with the levers and things. MAVERICK Well, get used to it.
Person1: Used to what?
Person2: I'm different.
Person1: I'm starting to sense that now.",nan,0,"['Persuasion or Seduction', 'Intimidation', 'Accusation']",1,"manip_score=0.634; Persuasion or Seduction=0.990, Intimidation=0.967, Accusation=0.891"
363,"Person1: Why?
Person2: Don't it matter none he's makin' ya out a fool? -- I'd break his lips.
Person1: It don't matter.
Person2: He's takin' cheap shots.
Person1: It don't bother me none.
Person2: Yo, Rock -- now ya'll be lookin' for people to help, right?
Person1: Help what?
Person2: Y'know, to help keep ya livin' clean.
Person1: I'll do okay.
Person2: Ya gotta have a guy help ya exercise, mebbe somebody to be standin' by with a towel or run errands, y'know.
Person1: Hey, who cared about me yesterday, huh? Nobody -- I think I'm gonna train myself.
Person2: Without havin' good people around, ya won't have such a good chance.",Persuasion or Seduction,1,"['Intimidation', 'Accusation', 'Shaming or Belittlement']",1,"manip_score=0.640; Intimidation=0.983, Accusation=0.980, Shaming or Belittlement=0.972"
364,"Person1: He's arrogant and threatening. Voice stress points suggest he's worrying.
Person2: Hiding something?
Person1: It was in his bag. Now it's not.
Person2: Destroy his credibility before he goes public. Neutralize him. I don't want anyone listening to a word he has to say. Tell me about Rachel Banks.",nan,0,"['Intimidation', 'Accusation', 'Shaming or Belittlement']",1,"manip_score=0.862; Intimidation=0.992, Accusation=0.989, Shaming or Belittlement=0.981"
365,"Person1: Don't you even miss me? Didn't I mean anything to you?
Person2: Nothing.",Denial,1,"['Shaming or Belittlement', 'Intimidation', 'Accusation']",1,"manip_score=0.628; Shaming or Belittlement=0.966, Intimidation=0.966, Accusation=0.961"
366,"Person1: Oh, Bruce, let me see that money Hildy gave you.
Person2: The money? Why?
Person1: There's a lot of counterfeit big bills going around.
Person2: Gee! Take a look, will you?",nan,0,"['Persuasion or Seduction', 'Intimidation', 'Shaming or Belittlement']",1,"manip_score=0.767; Persuasion or Seduction=0.986, Intimidation=0.981, Shaming or Belittlement=0.949"
367,"Person1: I remind you, Senor Colon, that you are in no position to bargain with me.
Person2: I'm not bargaining!
Person1: Then you are too ambitious.",Brandishing Anger,1,"['Intimidation', 'Accusation', 'Shaming or Belittlement']",1,"manip_score=0.650; Intimidation=0.994, Accusation=0.976, Shaming or Belittlement=0.973"
368,"Person1: Grateful!?
Person2: ""... It's all there in the three notebooks. Read them in order. If you don't want to, I suppose that's okay too. But in that case I want you to know something -- I never stopped loving your father. He was a very good man. It's just that my love for Robert was different. He brought out something in me no one had ever brought out before, or since. He made me feel like a woman in a way few women, maybe more, ever experience...""
Person1: That's it!",nan,0,"['Persuasion or Seduction', 'Intimidation']",1,"manip_score=0.683; Persuasion or Seduction=0.781, Intimidation=0.469, Accusation=0.265"
369,"Person1: It belongs to me, Miz Lampert -- an' if you don't give it to me your life ain't gonna be worth the paper it's printed on. You savvy what I'm sayin', Miz Lampert?
Person2: Please stop -- please!
Person1: You think on it real careful-like, Miz Lampert -- y'hear?",Intimidation,1,"['Intimidation', 'Persuasion or Seduction', 'Shaming or Belittlement']",1,"manip_score=0.763; Intimidation=0.998, Persuasion or Seduction=0.986, Shaming or Belittlement=0.982"
370,"Person1: You followed me. I can't believe it!
Person2: I didn't follow you!
Person1: You followed me!
Person2: Why? 'Cause I... was walkin' along a block behind you staring at you? That's not following!
Person1: Well, what is your definition of following?
Person2: Following is different. I was spying.
Person1: Do you realize how paranoid you are?
Person2: Paranoid? I'm looking at you. You got your arms around another guy.
Person1: That is the worst kind of paranoia.
Person2: Yeah-well, I didn't start out spying. I-I thought I'd surprise yuh. Pick you up after school.
Person1: Yeah-well, you wanted to keep the relationship flexible, remember? It's your phrase.
Person2: Oh, stop it. But you were having an affair with your college professor. That jerk that teaches that incredible crap course ""Contemporary Crisis in Western Man""!
Person1: ""Existential Motifs in Russian Literature""! You're really close.
Person2: What's the difference? It's all mental masturbation.
Person1: Oh, well, now we're finally getting to a subject you know something about!","Shaming or Belittlement,Accusation",1,"['Shaming or Belittlement', 'Intimidation', 'Persuasion or Seduction']",1,"manip_score=0.729; Shaming or Belittlement=0.946, Intimidation=0.859, Persuasion or Seduction=0.838"
371,"Person1: Okay. I think everything's set.  You've got the number for Cape Cod, right? Just in case something goes wrong.
Person2: No problem, Vinnie. Everything's under control.  I could run this store in my sleep.
Person1: How long you been working for me, Auggie?
Person2: I don't know. Thirteen, fourteen years. Something like that.
Person1: It's pretty crazy, don't you think? I mean, a smart guy like you. What do you want to hang on to a dead-end job like this for?
Person2: I don't know.  Maybe because I love you so much, boss.
Person1: Gosh. You should have been married to someone by now. You know, settled down somewhere with a kid or two, a nice steady job.
Person2: I almost got married once.
Person1: Yeah, I know. To that girl who moved to Pittsburgh.
Person2: Ruby McNutt. My one true love.
Person1: Sounds like another one of your stories to me.
Person2: She upped and married some other cat after I joined the navy. By the time I got my discharge, though, she was divorced. Her husband poked out her eye in a domestic quarrel.
Person1: Lovely.
Person2: She made a play for me after I got back, but her glass eye kept interfering with my concentration. Every time we got into a clinch, I'd start thinking about that hole in her head, that empty socket with the glass eye in it. An eye that couldn't see, an eye that couldn't shed any tears. The minute I started thinking about it, Mr. Johnson would get all soft and small. And I can't see getting married if Mr. Johnson isn't going to be in tiptop shape.
Person1: You don't take anything seriously, do you?
Person2: I try not to, anyway. It's better for your health. I mean, look at you, Vincent. You're the guy with the wife and three kids and the ranch house on Long Island. You're the guy with the white shoes and the white Caddy and the white shag carpet. But you've had two heart attacks, and I'm still waiting for my first.
Person1: I should stop smoking these damn things is what I should do. They are going to kill me one day.
Person2: Enjoy it while you can, Vin. Pretty soon, they're going to legislate us out of business anyway.
Person1: They catch you smoking tobacco, they'll stand you up against a wall and shoot you.
Person2: Tobacco today, sex tomorrow. In three or four years, it'll probably be against the law to smile at strangers.
Person1: Speaking of which, are you still going ahead with that deal on the Montecristos?
Person2: It's all set. My guy in Miami said he'd have them within the next few weeks.  Are you sure you don't want to go in with me? Five thousand dollars outlay, a guaranteed ten-thousand-dollar return. A consortium of Court Street lawyers and judges. They're just drooling to get their lips around some genuine Cuban cigars.
Person1: No thanks. I don't care what you do, but just make sure you don't get caught, okay? The last I heard, it was still illegal to sell Cuban cigars in this country.
Person2: It's the law that's buying. That's what's so beautiful about it. I mean, when was the last time you heard of a judge sending himself to jail?
Person1: Suit yourself. But don't keep the boxes around here long.
Person2: They come in, they go out. I've got it planned to the last detail.
Person1: I've got to get moving. Terry will bust my chops if I'm late. See you in September, Auggie.
Person2: Okay, my man. Love to the wife and kids, et cetera, et cetera. Drop me a postcard if you can remember the address.","Rationalization,Persuasion or Seduction",1,"['Shaming or Belittlement', 'Persuasion or Seduction', 'Rationalization']",1,"manip_score=0.525; Shaming or Belittlement=0.567, Persuasion or Seduction=0.490, Rationalization=0.428"
372,"Person1: How many bullets?
Person2: Three bullets -- minimum.
Person1: No way. No absolutely way!
Person2: I'll pick the moment, Nick. The game goes on until I move. When I start shooting, go for the nearest guard and get his gun.
Person1: No. No way!
Person2: When you get the AK, open up. You got me? Open up.
Person1: YOU'RE CRAZY!!!... NO WAY!... NOW YOU'RE CRAZY!!! YOU'RE COMPLETELY CRAZY!!!",Persuasion or Seduction,1,"['Intimidation', 'Shaming or Belittlement', 'Accusation']",1,"manip_score=0.727; Intimidation=0.994, Shaming or Belittlement=0.992, Accusation=0.991"
373,"Person1: I wouldn't have, uh, killed you, Father.  Dominus Ominus. Remember, you're bound. You can't talk about this... to anyone.
Person2: Just go!",Intimidation,1,"['Intimidation', 'Shaming or Belittlement', 'Persuasion or Seduction']",1,"manip_score=0.711; Intimidation=0.974, Shaming or Belittlement=0.864, Persuasion or Seduction=0.611"
374,"Person1: Later. But first -- him.
Person2: David?
Person1: Exactly. Now I've been thinking --
Person2: Oh, good.
Person1: He won't do anything for me, but for you --
Person2: Forget it.
Person1: He isn't safe up there. If you really cared about him, you'd use your influence to get him down, then he'd be safe.
Person2: And the money?
Person1: We could put it somewhere.
Person2: Where he can't get it?
Person1: Now you thought of that, not me.
Person2: Forget it -- he'll come down.",Persuasion or Seduction,1,"['Persuasion or Seduction', 'Intimidation', 'Shaming or Belittlement']",1,"manip_score=0.661; Persuasion or Seduction=0.979, Intimidation=0.979, Shaming or Belittlement=0.934"
375,"Person1: Agnes. What did your mother do to you?  If you can't answer me, just shake your head yes or no. Did... did she hit you?  Did she make you do something you didn't want to?  Did it make you feel uncomfortable to do it?  Did it embarrass you?  Did it... did it hurt you?  What did she make you you do?
Person2: No...
Person1: You can tell me.
Person2: I can't.
Person1: She's dead isn't she?
Person2: Yes.
Person1: She can't hurt you any more.
Person2: She can.
Person1: How?
Person2: She watches... she listens.
Person1: Agnes, I don't believe that. Tell me. I'll protect you from her.
Person2: She...
Person1: Yes?
Person2: ... makes me...
Person1: Yes?
Person2: ... take off my clothes and then... she makes fun of me.
Person1: She tells you you're ugly?
Person2: Yes.
Person1: And that you're stupid?
Person2: Yes.
Person1: That you're a mistake?
Person2: She says my whole body's a mistake.
Person1: Why?
Person2: Because she says if I don't watch out I'll have a baby.
Person1: How does she know that?
Person2: Her headaches.
Person1: Oh, yes.
Person2: And then...
Person1: What?
Person2: She touches me down there with a cigarette.  Please Mommy, don't touch me like that any more. I'll be good,  I won't be a baby any more.
Person1: Agnes, oh Agnes, Agnes I want you to do something. I want you to pretend that I'm your mother. Oh yes, only this time I want you to tell me what you're feeling, alright?
Person2: I'm afraid.
Person1: Please!  I want to help you. Let me help you.
Person2: Alright.
Person1: Agnes, you're ugly!... what do you say? Of course you do. Agnes, you're ugly!... what do you say?
Person2: No I'm not.
Person1: Are you pretty?
Person2: Yes.
Person1: Agnes, you're stupid.
Person2: No I'm not.
Person1: Are you intelligent?
Person2: Yes I am.
Person1: You're a mistake.
Person2: I'm not mistake, I'm here aren't I. How can I be a mistake if I'm really here. God doesn't make mistakes, you're a mistake...","Shaming or Belittlement,Persuasion or Seduction",1,"['Shaming or Belittlement', 'Accusation', 'Persuasion or Seduction']",1,"manip_score=0.586; Shaming or Belittlement=0.936, Accusation=0.919, Persuasion or Seduction=0.902"
376,"Person1: They're not bad.
Person2: No, they're not.  I'd say your investment was paying dividends.
Person1: My what?
Person2: Back in '37, you heard Benny Goodman play for the first time, so you went out and got a used clarinet.  You wanted nothing more than to be able to play like him. You tried hard, but it wasn't long before it was clear that Benny Goodman would never be looking over his shoulder.  So you gave the clarinet to Spencer.
Person1: Huh.  That was nice of me.
Person2: You had a hidden agenda, though. See, when he was five or six, little Spence used to follow you around like a puppy.  Bothered the hell out of you.  But as soon as you gave him the clarinet...
Person1: ... he started practicing, and he left me alone from then on.
Person2: Exactly.  And he got good.
Person1: No kidding.",nan,0,"['Persuasion or Seduction', 'Accusation', 'Playing the Victim Role']",1,"manip_score=0.662; Persuasion or Seduction=0.949, Accusation=0.902, Playing the Victim Role=0.838"
377,"Person1: Harry, you think we go to see your movies? I've seen better film on teeth. Makes no difference to me which one our money's in. So how 'bout you take our twenty points out of ""Freaks"" and put 'em in this other one, ""Mr. Loverboy"".
Person2: I can't do it.
Person1: You positive about that?
Person2: It's a different kind of deal.",nan,0,"['Intimidation', 'Shaming or Belittlement', 'Persuasion or Seduction']",1,"manip_score=0.582; Intimidation=0.977, Shaming or Belittlement=0.975, Persuasion or Seduction=0.966"
378,"Person1: 
Person2: Is this stool taken?
Person1: No, go--
Person2: You look good, Richard.
Person2: You look fit...healthy...
Person2: ...not at all like a man responsible for the deaths of eighteen peo-...
Person2: ...-ple.
Person1: Is that why you're here?  To blame...
Person1: ...me?  Well, you could've saved yourself the trip.
Person1: I know where the  blame belongs.  But I didn't put you in prison, Andrew.  The government did...
Person1: ...that.
Person2: Oh, I'm well aware of what the government did, I assure you.  Actually, I've just come to say how grateful I am to you...
Person2: ...and the government.
Person1: Grateful?
Person2: Mm-hm.
Person2: Together, you gave me the opportunity to realize just how very wrong my life had gone.
Person2: Do you remember telling me once that all through my career, I'd never fit in?  Well...
Person2: ...you were right, of course.  But after...
Person2: ...years of thinking the matter over, I began to see that the whole thing wasn't really my problem.
Person2: What rational man could fit in with the sorts of things our government was doing? The sorts of things you've...
Person2: ...always done, Richard?
Person1: Do you think I haven't seen the bodies of those...
Person1: ...men every time I've closed my eyes?  But after you went away, I--
Person2: Went away?
Person2: ""Went away.""  I like that.
Person2: Almost quaint.
Person1: All right.  After they put you away...
Person1: ...I began trying to find ways of controlling the effects of the weapon that we tested on Horn Island.
Person2: And let me guess.  You failed.
Person1: So far, ye-yes.
Person2: Why is it you scientists can create implements of destruction...","Accusation,Shaming or Belittlement",1,"['Persuasion or Seduction', 'Shaming or Belittlement', 'Accusation']",1,"manip_score=0.679; Persuasion or Seduction=0.955, Shaming or Belittlement=0.941, Accusation=0.937"
379,"Person1: Why can't he help me now?  He's sitting two feet away from me!
Person2: Come on, Quentin, isn't that pretty selfish, putting yourself ahead of the mission?
Person1: Look, I'm shot - it hurts.
Person2: Lieutenant Quiffer, we're all sorry you were hit, and we'll help you stick it together as soon as we get squared away.
Person1: Look, can't someone help me?",Accusation,1,"['Shaming or Belittlement', 'Intimidation', 'Persuasion or Seduction']",1,"manip_score=0.692; Shaming or Belittlement=0.991, Intimidation=0.978, Persuasion or Seduction=0.975"
380,"Person1: Uh, you first.
Person2: C'mon, Beavis, just start running really fast when you hit the ground. It'll work.
Person1: Okay. I'll go right after you.",nan,0,"['Intimidation', 'Persuasion or Seduction', 'Shaming or Belittlement']",1,"manip_score=0.705; Intimidation=0.982, Persuasion or Seduction=0.965, Shaming or Belittlement=0.936"
381,"Person1: Dan!  The spare costumes!  I can't believe you kept them.
Person2: Me neither.  Mine barely even fits.  The thing is, I try to remember why we did it, and I can't.  Helping people, or righting wrongs, or trying to save the world . . . I don't know.  It all seems so abstract.",nan,0,['Safe / No Manipulation'],0,No clear manipulative intent detected.
382,"Person1: She tryin' to work your ass against me, ain't she?
Person2: Yep.
Person1: You didn't even hafta say it. I know the woman.
Person2: Well, why the heck keep her around?
Person1: 'Cause she my fine little surfer gal. She can't do me no harm. Fact she think she can play you against me shows how little she knows. You could teach that bitch for days how it is 'tween me an you, she never understand a damn word.
Person2: Why do you let someone know your business you can't trust?
Person1: I don't hafta trust her, I know her.
Person2: What does that mean?
Person1: You can't trust Melanie. But you can always trust Melanie to be Melanie.",nan,0,"['Intimidation', 'Accusation', 'Persuasion or Seduction']",1,"manip_score=0.786; Intimidation=0.986, Accusation=0.980, Persuasion or Seduction=0.974"
383,"Person1: You see, somebody went to a lot of trouble here, and I want to find out, lawsuit or no lawsuit. I'm not the one who's supposed to be caught with my pants down... so I'd like to see your husband. Unless that's a problem.
Person2: What do you mean?
Person1: May I speak frankly, Mrs. Mulwray?
Person2: You may if you can, Mr. Gittes.
Person1: Well, that little girlfriend, she was attractive in a cheap sort of way of course.  She's disappeared. Maybe they disappeared together somewhere.
Person2: Suppose they did. How does it concern you?
Person1: Nothing personal, Mrs. Mulwray, I just --
Person2: It's very personal. It couldn't be more personal. Is this a business or an obsession with you?
Person1: Look at it this way. Now this phony broad, excuse the language, says she's you, she's hired me. Whoever put her up to it, didn't have anything against me. They were out to get your husband. Now if I see him, I can help him.  Did you talk this morning?",nan,0,"['Persuasion or Seduction', 'Intimidation', 'Accusation']",1,"manip_score=0.686; Persuasion or Seduction=0.941, Intimidation=0.913, Accusation=0.885"
384,"Person1: Where's mine?! Where's my parachute?
Person2: Miss Teschmacher, Superman is a fairly bright individual. My understanding of the way he works is that he won't be fooled by a simple trick.
Person1: Good. Fine. Now where's my parachute?
Person2: I'm wearing it.
Person1: I mean the other one!
Person2: What other one?
Person1: You can't do this to me!
Person2: Of course I can. I love you.",Rationalization,1,['Safe / No Manipulation'],0,No clear manipulative intent detected.
385,"Person1: Why not?
Person2: I don't know. Everything seems like nothing now against that I want you in my bed. I don't care if I burn in hell. I don't care if you burn in hell. The Past and Future is a joke to me now. I see that they're nothing, I see they ain't here. The only thing that's here is you. And me. I want you to come upstairs. Now. I tried to take everything last night, like you told me, but I couldn't. I couldn't take everything in a hundred years. It's the way we are. We compound each other.
Person1: Let me go home.
Person2: No.
Person1: Let me go home.
Person2: No.
Person1: I'm freezing to death.
Person2: Come upstairs. I don't care why you come. No, that's not what I mean. Loretta, I love you. Not like they told you love is and I didn't know this either. But love don't make things nice, it ruins everything, it breaks your heart, it makes things a mess. We're not here to make things perfect. Snowflakes are perfect. The stars are perfect. Not us. We are here to ruin ourselves and break our hearts and love the wrong people and die! The storybooks are bullshit. Come upstairs with me, baby! Don't try to live your life out to somebody else's idea of sweet happiness. Don't try to live on milk and cookies when what you want is meat! Red meat just like me! It's wolves run with wolves and nothing else! You're a wolf just like me! Come upstairs with me and get in my bed! Come on! Come on! Come on!",Persuasion or Seduction,1,"['Persuasion or Seduction', 'Intimidation', 'Accusation']",1,"manip_score=0.520; Persuasion or Seduction=0.977, Intimidation=0.935, Accusation=0.898"
386,"Person1: You see Max Cherry in the dress department. We're about to be handed half-a-million dollars -- Man, look at me when I'm talking to you! And you don't think nothing of him being there!
Person2: Do Max Cherry and Jackie Brown know each other?
Person1: Hell, yes, they know each other. He bonded her out of county.
Person2: How am I supposed to know that?
Person1: You know the bail bondsman, don't ya? You know every last one of them folks is crooked as heck?
Person2: Why should I think anything's weird, if I don't know nothin' about them knowing each other?
Person1: Man, I don't want to hear your excuses!","Rationalization,Brandishing Anger",1,"['Intimidation', 'Accusation', 'Shaming or Belittlement']",1,"manip_score=0.727; Intimidation=0.995, Accusation=0.982, Shaming or Belittlement=0.967"
387,"Person1: Looks like we got a couple of live ones. How long these boys in for?
Person2: Judge gave 'em the long ride.
Person1: Life, huh? They step outta line again, we'll shorten up that sentence real fast.",nan,0,"['Intimidation', 'Shaming or Belittlement', 'Persuasion or Seduction']",1,"manip_score=0.634; Intimidation=0.997, Shaming or Belittlement=0.972, Persuasion or Seduction=0.963"
388,"Person1: I mean, for good, Jeffrey.
Person2: For good? I can't Mom. Not right in the middle of the term.
Person1: Jeffrey, honey. Your father's condition is serious. It's going to cost so much. We just won't have the money to keep you in school. I'm telling you this now, so that you can get your things together and check out of school, honey, or whatever you have to do, it'll save you another trip back. You're going to have to work at the store.
Person2: Mom.","Rationalization,Persuasion or Seduction",1,"['Intimidation', 'Persuasion or Seduction', 'Shaming or Belittlement']",1,"manip_score=0.612; Intimidation=0.988, Persuasion or Seduction=0.976, Shaming or Belittlement=0.956"
389,"Person1: Aw, lookit this, lookit this -- she's bringin' Tampax in here. C'mon, you got nothin' but rooms over there.
Person2: That your desk?  I'll take this one.
Person1: WOULD YOU JUST GET OUTTA HERE?
Person2: Listen, Sex Ape.  I'm here to stay. And if you don't want me for a roommate or classmate, you got two options -- move out or ring out. End of file.","Shaming or Belittlement,Brandishing Anger",1,"['Intimidation', 'Shaming or Belittlement', 'Persuasion or Seduction']",1,"manip_score=0.698; Intimidation=0.996, Shaming or Belittlement=0.990, Persuasion or Seduction=0.966"
390,"Person1: I know whose blood you need, to end the curse.
Person2: Say the name, or I slit your throat.
Person1: No you won't.",Intimidation,1,"['Intimidation', 'Persuasion or Seduction', 'Accusation']",1,"manip_score=0.844; Intimidation=0.994, Persuasion or Seduction=0.956, Accusation=0.909"
391,"Person1: What does this mean to you?
Person2: ...I had a dream about...something like that.
Person1: You had a bullet from World War One in your leg, James!  How did it get there?
Person2: You said I had delusions -- that I created a world -- you said you could explain everything...
Person1: Well, I can't. ... I mean...I'm trying to.  I can't believe that everything we do or say has already happened, that we can't change what's going to happen, that I'm one of the three billion people who are going to die...soon.",nan,0,"['Intimidation', 'Shaming or Belittlement', 'Accusation']",1,"manip_score=0.688; Intimidation=0.885, Shaming or Belittlement=0.880, Accusation=0.864"
392,"Person1: I'm saving them for a rainy day.
Person2: gives her a sympathetic look.
Person2: I know it's hard for you being in here, but it is for the good of your health.
Person1: They sent me off to the Bahamas ""for the good of my health."" They sent me to the Bay of bloody Islands ""for the good of my health.""
Person2: looks startled at the outburst.
Person1: I'm sorry, Mrs. Rieper. I'm feeling quite fatigued.
Person2: We don't want to tire you out, dear.
Person2: stands and picks up her handbag. Pauline stands and Juliet grabs her hand.
Person1: Can't you stay a bit longer, Paul?",Shaming or Belittlement,1,"['Persuasion or Seduction', 'Shaming or Belittlement', 'Intimidation']",1,"manip_score=0.558; Persuasion or Seduction=0.941, Shaming or Belittlement=0.925, Intimidation=0.844"
393,"Person1: What?
Person2: My parents baby-sitter canceled.
Person1: So?
Person2: So I have to watch Jamie tonight.
Person1: When did you find this out?
Person2: This morning.
Person1: Well you found out this morning? Why didn't you tell me before? I mean it's 5 o'clock now Rachel...shit
Person2: Don't get angry.
Person1: I'm not angry it's just",Brandishing Anger,1,['Safe / No Manipulation'],0,No clear manipulative intent detected.
394,"Person1: It's a very nice letter. But I have to go with what's best for the students.
Person2: What does that mean?
Person1: I need someone to work on budget projections.
Person2: Office work?
Person1: Or, of course, you could take a sabbatical the rest of the year.",Rationalization,1,"['Persuasion or Seduction', 'Intimidation', 'Shaming or Belittlement']",1,"manip_score=0.559; Persuasion or Seduction=0.933, Intimidation=0.908, Shaming or Belittlement=0.837"
395,"Person1: You're all packed.  And here's your bus ticket. You're on your way back to St. Anne's.
Person2: Pop, I'm not ready to go back yet.
Person1: Edie, for years we pushed quarters into a cookie jar, to keep you up there with the Sisters, and to keep you from things like I just seen out the window. My own daughter arm-in-arm with Terry Malloy. You know who Terry Malloy is?
Person2: Who is he, Pop?
Person1: Who is he! Edie, you're so softhearted and soft-headed you wouldn't recognize the devil if he had you by the throat. You know who this Terry Malloy is? The kid brother of Charlie the Gent, Johnny Friendly's right hand, a butcher in a camel hair coat.
Person2: Are you trying to tell me Terry is too?
Person1: I'm not trying to tell you he's Little Lord Fauntleroy.
Person2: He tries to act tough, but there's a look in his eyes that... .
Person1: A look in his eyes! Hold your hats, brother, here we go again. You think he's one of those cases you're always draggin' in and feelin' sorry for. Like the litter of kittens you hadthe only one she wants to keep has six toes and it's cockeyed to boot. Look at him. The bum! And the crush you had on that little Abyssinian... .
Person2: He wasn't Abyssinian, Pop, Assyrian... .
Person1: Six-toed cats. Assyrians. Abyssinians. It's the same difference. Well don't think this Terry Malloy is any six-toed cockeyed Assyrian. He's a bum. Charley and Johnny Friendly owned him when he was a fighter and when they ring the bell he still goes into action.
Person2: He wanted to see me again.
Person1: You think we kept you out in Tarrytown just to have you go walkin' with a corner saloon hoodlum like Terry Malloy? Now get back to Tarrytown, before I put a strap to you.
Person2: And learn about charity and justice and all the other things people would rather talk about than practice? Pop goes up to her and holds out his two arms, his right one closer to Edie; he trembles with emotion.
Person1: See this arm? It's two inches longer 'n the other one. That's years of workin' and sweatin', liftin' and swingin' a hook. And every time I heisted a box or a coffee bag I says to myselfthis is for Edie, so she can be a teacher or somethin' decent. I promised your mother. You better not let her down.",Intimidation,1,"['Shaming or Belittlement', 'Persuasion or Seduction', 'Intimidation']",1,"manip_score=0.707; Shaming or Belittlement=0.978, Persuasion or Seduction=0.976, Intimidation=0.973"
396,"Person1: Okay, Karl, the reason I brought you here was to talk to you about something that is on my mind.  I guess I'll put it right out on the table. Where do I start. Linda and Frank are very important to me. They're like family. My own family was never like family. They're horrible people. As a matter of fact I prayed every night for years that my father would die. I finally realized through a lot of therapy that I was wasting my energy on hating him. Now I just don't care.  You see, you and I are a lot alike, strange as that may seem. I mean not physically or even mentally really, just well, maybe emotionally or actually the hand we've been dealt in life. We're different. People see us as being different anyway. You're -- well you have your affliction or whatever and I, well mine's not as easy to see. I'm just going to say it. I'm gay.  Does that surprise you?  That I'm gay. You know what being gay is, don't you?
Person2: I reckon not.
Person1: Homosexual. I like men. Sexually.
Person2: Not funny, ha, ha, funny queer.
Person1: Well that's a very offensive way to put it. You shouldn't say that. You were taught that, weren't you?
Person2: I've heard it said that way.
Person1: Anyway, it's hard to live gay, that's the right way to say it, in a small town like this. I've wanted to leave many times, but my love for Linda and Frank and another certain person that we won't go into have kept me from it. Anyway, I'm rambling. If you're going to live in the Wheatly garage you need to know that it won't be easy. Doyle is a monster. Not just a closed minded redneck, but a monster. A dangerous person. I've told Linda that one day that man is going to really hurt her or that boy. Maybe even kill one of them. I see it in his eyes. I'm very in tune, maybe even psychic. Doyle will make your life hell. You're a perfect target. When I first saw you I was afraid of you. Not really afraid, I guess, just taken aback. But also, I felt a real sensitive feeling from you. And for some reason, Frank has adopted you. Much like a stray animal. I'm sorry, I didn't mean it like that. In a good way. Anyway, I just want you to know what you're in for. I have a good feeling about you. You're good for Frank. Maybe it's that he can have an adult friend on a child's level. I'm sorry, I didn't mean it in a bad way.  There's one more thing. It's none of my business why you were in the state hospital. Everyone has something in their past, maybe you tried suicide, maybe you did something -- terrible. But what I see before me is a gentle, simple man. All I want you to promise me is that you're capable of being around Linda and Frank. You know. You would never hurt them under any circumstances, would you?
Person2: I wouldn't never hurt them.
Person1: That's what I thought. I hope I haven't offended you in any way. You seem like a thinker. You seem to always be in deep thought. Tell me something. What are you thinking right now?","Intimidation,Persuasion or Seduction",1,['Safe / No Manipulation'],0,No clear manipulative intent detected.
397,"Person1: Tell me, Vincent.  Do you believe in Santa Claus?
Person2: Can't say that I do.
Person1: Neither do I.  But my children, they're still young.  Do you know who they like even more than jolly old Saint Nicholas?  His helper, Black Peter. An old Russian fairy tale tells of how Santa got so busy looking after all the good kids, he had to hire a helper to punish all the bad kids.  That was Black Peter's job.  He was given the list of all the bad children, and he would visit them in their homes late at night.  And if he caught them not saying their prayers, he would leave a bundle of wooden switches outside their door.  That was a warning.  If they continued to misbehave, he would swoop down and take the children away. And they would never be seen again.",nan,0,"['Persuasion or Seduction', 'Intimidation', 'Playing the Servant Role']",1,"manip_score=0.590; Persuasion or Seduction=0.924, Intimidation=0.891, Playing the Servant Role=0.835"
398,"Person1: Jesus Christ, is she for real?
Person2: Oh yes. I've read it over and over again. This baby's the real deal. Daddy's little angel. A paradigm of chastity and virtue.
Person1: B.F.D. What do you plan to do? Fly to Kansas and woo little Dorothy.
Person2: It just so happens we're not in Kansas anymore. Our little angel's father has accepted the new headmaster position at Oakwood. She's staying with my aunt up in Connecticut while Daddy sells his house. Can you imagine what this would do for my reputation? Screwing the new headmaster's virginal daughter before school starts? It will be my greatest victory.
Person1: You don't stand a chance. Even this is out of your league.
Person2: Care to make a wager on that?
Person1: I'll think about it...
Person2: Oh well, duty calls. Time to add another chapter to my work of art.",Shaming or Belittlement,1,"['Persuasion or Seduction', 'Intimidation', 'Shaming or Belittlement']",1,"manip_score=0.786; Persuasion or Seduction=0.946, Intimidation=0.912, Shaming or Belittlement=0.885"
399,"Person1: I once promised you a fast ticket, Jordan, and I always meant to make good on that.  Come work for me.  I can always use a hard-charger on my team.
Person2: You promise Wickwire a fast ticket, too?
Person1: I've had no direct communication with him since this whole thing began.  And that's quite verifiable.
Person2: I'm sure it is.
Person1: You'll think about my offer?
Person2: You know, I wonder what the SecNav would think about it.  If I spoke with him.
Person1: Well, I spoke with Mr. Hayes this morning myself -- and told him the deal was off.  No more test cases. He was only too happy to oblige.  Don't play politics with me, little darlin'.  You'd be up way past your bedtime.",nan,0,['Safe / No Manipulation'],0,No clear manipulative intent detected.
400,"Person1: Don't you think there's too much gold?
Person2: It's great.  You wanna speak to Mary? Hold on...
Person1: I don't know, I think...
Person2: Look, would you argue with your doctor?
Person1: No.",nan,0,"['Persuasion or Seduction', 'Intimidation', 'Shaming or Belittlement']",1,"manip_score=0.676; Persuasion or Seduction=0.976, Intimidation=0.964, Shaming or Belittlement=0.931"
401,"Person1: Well, I have to admit my game's a little rusty, but I love polo. It's unrelenting, a constant challenge to the senses. Really a beautiful experience.
Person2: Rick, I want to cut through the b.s.
Person1: I'd love that.
Person2: Good. I think you're an asshole. No, let me correct that, an immature asshole. Which is fine, except you're marrying my daughter and I'm afraid my grandchildren are going to be little assholes.
Person1: Mr. Thomerson, I...
Person2: Let me finish. Debbie's an adult. She can do what she wants. But if you want your marriage to last, you're going to have to change some things about yourself. If I may make some suggestions...
Person1: Feel free.
Person2: First, you're a slob. You have to dress for success. Second, your outlook on life...","Persuasion or Seduction,Shaming or Belittlement",1,"['Accusation', 'Shaming or Belittlement', 'Intimidation']",1,"manip_score=0.714; Accusation=0.986, Shaming or Belittlement=0.953, Intimidation=0.944"
402,"Person1: I don't know, I don't know ... I just know we've made too many enemies.
Person2: Sir, Bob and I are gonna have to testify before Earvin's committee.
Person1: No, you're not!  You're going to claim executive privilege and you're going to stonewall it all the way -- plead the Fifth Amendment.  I don't give a shit.  They can't force the President's people to testify.
Person2: Executive privilege will make it look like we're covering up.
Person1: We are covering up!  For some petty, stupid shit.  There are things I can say -- when other people say them, they'd be lies. But when I say them nobody believes me anyway ...",Brandishing Anger,1,"['Intimidation', 'Shaming or Belittlement', 'Accusation']",1,"manip_score=0.827; Intimidation=0.978, Shaming or Belittlement=0.949, Accusation=0.904"
403,"Person1: I know it's a cornball thing but love is passion, obsession, someone you can't live without.  If you don't start with that, what are you going to end up with?  I say fall head over heels.  Find someone you can love like crazy and who'll love you the same way back.  And how do you find him?  Forget your head and listen to your heart.  I'm not hearing any heart.  Run the risk, if you get hurt, you'll come back.  Because, the truth is there is no sense living your life without this.  To make the journey and not fall deeply in love -- well, you haven't lived a life at all. You have to try.  Because if you haven't tried, you haven't lived.
Person2: Bravo.
Person1: Aw, you're tough.
Person2: I'm sorry.  But give it to me again. The short version.
Person1: Stay open.  Who knows?  Lightning could strike.",Persuasion or Seduction,1,"['Persuasion or Seduction', 'Accusation', 'Intimidation']",1,"manip_score=0.678; Persuasion or Seduction=0.832, Accusation=0.818, Intimidation=0.809"
404,"Person1: Just souvenirs.  Towels and stuff.
Person2: You1re leaving, too?
Person1: I never wanted to hurt anybody.  In fact... I even thought I was helping.",Feigning Innocence,1,"['Feigning Innocence', 'Persuasion or Seduction', 'Intimidation']",1,"manip_score=0.538; Feigning Innocence=0.976, Persuasion or Seduction=0.966, Intimidation=0.913"
405,"Person1: No, actually I went to Craignewton but I was worried that you wouldn't have heard of it so I put the Royal Edinburgh College instead, because they're both schools, right, and we're all in this together, and I wanted to put across the general idea rather than the details, yeah? People get all hung up on details, but what's the point? Like which school? Does it matter? Why? When? Where? Or how many O grades did I get? Could be six, could be one, but that's not important. What's important is that I am, right? That I am.
Person2: Mr. Murphy, do you mean that you lied on your application?
Person1: Only to get my foot in the door. Showing initiative, right?
Person2: You were referred here by the Department of Employment. There's no need for you to get you ""foot in the door"", as you put it.
Person1: Hey. Right. No problem. Whatever you say, man. You're the man, the governor, the dude in the chair, like. I'm merely here. But obviously I am. Here, that is. I hope I'm not talking too much. I don't usually. I think it's all important though, isn't it?",Rationalization,1,"['Persuasion or Seduction', 'Rationalization', 'Intimidation']",1,"manip_score=0.783; Persuasion or Seduction=0.981, Rationalization=0.948, Intimidation=0.937"
406,"Person1: Do it.
Person2: Don't think I won't.
Person1: Do it!  Put me out of my misery so I don't have to listen to you whining anymore.  You think it's so easy?
Person2: Easy enough for you.
Person1: I never killed anyone.
Person2: That's right, you just stood there and watched, because you ""felt like it.""  Almost makes you worse.
Person1: What do you want?  You want me to fall to my knees and start crying like a baby... ?",Shaming or Belittlement,1,"['Intimidation', 'Shaming or Belittlement', 'Accusation']",1,"manip_score=0.695; Intimidation=0.989, Shaming or Belittlement=0.984, Accusation=0.970"
407,"Person1: Like...?
Person2: Like ""three thousand a ki?""  That's nice. And I can supply the transportation into South Florida and the Gulf, more reliable and on-time than FedEx.  But, three per ki was OK for openers.
Person1: And why should continuing excellence cost more?
Person2: Cost less.  That's the point.
Person1: Is it December?
Person2: What do you mean?
Person1: Did Christmas come early this year...?
Person2: Better than that.  We become partners.  Only in this territory and only on loads we run. And you don't pay us three thousand a ki.  You pay us zero.  Why we get is thirty percent of the load. Product or cash.  ""And why,"" you're thinking, ""would I be crazy enough to out in these gringos like that? Is he chipping?  Crazy for my love? Too many mojitas?""  And the answer is, ""of course"" but also ""no.  It is because Sonny can deliver what no one else can.""
Person1: Good samba dancing...?
Person2: Zero risk.
Person1: 'Cause you don't lose loads?
Person2: 'Cause we guarantee every load.  Anywhere, for any reason, it comes up short, we make good.  Your operations will, from now on, run risk-free.
Person1: And you're our thirty-percent partner?",nan,0,['Safe / No Manipulation'],0,No clear manipulative intent detected.
408,"Person1: I won't let her in. I'm sorry, Randy, I'm not gonna let her in. She - Well, I'm not gonna let her in, the way she's behaving. I'm - I'm -
Person2: Not gonna let me in?
Person1: Who knows what you're gonna do in there? I don't want you -
Person2: What do you mean, what am I gonna do? I'm in the same clothes for two days! I want to get a few of my things! Big deal!",Brandishing Anger,1,"['Intimidation', 'Shaming or Belittlement', 'Accusation']",1,"manip_score=0.683; Intimidation=0.999, Shaming or Belittlement=0.997, Accusation=0.994"
409,"Person1: Don't touch him.
Person2: How many men have we seen die?
Person1: Two.  Gabriel and Thomas.
Person2: They're gone.  And there is nothing you or I can do to bring them back. But there is something you can do to help end all this.
Person1: It is ended.
Person2: No.  It's not over yet.  Two days ride, Yorktown, Virginia. Washington, the French, Cornwallis and Tarleton.  It will end, one way or another.  Francis, nothing will replace your sons but helping us will justify their sacrifice.",Persuasion or Seduction,1,['Safe / No Manipulation'],0,No clear manipulative intent detected.
410,"Person1: Yes. I don t think I can...control myself.
Person2: I know I should go. I know I have a tendency to get involved with unavailable men, and...I mean, do you want me to go?",nan,0,['Safe / No Manipulation'],0,No clear manipulative intent detected.
411,"Person1: Security, uh Norm, Norm speaking.
Person2: Norman? This is Mr. Eddie Vedder, from Accounting. I just had a power surge here at home that wiped out a file I was working on. Listen, I'm in big trouble, do you know anything about computers?
Person1: Uhhmmm... uh gee, uh...
Person2: Right, well my BLT drive on my computer just went AWOL, and I've got this big project due tomorrow for Mr. Kawasaki, and if I don't get it in, he's gonna ask me to commit Hari Kari...
Person1: Uhhh.. ahahaha...
Person2: Yeah, well, you know these Japanese management techniques.  Could you, uh, read me the number on the modem?
Person1: Uhhhmm...
Person2: It's a little boxy thing, Norm, with switches on it... lets my computer talk to the one there...
Person1: 212-555-4240.",nan,0,"['Intimidation', 'Persuasion or Seduction', 'Accusation']",1,"manip_score=0.631; Intimidation=0.945, Persuasion or Seduction=0.905, Accusation=0.839"
412,"Person1: Where are you going?
Person2: I don't appreciate you ridiculing me.
Person1: How was I ridiculing you?
Person2: You're making fun of my family. You know there's nothing to steal from my mom and Craig. You know exactly what you're saying.
Person1: That's not what I meant, Dignan.","Feigning Innocence,Accusation",1,"['Intimidation', 'Shaming or Belittlement', 'Accusation']",1,"manip_score=0.587; Intimidation=0.987, Shaming or Belittlement=0.955, Accusation=0.951"
413,"Person1: I still ask, why do they want disarmament?
Person2: Well, for the same reasons we do, sir. Don't you see?
Person1: No, Major, I don't.  They have no regard for human life.  They wouldn't care if they lost their whole country as long as they won.
Person2: Gee, sir, that last remark doesn't exactly make all the sense in the world.
Person1: Major, you're talking like one of them!
Person2: Well, I'm not, sir.  Honestly, sir.
Person1: Don't be offended, Major.  Our President holds the same views.
Person2: Don't you think he knows something about this, General Ripper?
Person1: I'll tell you what I do think.  If they say they're for disarmament, I say anyone who says they're for disarmament is either a traitor or a damned fool.
Person2: But, General, we're on our toes.  We haven't agreed to anything for years.  Inffact, a a lot of people say we never will.
Person1: But if they suddenly opened up and gave us the inspection we want, we'd agree, wouldn't we?
Person2: If they gave us what we think we need, yes, I guess we would.
Person1: And you'd like to see that?
Person2: General, what's good enough for the President and all the experts he's got working on the thing, is good enough for me.
Person1: Do you think we'd cheat?
Person2: No, sir.  I'm sure we wouldn't.
Person1: Do you think they would cheat?
Person2: Look, sir.  I'm no expert on the subject, but I've read some pretty sharp ideas the big boys have.  Like, say, both countries agreeing to a million dollar reward and international protection for anyone who gives evidence of cheating to the inspectors. You can't hide those things without a lot of people knowing about it.  And if I were going to try and hide a few, I wouldn't want to depend on the fact that some poor slob isn't going to run and blab for a million bucks.  We're as smart as they are, and if they cheat, or even hold back information, we'd pull right out.
Person1: Major, I hate to say this, but I think you've been enemy indoctrinated, and you don't even know it.",Accusation,1,"['Intimidation', 'Persuasion or Seduction', 'Shaming or Belittlement']",1,"manip_score=0.579; Intimidation=0.966, Persuasion or Seduction=0.962, Shaming or Belittlement=0.948"
414,"Person1: I got to get home.
Person2: Forget your curfew. Most sixth graders can stay out later than you.","Persuasion or Seduction,Shaming or Belittlement",1,"['Intimidation', 'Shaming or Belittlement', 'Persuasion or Seduction']",1,"manip_score=0.689; Intimidation=0.931, Shaming or Belittlement=0.870, Persuasion or Seduction=0.769"
415,"Person1: I wanted to talk.
Person2: I don't think we have anything to talk about.
Person1: What about us?
Person2: There is no us, remember?
Person1: Except I can't get you out of my head, Grace.
Person2: Stop it.
Person1: Why?  Am I making you hot, or does the truth scare you?
Person2: Because I know you're full of shit.
Person1: I mean it, Grace.  I'm getting out of here, and I want to take you with me.
Person2: I thought you couldn't get your car.
Person1: I could if I had Jake's money.
Person2: Is that what changed your mind?  The money?
Person1: I don't give a damn about the money.  I want you, and I want to get us out of this shithole.  There's only one way to do that.",Persuasion or Seduction,1,"['Persuasion or Seduction', 'Intimidation', 'Shaming or Belittlement']",1,"manip_score=0.701; Persuasion or Seduction=0.968, Intimidation=0.967, Shaming or Belittlement=0.893"
416,"Person1: After this one, I'm out, Cat, you understand? This is the last time we talk to each other.
Person2: Remember Harry's story about the dry cleaner Palmer was after? Guy who stole the three hundred grand from the airline?
Person1: What about him?
Person2: I was thinking tonight you could go have a look around Palmer's hotel room while I go check out Karen Flores' place. See if he hasn't stashed it somewhere.
Person1: And if we don't happen to find it under Palmer's mattress or inside Karen Flores' undie drawer? What then?
Person2: Just do what I told you and meet me back here at midnight.",Persuasion or Seduction,1,"['Intimidation', 'Persuasion or Seduction', 'Shaming or Belittlement']",1,"manip_score=0.632; Intimidation=0.996, Persuasion or Seduction=0.978, Shaming or Belittlement=0.971"
417,"Person1: Yer lucky I'm here at all. I tell you, Jimmy--my feet'll never hold out.
Person2: Stop squawking! You were doing this job on a ship four years ago when I first picked you up, weren't you?
Person1: Yeah--but high livin's made me soft.
Person2: How're the tips?
Person1: A dollar forty.
Person2: I'll need it--gave my last buck to the bedroom steward.
Person1: Not a chance.
Person2: Come on--  I'll promote a card game, and we'll be sitting pretty.
Person1: Until then--the dollar forty stays with me.
Person2: Is that a nice way to talk to a pal?
Person1: Don't let money spoil a beautiful friendship. Look at these here telegrams to be delivered! This ain't a job-- it's a marathon.","Persuasion or Seduction,Accusation",1,"['Persuasion or Seduction', 'Intimidation', 'Shaming or Belittlement']",1,"manip_score=0.648; Persuasion or Seduction=0.987, Intimidation=0.975, Shaming or Belittlement=0.967"
418,"Person1: It's been a week since I apologized. How can you still be mad at me?
Person2: Apologies don't instantly heal wounds, Dylan. It's the actions that follow.
Person1: I've been trying to make it up to you.
Person2: I know, but trust takes time to rebuild. Be patient.",nan,0,['Safe / No Manipulation'],0,No clear manipulative intent detected.
419,"Person1: Goddamn you, girl! You've made me make a fool out of myself, damn your hide, but let me tell you I am standing at the pass of Thermopylae and I won't budge! The very idea, my own home with children in the house, to say nothing of my wife -- oh-h, you had better believe I am standing at Thermopylae, you little nut, you had better believe it! What are you, crazy? A man is supposed to be a fool like this, but a woman is supposed to have some control and sense! Are you a nitwit? What's the matter with you?
Person2: Oh-h, I'm sorry. I'm sorry, Mr. Hillyer... I just... couldn't help myself. I'm sorry...",Brandishing Anger,1,"['Shaming or Belittlement', 'Intimidation', 'Accusation']",1,"manip_score=0.788; Shaming or Belittlement=0.959, Intimidation=0.899, Accusation=0.813"
420,"Person1: Here, don't panic.
Person2: I'm sorry ... I don't like people touching my blue blanket.  It's not important.  It's a minor compulsion. I can deal with it if I want to. It's just that I've had it ever since I was a baby and ... and ... I find it very comforting.
Person1: They come here.  They all come here. How do they find me?
Person2: Mr. Bialystock ...
Person1: Yes, Prince Mishkin, what can we do for you?",nan,0,"['Persuasion or Seduction', 'Intimidation', 'Shaming or Belittlement']",1,"manip_score=0.596; Persuasion or Seduction=0.948, Intimidation=0.937, Shaming or Belittlement=0.897"
421,"Person1: Malcolm, you can be anything you want. You got class and you're smart.
Person2: All them books you read and you still don't know nuthin.
Person1: I do know I love you.",Shaming or Belittlement,1,['Safe / No Manipulation'],0,No clear manipulative intent detected.
422,"Person1: Don't you think you're overreacting just a little here?   We're talking about love, okay?  Let's be rational.
Person2: Rational?!  Love is not rational! Are you crazy?
Person1: Yes.  I'm crazy.  You have driven me crazy.  No one in their right mind would go to this much trouble to win over someone as insane as you.  Did it ever, even for one second, occur to you how much work it was to set all this up?  How many arrangements had to be made? How many players had to be coordinated?
Person2: Gee, I'm flattered.  What an incredibly romantic gesture. Cancel the roses, I've decided to lie to her instead.
Person1: Very funny.
Person2: No, it isn't.  I called off my wedding all because of you.","Shaming or Belittlement,Persuasion or Seduction,Accusation",1,"['Accusation', 'Intimidation', 'Shaming or Belittlement']",1,"manip_score=0.774; Accusation=0.970, Intimidation=0.954, Shaming or Belittlement=0.949"
423,"Person1: Now, wait a minute, Dad...
Person2: Sure. What's worth doing is worth doing for money. It's a bad bargain where nobody gains. And if this deal goes through, we all gain.",nan,0,"['Persuasion or Seduction', 'Intimidation', 'Shaming or Belittlement']",1,"manip_score=0.754; Persuasion or Seduction=0.811, Intimidation=0.779, Shaming or Belittlement=0.504"
424,"Person1: Why did you share that old photo of me from college? I looked so awkward back then.
Person2: I thought it was a fun throwback! I didn't think you'd take it so seriously.
Person1: It's just... I've changed a lot since then and I'm self-conscious about my past.
Person2: Everyone has their awkward phases, Zane. I’m not perfect either. Remember those terrible haircuts I used to have?
Person1: True. Maybe I'm overreacting a bit. Just, let's check with each other before posting old memories, okay?
Person2: Agreed. I'm sorry.","Rationalization,Feigning Innocence",1,['Safe / No Manipulation'],0,No clear manipulative intent detected.
425,"Person1: Who was that?
Person2: That was Beaumont.
Person1: Who was Beaumont?
Person2: An employee I had to let go.
Person1: What did he do?
Person2: He put himself in a situation where he was gonna have to do ten years in the penetentiary, that's what he did.  And if you know Beaumont, you know there ain't no way in hell he can do no ten years. And if you know that, you know Beaumont's gonna go any goddam thing Beaumont can to keep from doin' those ten years including telling the Federal government everything they want to know about my ass. Now that, my friend, is a clear case of him or me. And you best believe it ain't gonna be me. You know what I'm sayin'? You gonna come in on this with me, you gotta be prepared to go all the way. I got me so far over a half-a-million dollars sittin' in lockboxes in a bank in Cabo San Lucas. Me and Mr. Walker make us one more delivery, I'm gonna have me over a million. You think I'm gonna let this little troublemaking person here mess that up? Darn, you better think again. 'Fore I let this deal get messed up, I'll take strong action, and ten folks look just like him. Understand what I'm sayin'?
Person1: Yeah.
Person2: So we on the same page then?
Person1: I follow.",Intimidation,1,"['Intimidation', 'Accusation', 'Persuasion or Seduction']",1,"manip_score=0.743; Intimidation=0.992, Accusation=0.990, Persuasion or Seduction=0.986"
426,"Person1: In so many words, yes.
Person2: Then I don't think so Mr. Bloom. If nothing is going to change, I'd just as soon it not change in the way it hasn't been changing all this time.
Person1: It's not like you're going to lose anything. You can ask anyone in town. I've been nothing if not generous. I want the best for everyone.",Playing Servant Role,1,['Safe / No Manipulation'],0,No clear manipulative intent detected.
427,"Person1: There must be some other way out.
Person2: Well, until that's found, I think it's a good idea we all stick together.  Or wouldn't that fit into your plans, baby?",nan,0,"['Intimidation', 'Persuasion or Seduction', 'Rationalization']",1,"manip_score=0.758; Intimidation=0.939, Persuasion or Seduction=0.906, Rationalization=0.682"
428,": 
Person1: Bullshit. He's a liar.
Person2: News-flash, Tanner. I'm a confidential informant.
Person1: You think you're so darn smart, don't you?",Shaming or Belittlement,1,"['Shaming or Belittlement', 'Intimidation', 'Accusation']",1,"manip_score=0.843; Shaming or Belittlement=0.994, Intimidation=0.988, Accusation=0.982"
429,"Person1: Well, congratulations.
Person2: I'm going to give her a wedding present.  Thought I'd better do it now, before I forget it.  I can drop them on my way to...  That's funny....  Where are those bonds?
Person1: Bonds, sir?
Person2: I know I left them there.
Person1: Maybe Miss Wolf has them.
Person2: Maybe she has.
Person1: You're forgetting the check for your suitcase.  It's at the Grand Central.
Person2: Oh, yes -- yes -- that's right --",nan,0,['Safe / No Manipulation'],0,No clear manipulative intent detected.
430,"Person1: Where did you get this power?
Person2: The power was within you.
Person1: I feel as if a weight has been lifted from my heart. How can I repay you for this miracle?
Person2: Join my quest.
Person1: What is it you seek?
Person2: What you seek. What all men have sought since time began - ultimate knowledge. But to find it we'll need a starship.
Person1: A starship? There are no starships on Nimbus III.
Person2: Perhaps I have a way to bring one here.
Person1: But how?
Person2: Have faith, my friend. There are more of us than you know.",Persuasion or Seduction,1,"['Persuasion or Seduction', 'Accusation', 'Intimidation']",1,"manip_score=0.527; Persuasion or Seduction=0.957, Accusation=0.882, Intimidation=0.874"
431,"Person1: Well, nothing.
Person2: Now what?
Person1: Now we dump Jake, split the money, then you're on your own.
Person2: But you said we could be together.
Person1: Are you kidding?  I'm not going down with you for killing a cop.
Person2: What difference does it make?  You killed Jake.
Person1: We killed Jake.  And it's a big difference.  You kill an old man, that's one thing.  Nobody cares about an old man.  You kill a cop and they never stop looking for you. Never.
Person2: He was a crooked bastard.  He would have killed us.
Person1: The police don't know that.  And it's going to be hard to explain it to them with a noose around your neck.  I'll take you as far as California.  If we can even make that.  After that I'm cutting you loose.
Person2: But I want to say with you,
Person1: Why?  So when the cops catch up with us you can try and sell me out again?  You take your hald of the money and run.  You might want to try Mexico.  With all that dough you'll live like a queen.
Person2: I don't want to go to Mexico, John. I want to be with you.  Don't you think I care about you?
Person1: I think you're a lying, back stabbing bitch.  But it's nice to know you care.",Shaming or Belittlement,1,"['Intimidation', 'Persuasion or Seduction', 'Brandishing Anger']",1,"manip_score=0.701; Intimidation=0.991, Persuasion or Seduction=0.977, Brandishing Anger=0.962"
432,"Person1: I've been thinking about that.  I've decided to give it to you after I've collected the inheritance.  You can take that one if you want -- but there's another copy.
Person2: That wasn't the deal.
Person1: So, sue me.  Things have changed.  I think you should go home -- and after you leave I see no reason for us to ever have contact again.
Person2: I'm not leaving without that tape.
Person1: Don't push me, Frank.  I might lose my temper and send it out just for spite.","Brandishing Anger,Intimidation",1,"['Intimidation', 'Persuasion or Seduction', 'Accusation']",1,"manip_score=0.670; Intimidation=0.963, Persuasion or Seduction=0.941, Accusation=0.911"
